-1.9998605 1.0000000 0.0797130 1.0000000
-1.9996514 1.0000000 0.0099263 1.0000000
-1.9994833 1.0000000 0.0155050 1.0000000
-1.9992918 1.0000000 0.0000000 1.0000000
-1.9985134 1.0000000 0.0723523 1.0000000
-1.9962951 1.0000000 0.0000000 1.0000000
-1.9954751 1.0000000 0.0000000 1.0000000
-1.9950558 1.0000000 0.0000000 1.0000000
-1.9946028 1.0000000 0.0412191 1.0000000
-1.9938369 1.0000000 0.0944147 1.0000000
-1.9930857 1.0000000 0.0000000 1.0000000
-1.9930502 1.0000000 0.1690888 1.0000000
-1.9918589 1.0000000 0.0000000 1.0000000
-1.9914651 1.0000000 0.0000000 1.0000000
-1.9901616 1.0000000 0.0066132 1.0000000
-1.9889520 1.0000000 0.0542544 1.0000000
-1.9881534 1.0000000 0.0000000 1.0000000
-1.9875782 1.0000000 0.0725319 1.0000000
-1.9868289 1.0000000 0.0000000 1.0000000
-1.9864591 1.0000000 0.0647244 1.0000000
-1.9857229 1.0000000 0.0000000 1.0000000
-1.9848006 1.0000000 0.0000000 1.0000000
-1.9841991 1.0000000 0.1936014 1.0000000
-1.9841191 1.0000000 0.0000000 1.0000000
-1.9835014 1.0000000 0.0725713 1.0000000
-1.9827323 1.0000000 0.0157412 1.0000000
-1.9824359 1.0000000 0.3175307 1.0000000
-1.9823981 1.0000000 0.1955702 1.0000000
-1.9821673 1.0000000 0.0000000 1.0000000
-1.9813322 1.0000000 0.0000000 1.0000000
-1.9805590 1.0000000 0.0893767 1.0000000
-1.9803272 1.0000000 0.0000000 1.0000000
-1.9797746 1.0000000 0.0000000 1.0000000
-1.9789565 1.0000000 0.1187264 1.0000000
-1.9788690 1.0000000 0.0540517 1.0000000
-1.9786058 1.0000000 0.1317662 1.0000000
-1.9783536 1.0000000 0.0088881 1.0000000
-1.9781171 1.0000000 0.1020991 1.0000000
-1.9753762 1.0000000 0.1097723 1.0000000
-1.9750108 1.0000000 0.0077154 1.0000000
-1.9746926 1.0000000 0.0000000 1.0000000
-1.9743291 1.0000000 0.0007947 1.0000000
-1.9735443 1.0000000 0.0537866 1.0000000
-1.9732067 1.0000000 0.0640839 1.0000000
-1.9729684 1.0000000 0.0000000 1.0000000
-1.9728554 1.0000000 0.0509341 1.0000000
-1.9724535 1.0000000 0.0034561 1.0000000
-1.9717077 1.0000000 0.0000000 1.0000000
-1.9715273 1.0000000 0.0858683 1.0000000
-1.9708599 1.0000000 0.1303602 1.0000000
-1.9706515 1.0000000 0.0000000 1.0000000
-1.9705250 1.0000000 0.1727388 1.0000000
-1.9699063 1.0000000 0.0054671 1.0000000
-1.9696342 1.0000000 0.0000000 1.0000000
-1.9692502 1.0000000 0.1304357 1.0000000
-1.9687451 1.0000000 0.1086994 1.0000000
-1.9683449 1.0000000 0.0598339 1.0000000
-1.9676025 1.0000000 0.1849800 1.0000000
-1.9669895 1.0000000 0.1068491 1.0000000
-1.9663663 1.0000000 0.0069591 1.0000000
-1.9653039 1.0000000 0.0000000 1.0000000
-1.9651409 1.0000000 0.0000000 1.0000000
-1.9649807 1.0000000 0.0000000 1.0000000
-1.9644973 1.0000000 0.2040759 1.0000000
-1.9644234 1.0000000 0.0000000 1.0000000
-1.9643677 1.0000000 0.0029686 1.0000000
-1.9643315 1.0000000 0.1489678 1.0000000
-1.9643277 1.0000000 0.0840602 1.0000000
-1.9642594 1.0000000 0.0000000 1.0000000
-1.9633147 1.0000000 0.0000000 1.0000000
-1.9632295 1.0000000 0.0000000 1.0000000
-1.9625142 1.0000000 0.1090991 1.0000000
-1.9618473 1.0000000 0.1685132 1.0000000
-1.9610059 1.0000000 0.1235349 1.0000000
-1.9608189 1.0000000 0.0998635 1.0000000
-1.9606704 1.0000000 0.0079060 1.0000000
-1.9594919 1.0000000 0.0650463 1.0000000
-1.9591251 1.0000000 0.0674267 1.0000000
-1.9587239 1.0000000 0.0314871 1.0000000
-1.9581316 1.0000000 0.0752438 1.0000000
-1.9579672 1.0000000 0.0000000 1.0000000
-1.9575652 1.0000000 0.0383848 1.0000000
-1.9574690 1.0000000 0.0671053 1.0000000
-1.9571278 1.0000000 0.0000000 1.0000000
-1.9570646 1.0000000 0.0707239 1.0000000
-1.9561426 1.0000000 0.0549836 1.0000000
-1.9557020 1.0000000 0.1110457 1.0000000
-1.9554833 1.0000000 0.0206309 1.0000000
-1.9554367 1.0000000 0.0616117 1.0000000
-1.9554264 1.0000000 0.0000000 1.0000000
-1.9549894 1.0000000 0.0000000 1.0000000
-1.9548711 1.0000000 0.1464091 1.0000000
-1.9546768 1.0000000 0.0203226 1.0000000
-1.9541461 1.0000000 0.1856234 1.0000000
-1.9541348 1.0000000 0.0000000 1.0000000
-1.9528549 1.0000000 0.0000000 1.0000000
-1.9517884 1.0000000 0.1988766 1.0000000
-1.9514574 1.0000000 0.0129492 1.0000000
-1.9512721 1.0000000 0.0000000 1.0000000
-1.9508357 1.0000000 0.0000000 1.0000000
-1.9505170 1.0000000 0.0000000 1.0000000
-1.9505036 1.0000000 0.2860682 1.0000000
-1.9502187 1.0000000 0.0497205 1.0000000
-1.9498997 1.0000000 0.2061729 1.0000000
-1.9480918 1.0000000 0.0000000 1.0000000
-1.9473699 1.0000000 0.0000000 1.0000000
-1.9463418 1.0000000 0.2213912 1.0000000
-1.9453397 1.0000000 0.0311390 1.0000000
-1.9444463 1.0000000 0.0983175 1.0000000
-1.9432100 1.0000000 0.0000000 1.0000000
-1.9430340 1.0000000 0.1058501 1.0000000
-1.9427082 1.0000000 0.2436403 1.0000000
-1.9421385 1.0000000 0.0645003 1.0000000
-1.9396417 1.0000000 0.0344565 1.0000000
-1.9395291 1.0000000 0.0000000 1.0000000
-1.9390999 1.0000000 0.2381664 1.0000000
-1.9389634 1.0000000 0.0893515 1.0000000
-1.9343907 1.0000000 0.0307203 1.0000000
-1.9331190 1.0000000 0.0451720 1.0000000
-1.9329188 1.0000000 0.1421728 1.0000000
-1.9329129 1.0000000 0.0891172 1.0000000
-1.9327517 1.0000000 0.2360783 1.0000000
-1.9322034 1.0000000 0.0000000 1.0000000
-1.9314748 1.0000000 0.1735439 1.0000000
-1.9299727 1.0000000 0.1476305 1.0000000
-1.9298526 1.0000000 0.0994340 1.0000000
-1.9293266 1.0000000 0.0000000 1.0000000
-1.9292567 1.0000000 0.1081302 1.0000000
-1.9283468 1.0000000 0.1862583 1.0000000
-1.9274086 1.0000000 0.0000000 1.0000000
-1.9272770 1.0000000 0.1024589 1.0000000
-1.9272300 1.0000000 0.0856500 1.0000000
-1.9267391 1.0000000 0.0000000 1.0000000
-1.9266010 1.0000000 0.1306571 1.0000000
-1.9263800 1.0000000 0.1150182 1.0000000
-1.9255062 1.0000000 0.1503037 1.0000000
-1.9254660 1.0000000 0.1243046 1.0000000
-1.9254613 1.0000000 0.1208540 1.0000000
-1.9251889 1.0000000 0.0000000 1.0000000
-1.9246456 1.0000000 0.1002054 1.0000000
-1.9225605 1.0000000 0.1095773 1.0000000
-1.9222110 1.0000000 0.0105686 1.0000000
-1.9219160 1.0000000 0.0914593 1.0000000
-1.9216301 1.0000000 0.1357567 1.0000000
-1.9215211 1.0000000 0.0332417 1.0000000
-1.9212533 1.0000000 0.1029599 1.0000000
-1.9204278 1.0000000 0.0000000 1.0000000
-1.9193284 1.0000000 0.0289558 1.0000000
-1.9189498 1.0000000 0.0000000 1.0000000
-1.9180819 1.0000000 0.0914207 1.0000000
-1.9180465 1.0000000 0.0000000 1.0000000
-1.9178513 1.0000000 0.0332183 1.0000000
-1.9164701 1.0000000 0.0770068 1.0000000
-1.9158907 1.0000000 0.0000000 1.0000000
-1.9156875 1.0000000 0.0414207 1.0000000
-1.9148928 1.0000000 0.0527363 1.0000000
-1.9145412 1.0000000 0.2860307 1.0000000
-1.9134621 1.0000000 0.0140103 1.0000000
-1.9115960 1.0000000 0.0000000 1.0000000
-1.9114878 1.0000000 0.2641491 1.0000000
-1.9107635 1.0000000 0.0784322 1.0000000
-1.9106096 1.0000000 0.0000000 1.0000000
-1.9069597 1.0000000 0.0000000 1.0000000
-1.9065695 1.0000000 0.2017755 1.0000000
-1.9057299 1.0000000 0.1520646 1.0000000
-1.9027427 1.0000000 0.1843012 1.0000000
-1.9017091 1.0000000 0.0964657 1.0000000
-1.9009054 1.0000000 0.1132862 1.0000000
-1.9007410 1.0000000 0.1754483 1.0000000
-1.9006285 1.0000000 0.1310834 1.0000000
-1.9004210 1.0000000 0.0000000 1.0000000
-1.8996625 1.0000000 0.1643617 1.0000000
-1.8994750 1.0000000 0.1493665 1.0000000
-1.8994372 1.0000000 0.1443852 1.0000000
-1.8988128 1.0000000 0.1787965 1.0000000
-1.8979081 1.0000000 0.0000000 1.0000000
-1.8976321 1.0000000 0.0567078 1.0000000
-1.8966382 1.0000000 0.0749513 1.0000000
-1.8962086 1.0000000 0.0926104 1.0000000
-1.8959854 1.0000000 0.1619806 1.0000000
-1.8959231 1.0000000 0.0493584 1.0000000
-1.8949926 1.0000000 0.1348146 1.0000000
-1.8948251 1.0000000 0.1639527 1.0000000
-1.8942907 1.0000000 0.1462220 1.0000000
-1.8931262 1.0000000 0.3178716 1.0000000
-1.8928248 1.0000000 0.0000000 1.0000000
-1.8924040 1.0000000 0.0426071 1.0000000
-1.8922262 1.0000000 0.2248617 1.0000000
-1.8909129 1.0000000 0.0993630 1.0000000
-1.8902961 1.0000000 0.0969402 1.0000000
-1.8892864 1.0000000 0.1709183 1.0000000
-1.8886130 1.0000000 0.0000000 1.0000000
-1.8874517 1.0000000 0.2277692 1.0000000
-1.8873618 1.0000000 0.1007023 1.0000000
-1.8866365 1.0000000 0.1320276 1.0000000
-1.8858092 1.0000000 0.1610084 1.0000000
-1.8852253 1.0000000 0.0000000 1.0000000
-1.8846398 1.0000000 0.1423787 1.0000000
-1.8837010 1.0000000 0.0000000 1.0000000
-1.8834597 1.0000000 0.1816455 1.0000000
-1.8831210 1.0000000 0.1726477 1.0000000
-1.8828570 1.0000000 0.0313319 1.0000000
-1.8819847 1.0000000 0.1862668 1.0000000
-1.8818524 1.0000000 0.1540843 1.0000000
-1.8816946 1.0000000 0.0275974 1.0000000
-1.8816316 1.0000000 0.1984023 1.0000000
-1.8814982 1.0000000 0.2743944 1.0000000
-1.8812412 1.0000000 0.0381542 1.0000000
-1.8810277 1.0000000 0.1664122 1.0000000
-1.8809607 1.0000000 0.0419526 1.0000000
-1.8805492 1.0000000 0.0310947 1.0000000
-1.8799766 1.0000000 0.0399224 1.0000000
-1.8795550 1.0000000 0.1265514 1.0000000
-1.8786941 1.0000000 0.0317322 1.0000000
-1.8783739 1.0000000 0.3406078 1.0000000
-1.8778178 1.0000000 0.0627425 1.0000000
-1.8773935 1.0000000 0.1347811 1.0000000
-1.8770511 1.0000000 0.0467109 1.0000000
-1.8755856 1.0000000 0.1960199 1.0000000
-1.8751957 1.0000000 0.1358299 1.0000000
-1.8750003 1.0000000 0.2257667 1.0000000
-1.8747318 1.0000000 0.1612450 1.0000000
-1.8742526 1.0000000 0.1372029 1.0000000
-1.8740508 1.0000000 0.1281557 1.0000000
-1.8731057 1.0000000 0.1376274 1.0000000
-1.8727602 1.0000000 0.2216828 1.0000000
-1.8715865 1.0000000 0.0000000 1.0000000
-1.8715100 1.0000000 0.1086767 1.0000000
-1.8708621 1.0000000 0.1524744 1.0000000
-1.8696132 1.0000000 0.0224679 1.0000000
-1.8695539 1.0000000 0.2333473 1.0000000
-1.8694906 1.0000000 0.1394067 1.0000000
-1.8683569 1.0000000 0.2231034 1.0000000
-1.8682999 1.0000000 0.1455111 1.0000000
-1.8682243 1.0000000 0.2262978 1.0000000
-1.8675884 1.0000000 0.1075938 1.0000000
-1.8664871 1.0000000 0.2757673 1.0000000
-1.8661118 1.0000000 0.2602117 1.0000000
-1.8658048 1.0000000 0.0611135 1.0000000
-1.8654908 1.0000000 0.1659079 1.0000000
-1.8648530 1.0000000 0.1149428 1.0000000
-1.8647836 1.0000000 0.0000000 1.0000000
-1.8642314 1.0000000 0.0000000 1.0000000
-1.8634391 1.0000000 0.0754192 1.0000000
-1.8623538 1.0000000 0.0776332 1.0000000
-1.8617644 1.0000000 0.2751882 1.0000000
-1.8616554 1.0000000 0.2205981 1.0000000
-1.8615785 1.0000000 0.1301762 1.0000000
-1.8601547 1.0000000 0.0371015 1.0000000
-1.8589521 1.0000000 0.1248282 1.0000000
-1.8585487 1.0000000 0.1872897 1.0000000
-1.8580623 1.0000000 0.3249141 1.0000000
-1.8580549 1.0000000 0.1630187 1.0000000
-1.8578619 1.0000000 0.0648539 1.0000000
-1.8565287 1.0000000 0.0700224 1.0000000
-1.8553995 1.0000000 0.0440045 1.0000000
-1.8550091 1.0000000 0.1798048 1.0000000
-1.8549114 1.0000000 0.2658230 1.0000000
-1.8547424 1.0000000 0.2309963 1.0000000
-1.8541352 1.0000000 0.3592313 1.0000000
-1.8539694 1.0000000 0.1861877 1.0000000
-1.8529388 1.0000000 0.0147594 1.0000000
-1.8529030 1.0000000 0.3668709 1.0000000
-1.8527973 1.0000000 0.0297629 1.0000000
-1.8527211 1.0000000 0.1022466 1.0000000
-1.8520966 1.0000000 0.0239851 1.0000000
-1.8518554 1.0000000 0.1274468 1.0000000
-1.8516152 1.0000000 0.1641276 1.0000000
-1.8507459 1.0000000 0.1450334 1.0000000
-1.8506921 1.0000000 0.1210536 1.0000000
-1.8505542 1.0000000 0.1916653 1.0000000
-1.8501888 1.0000000 0.3534268 1.0000000
-1.8498199 1.0000000 0.1211492 1.0000000
-1.8497437 1.0000000 0.0568353 1.0000000
-1.8496063 1.0000000 0.1637994 1.0000000
-1.8490945 1.0000000 0.2882181 1.0000000
-1.8476607 1.0000000 0.2903959 1.0000000
-1.8466707 1.0000000 0.0000000 1.0000000
-1.8456207 1.0000000 0.1420275 1.0000000
-1.8450637 1.0000000 0.2488258 1.0000000
-1.8450345 1.0000000 0.2801521 1.0000000
-1.8441493 1.0000000 0.1466363 1.0000000
-1.8435896 1.0000000 0.1550602 1.0000000
-1.8435749 1.0000000 0.0057358 1.0000000
-1.8418763 1.0000000 0.0000000 1.0000000
-1.8418672 1.0000000 0.2409780 1.0000000
-1.8414231 1.0000000 0.0908828 1.0000000
-1.8410193 1.0000000 0.0285257 1.0000000
-1.8403636 1.0000000 0.1777239 1.0000000
-1.8400985 1.0000000 0.2166029 1.0000000
-1.8398183 1.0000000 0.0630393 1.0000000
-1.8391444 1.0000000 0.0000000 1.0000000
-1.8390114 1.0000000 0.1366019 1.0000000
-1.8387227 1.0000000 0.3074859 1.0000000
-1.8385762 1.0000000 0.0635156 1.0000000
-1.8375642 1.0000000 0.1432776 1.0000000
-1.8371005 1.0000000 0.1076379 1.0000000
-1.8366132 1.0000000 0.1428124 1.0000000
-1.8362963 1.0000000 0.2468450 1.0000000
-1.8354060 1.0000000 0.0596722 1.0000000
-1.8352443 1.0000000 0.2790675 1.0000000
-1.8350868 1.0000000 0.0668647 1.0000000
-1.8345099 1.0000000 0.3864457 1.0000000
-1.8342946 1.0000000 0.0337138 1.0000000
-1.8341885 1.0000000 0.2530751 1.0000000
-1.8337568 1.0000000 0.1085925 1.0000000
-1.8337358 1.0000000 0.1569754 1.0000000
-1.8333343 1.0000000 0.0876510 1.0000000
-1.8331741 1.0000000 0.1347390 1.0000000
-1.8327997 1.0000000 0.0559333 1.0000000
-1.8298061 1.0000000 0.1813770 1.0000000
-1.8286879 1.0000000 0.2043973 1.0000000
-1.8282532 1.0000000 0.0926191 1.0000000
-1.8282384 1.0000000 0.2979863 1.0000000
-1.8279764 1.0000000 0.1304633 1.0000000
-1.8276068 1.0000000 0.2435805 1.0000000
-1.8272216 1.0000000 0.2992546 1.0000000
-1.8268734 1.0000000 0.3103696 1.0000000
-1.8261989 1.0000000 0.1994241 1.0000000
-1.8260151 1.0000000 0.2722587 1.0000000
-1.8250292 1.0000000 0.3291252 1.0000000
-1.8237368 1.0000000 0.0354141 1.0000000
-1.8230221 1.0000000 0.1212752 1.0000000
-1.8226895 1.0000000 0.2022598 1.0000000
-1.8223312 1.0000000 0.2954066 1.0000000
-1.8223053 1.0000000 0.1537334 1.0000000
-1.8215198 1.0000000 0.2298010 1.0000000
-1.8210953 1.0000000 0.0579732 1.0000000
-1.8207058 1.0000000 0.1735114 1.0000000
-1.8193573 1.0000000 0.2012918 1.0000000
-1.8192374 1.0000000 0.2018540 1.0000000
-1.8189833 1.0000000 0.1684539 1.0000000
-1.8187177 1.0000000 0.0642710 1.0000000
-1.8182559 1.0000000 0.1802088 1.0000000
-1.8174265 1.0000000 0.1627443 1.0000000
-1.8164854 1.0000000 0.0960043 1.0000000
-1.8152884 1.0000000 0.1949493 1.0000000
-1.8150602 1.0000000 0.1733041 1.0000000
-1.8148101 1.0000000 0.1756449 1.0000000
-1.8130902 1.0000000 0.1311826 1.0000000
-1.8130379 1.0000000 0.1518418 1.0000000
-1.8118303 1.0000000 0.0663212 1.0000000
-1.8116552 1.0000000 0.1465552 1.0000000
-1.8113637 1.0000000 0.0000000 1.0000000
-1.8112174 1.0000000 0.2739216 1.0000000
-1.8111201 1.0000000 0.1406808 1.0000000
-1.8103882 1.0000000 0.3503704 1.0000000
-1.8100351 1.0000000 0.1771074 1.0000000
-1.8098389 1.0000000 0.2575291 1.0000000
-1.8088141 1.0000000 0.2086026 1.0000000
-1.8086471 1.0000000 0.2675263 1.0000000
-1.8082967 1.0000000 0.1403639 1.0000000
-1.8075222 1.0000000 0.1172321 1.0000000
-1.8074087 1.0000000 0.2881452 1.0000000
-1.8069502 1.0000000 0.2011915 1.0000000
-1.8065720 1.0000000 0.2625524 1.0000000
-1.8064027 1.0000000 0.2297113 1.0000000
-1.8061248 1.0000000 0.3574112 1.0000000
-1.8057875 1.0000000 0.1999247 1.0000000
-1.8054541 1.0000000 0.4225005 1.0000000
-1.8045806 1.0000000 0.3782930 1.0000000
-1.8045547 1.0000000 0.2641847 1.0000000
-1.8037188 1.0000000 0.3341014 1.0000000
-1.8030924 1.0000000 0.2212980 1.0000000
-1.8027892 1.0000000 0.4578968 1.0000000
-1.8027097 1.0000000 0.2418725 1.0000000
-1.8026112 1.0000000 0.3336675 1.0000000
-1.8010189 1.0000000 0.3079548 1.0000000
-1.8005048 1.0000000 0.0722579 1.0000000
-1.8001719 1.0000000 0.2895214 1.0000000
-1.7998908 1.0000000 0.3943855 1.0000000
-1.7985768 1.0000000 0.2982648 1.0000000
-1.7984899 1.0000000 0.3787514 1.0000000
-1.7981226 1.0000000 0.1088663 1.0000000
-1.7976983 1.0000000 0.2789043 1.0000000
-1.7973193 1.0000000 0.1200022 1.0000000
-1.7971836 1.0000000 0.0847601 1.0000000
-1.7950767 1.0000000 0.0940942 1.0000000
-1.7949493 1.0000000 0.3139576 1.0000000
-1.7946528 1.0000000 0.1897043 1.0000000
-1.7937688 1.0000000 0.1536590 1.0000000
-1.7924924 1.0000000 0.0466173 1.0000000
-1.7916078 1.0000000 0.3013926 1.0000000
-1.7903789 1.0000000 0.2116920 1.0000000
-1.7890450 1.0000000 0.3605118 1.0000000
-1.7887012 1.0000000 0.3074696 1.0000000
-1.7885330 1.0000000 0.2732434 1.0000000
-1.7883604 1.0000000 0.3747059 1.0000000
-1.7882168 1.0000000 0.1496937 1.0000000
-1.7873912 1.0000000 0.0830449 1.0000000
-1.7867755 1.0000000 0.2036378 1.0000000
-1.7864642 1.0000000 0.1533057 1.0000000
-1.7863743 1.0000000 0.1153645 1.0000000
-1.7858405 1.0000000 0.1622712 1.0000000
-1.7854933 1.0000000 0.1552996 1.0000000
-1.7854238 1.0000000 0.0948660 1.0000000
-1.7850832 1.0000000 0.1321670 1.0000000
-1.7850818 1.0000000 0.2121855 1.0000000
-1.7847659 1.0000000 0.2050336 1.0000000
-1.7844718 1.0000000 0.1718341 1.0000000
-1.7844648 1.0000000 0.3270368 1.0000000
-1.7840200 1.0000000 0.2426493 1.0000000
-1.7837703 1.0000000 0.3155948 1.0000000
-1.7834372 1.0000000 0.2236605 1.0000000
-1.7829533 1.0000000 0.3186438 1.0000000
-1.7826812 1.0000000 0.1599518 1.0000000
-1.7826706 1.0000000 0.1472388 1.0000000
-1.7814237 1.0000000 0.3066961 1.0000000
-1.7812071 1.0000000 0.1731565 1.0000000
-1.7811263 1.0000000 0.3836858 1.0000000
-1.7810473 1.0000000 0.2809930 1.0000000
-1.7803872 1.0000000 0.0073002 1.0000000
-1.7796544 1.0000000 0.2142855 1.0000000
-1.7792642 1.0000000 0.2479673 1.0000000
-1.7791589 1.0000000 0.1437400 1.0000000
-1.7778752 1.0000000 0.2811568 1.0000000
-1.7776020 1.0000000 0.4171609 1.0000000
-1.7775617 1.0000000 0.4028675 1.0000000
-1.7774610 1.0000000 0.2459492 1.0000000
-1.7768954 1.0000000 0.0000000 1.0000000
-1.7768005 1.0000000 0.2522317 1.0000000
-1.7766584 1.0000000 0.3778298 1.0000000
-1.7764643 1.0000000 0.1333570 1.0000000
-1.7757520 1.0000000 0.1637437 1.0000000
-1.7755838 1.0000000 0.2533079 1.0000000
-1.7744456 1.0000000 0.2838143 1.0000000
-1.7742719 1.0000000 0.1892077 1.0000000
-1.7741540 1.0000000 0.3842121 1.0000000
-1.7741351 1.0000000 0.2346965 1.0000000
-1.7731916 1.0000000 0.1139735 1.0000000
-1.7716937 1.0000000 0.3125060 1.0000000
-1.7715370 1.0000000 0.5403791 1.0000000
-1.7710204 1.0000000 0.2562016 1.0000000
-1.7706447 1.0000000 0.2685508 1.0000000
-1.7690808 1.0000000 0.2892772 1.0000000
-1.7685386 1.0000000 0.1816797 1.0000000
-1.7675876 1.0000000 0.2178014 1.0000000
-1.7674828 1.0000000 0.2164797 1.0000000
-1.7670288 1.0000000 0.4129632 1.0000000
-1.7667209 1.0000000 0.4209661 1.0000000
-1.7665325 1.0000000 0.1834437 1.0000000
-1.7639670 1.0000000 0.2481927 1.0000000
-1.7639228 1.0000000 0.0529483 1.0000000
-1.7638553 1.0000000 0.2424194 1.0000000
-1.7633491 1.0000000 0.2709663 1.0000000
-1.7619412 1.0000000 0.2505942 1.0000000
-1.7612397 1.0000000 0.1978724 1.0000000
-1.7611994 1.0000000 0.2124949 1.0000000
-1.7602610 1.0000000 0.2237244 1.0000000
-1.7600235 1.0000000 0.2622962 1.0000000
-1.7597824 1.0000000 0.2071910 1.0000000
-1.7595750 1.0000000 0.0038829 1.0000000
-1.7593632 1.0000000 0.2494997 1.0000000
-1.7590136 1.0000000 0.3796735 1.0000000
-1.7588824 1.0000000 0.2749371 1.0000000
-1.7576742 1.0000000 0.1650414 1.0000000
-1.7564845 1.0000000 0.2376104 1.0000000
-1.7564608 1.0000000 0.3693145 1.0000000
-1.7555397 1.0000000 0.2056271 1.0000000
-1.7554053 1.0000000 0.1967463 1.0000000
-1.7549320 1.0000000 0.0633411 1.0000000
-1.7544922 1.0000000 0.4106871 1.0000000
-1.7538605 1.0000000 0.1927361 1.0000000
-1.7535275 1.0000000 0.2932953 1.0000000
-1.7522402 1.0000000 0.2952630 1.0000000
-1.7515574 1.0000000 0.0818955 1.0000000
-1.7511987 1.0000000 0.3037689 1.0000000
-1.7507760 1.0000000 0.1737475 1.0000000
-1.7502107 1.0000000 0.2605295 1.0000000
-1.7495435 1.0000000 0.1779138 1.0000000
-1.7493774 1.0000000 0.3661050 1.0000000
-1.7483963 1.0000000 0.2519773 1.0000000
-1.7478269 1.0000000 0.2585118 1.0000000
-1.7471410 1.0000000 0.3458727 1.0000000
-1.7470905 1.0000000 0.2233358 1.0000000
-1.7453118 1.0000000 0.2726982 1.0000000
-1.7439107 1.0000000 0.2633392 1.0000000
-1.7438159 1.0000000 0.2511349 1.0000000
-1.7423858 1.0000000 0.2242775 1.0000000
-1.7420130 1.0000000 0.4326898 1.0000000
-1.7415535 1.0000000 0.2589278 1.0000000
-1.7412024 1.0000000 0.2163090 1.0000000
-1.7408658 1.0000000 0.1076574 1.0000000
-1.7392863 1.0000000 0.3235169 1.0000000
-1.7391624 1.0000000 0.3133387 1.0000000
-1.7382506 1.0000000 0.2981881 1.0000000
-1.7382284 1.0000000 0.1293087 1.0000000
-1.7380549 1.0000000 0.2585290 1.0000000
-1.7363091 1.0000000 0.1343057 1.0000000
-1.7362037 1.0000000 0.1908328 1.0000000
-1.7351954 1.0000000 0.2065429 1.0000000
-1.7351089 1.0000000 0.3457957 1.0000000
-1.7344825 1.0000000 0.3793069 1.0000000
-1.7339412 1.0000000 0.1780538 1.0000000
-1.7337440 1.0000000 0.2844393 1.0000000
-1.7330632 1.0000000 0.2482386 1.0000000
-1.7293066 1.0000000 0.4049387 1.0000000
-1.7289277 1.0000000 0.2717112 1.0000000
-1.7287066 1.0000000 0.3289791 1.0000000
-1.7286391 1.0000000 0.3366764 1.0000000
-1.7281933 1.0000000 0.2654019 1.0000000
-1.7278715 1.0000000 0.3417338 1.0000000
-1.7273484 1.0000000 0.4139957 1.0000000
-1.7271253 1.0000000 0.3915474 1.0000000
-1.7242377 1.0000000 0.2199627 1.0000000
-1.7237295 1.0000000 0.3132233 1.0000000
-1.7232810 1.0000000 0.3038631 1.0000000
-1.7211950 1.0000000 0.2803923 1.0000000
-1.7206718 1.0000000 0.2560710 1.0000000
-1.7203160 1.0000000 0.3156962 1.0000000
-1.7201650 1.0000000 0.2650026 1.0000000
-1.7201506 1.0000000 0.3447590 1.0000000
-1.7200455 1.0000000 0.3739063 1.0000000
-1.7200324 1.0000000 0.2007193 1.0000000
-1.7193650 1.0000000 0.4329813 1.0000000
-1.7186690 1.0000000 0.4070165 1.0000000
-1.7185769 1.0000000 0.2420046 1.0000000
-1.7182781 1.0000000 0.2850005 1.0000000
-1.7176781 1.0000000 0.4026227 1.0000000
-1.7176267 1.0000000 0.2215333 1.0000000
-1.7175741 1.0000000 0.3359177 1.0000000
-1.7171657 1.0000000 0.3337429 1.0000000
-1.7163482 1.0000000 0.2809814 1.0000000
-1.7163142 1.0000000 0.4769423 1.0000000
-1.7162613 1.0000000 0.2906874 1.0000000
-1.7161001 1.0000000 0.5210486 1.0000000
-1.7158705 1.0000000 0.2784266 1.0000000
-1.7154278 1.0000000 0.3252170 1.0000000
-1.7150238 1.0000000 0.2137090 1.0000000
-1.7141790 1.0000000 0.4018070 1.0000000
-1.7138725 1.0000000 0.1633063 1.0000000
-1.7134008 1.0000000 0.2298337 1.0000000
-1.7121397 1.0000000 0.4668300 1.0000000
-1.7119894 1.0000000 0.2312589 1.0000000
-1.7102298 1.0000000 0.4810722 1.0000000
-1.7092604 1.0000000 0.2642677 1.0000000
-1.7087209 1.0000000 0.2929964 1.0000000
-1.7073754 1.0000000 0.3835585 1.0000000
-1.7073569 1.0000000 0.4713551 1.0000000
-1.7070237 1.0000000 0.2536874 1.0000000
-1.7067878 1.0000000 0.2202013 1.0000000
-1.7052278 1.0000000 0.3513801 1.0000000
-1.7046485 1.0000000 0.3527906 1.0000000
-1.7042106 1.0000000 0.1785545 1.0000000
-1.7032363 1.0000000 0.3234099 1.0000000
-1.7031177 1.0000000 0.2351372 1.0000000
-1.7030331 1.0000000 0.2644269 1.0000000
-1.7022259 1.0000000 0.2645631 1.0000000
-1.7010792 1.0000000 0.1287504 1.0000000
-1.6997015 1.0000000 0.2365548 1.0000000
-1.6994224 1.0000000 0.3551451 1.0000000
-1.6994179 1.0000000 0.3203238 1.0000000
-1.6992484 1.0000000 0.3154877 1.0000000
-1.6987703 1.0000000 0.3452532 1.0000000
-1.6980006 1.0000000 0.1943182 1.0000000
-1.6979744 1.0000000 0.4278056 1.0000000
-1.6976618 1.0000000 0.2952874 1.0000000
-1.6975248 1.0000000 0.1734271 1.0000000
-1.6967190 1.0000000 0.3706509 1.0000000
-1.6966294 1.0000000 0.2190934 1.0000000
-1.6963022 1.0000000 0.3981516 1.0000000
-1.6959041 1.0000000 0.2273456 1.0000000
-1.6946868 1.0000000 0.2849690 1.0000000
-1.6938376 1.0000000 0.3863133 1.0000000
-1.6936543 1.0000000 0.3704956 1.0000000
-1.6934280 1.0000000 0.3776820 1.0000000
-1.6929086 1.0000000 0.3606293 1.0000000
-1.6924281 1.0000000 0.3771057 1.0000000
-1.6918394 1.0000000 0.2555776 1.0000000
-1.6901872 1.0000000 0.1205926 1.0000000
-1.6899339 1.0000000 0.2214233 1.0000000
-1.6894526 1.0000000 0.3599402 1.0000000
-1.6894317 1.0000000 0.3107148 1.0000000
-1.6893146 1.0000000 0.3368957 1.0000000
-1.6890234 1.0000000 0.4988242 1.0000000
-1.6889276 1.0000000 0.2869886 1.0000000
-1.6882710 1.0000000 0.6525401 1.0000000
-1.6882619 1.0000000 0.2216955 1.0000000
-1.6878112 1.0000000 0.3311337 1.0000000
-1.6876368 1.0000000 0.2857050 1.0000000
-1.6876350 1.0000000 0.3482547 1.0000000
-1.6867333 1.0000000 0.4194243 1.0000000
-1.6866363 1.0000000 0.3025484 1.0000000
-1.6864263 1.0000000 0.1900818 1.0000000
-1.6862237 1.0000000 0.3480722 1.0000000
-1.6858445 1.0000000 0.1774703 1.0000000
-1.6858160 1.0000000 0.4251634 1.0000000
-1.6853647 1.0000000 0.2783973 1.0000000
-1.6842075 1.0000000 0.2912577 1.0000000
-1.6835060 1.0000000 0.3798757 1.0000000
-1.6833406 1.0000000 0.3619765 1.0000000
-1.6826327 1.0000000 0.2465437 1.0000000
-1.6824133 1.0000000 0.3009792 1.0000000
-1.6822440 1.0000000 0.3171747 1.0000000
-1.6816994 1.0000000 0.3566463 1.0000000
-1.6800329 1.0000000 0.2789660 1.0000000
-1.6797430 1.0000000 0.1490070 1.0000000
-1.6794366 1.0000000 0.5538270 1.0000000
-1.6791720 1.0000000 0.3483137 1.0000000
-1.6784079 1.0000000 0.2354670 1.0000000
-1.6776649 1.0000000 0.5250888 1.0000000
-1.6776524 1.0000000 0.3368056 1.0000000
-1.6770139 1.0000000 0.3575867 1.0000000
-1.6769448 1.0000000 0.1770092 1.0000000
-1.6769153 1.0000000 0.3624684 1.0000000
-1.6752372 1.0000000 0.4196523 1.0000000
-1.6742519 1.0000000 0.4655958 1.0000000
-1.6735098 1.0000000 0.5296767 1.0000000
-1.6720019 1.0000000 0.3111369 1.0000000
-1.6718098 1.0000000 0.2494923 1.0000000
-1.6714595 1.0000000 0.3191535 1.0000000
-1.6713497 1.0000000 0.3394087 1.0000000
-1.6712896 1.0000000 0.3170030 1.0000000
-1.6710832 1.0000000 0.1664607 1.0000000
-1.6710399 1.0000000 0.2723633 1.0000000
-1.6710103 1.0000000 0.3688881 1.0000000
-1.6703496 1.0000000 0.5032423 1.0000000
-1.6695240 1.0000000 0.4004198 1.0000000
-1.6676008 1.0000000 0.2902286 1.0000000
-1.6673817 1.0000000 0.4476508 1.0000000
-1.6672956 1.0000000 0.4859465 1.0000000
-1.6670623 1.0000000 0.3333480 1.0000000
-1.6663338 1.0000000 0.4001545 1.0000000
-1.6661105 1.0000000 0.4282865 1.0000000
-1.6654776 1.0000000 0.4210822 1.0000000
-1.6649059 1.0000000 0.3666590 1.0000000
-1.6644159 1.0000000 0.3431151 1.0000000
-1.6643289 1.0000000 0.2657589 1.0000000
-1.6642374 1.0000000 0.3411974 1.0000000
-1.6628892 1.0000000 0.3597977 1.0000000
-1.6619427 1.0000000 0.2809355 1.0000000
-1.6616087 1.0000000 0.4857974 1.0000000
-1.6615787 1.0000000 0.5390177 1.0000000
-1.6612458 1.0000000 0.2546421 1.0000000
-1.6597744 1.0000000 0.3351096 1.0000000
-1.6596062 1.0000000 0.4249118 1.0000000
-1.6586522 1.0000000 0.4253726 1.0000000
-1.6586095 1.0000000 0.2991366 1.0000000
-1.6586094 1.0000000 0.4827106 1.0000000
-1.6568098 1.0000000 0.2707231 1.0000000
-1.6567229 1.0000000 0.1366030 1.0000000
-1.6562298 1.0000000 0.1940181 1.0000000
-1.6558487 1.0000000 0.2699113 1.0000000
-1.6550207 1.0000000 0.3596587 1.0000000
-1.6536508 1.0000000 0.5368343 1.0000000
-1.6532661 1.0000000 0.2484107 1.0000000
-1.6526402 1.0000000 0.5305735 1.0000000
-1.6517928 1.0000000 0.4984551 1.0000000
-1.6516797 1.0000000 0.3179488 1.0000000
-1.6504941 1.0000000 0.4979036 1.0000000
-1.6499862 1.0000000 0.4041917 1.0000000
-1.6499024 1.0000000 0.2749673 1.0000000
-1.6498088 1.0000000 0.4317624 1.0000000
-1.6495986 1.0000000 0.3979747 1.0000000
-1.6495370 1.0000000 0.4324948 1.0000000
-1.6493670 1.0000000 0.4293714 1.0000000
-1.6489406 1.0000000 0.3799357 1.0000000
-1.6487246 1.0000000 0.4415921 1.0000000
-1.6482495 1.0000000 0.3468182 1.0000000
-1.6479745 1.0000000 0.3541792 1.0000000
-1.6477112 1.0000000 0.4305480 1.0000000
-1.6469889 1.0000000 0.1055389 1.0000000
-1.6455703 1.0000000 0.4625009 1.0000000
-1.6454898 1.0000000 0.3470243 1.0000000
-1.6436532 1.0000000 0.3063322 1.0000000
-1.6430314 1.0000000 0.2949485 1.0000000
-1.6415863 1.0000000 0.2817091 1.0000000
-1.6410107 1.0000000 0.5075529 1.0000000
-1.6404670 1.0000000 0.3551398 1.0000000
-1.6400991 1.0000000 0.4208137 1.0000000
-1.6395767 1.0000000 0.4575625 1.0000000
-1.6394916 1.0000000 0.4554005 1.0000000
-1.6393494 1.0000000 0.3178277 1.0000000
-1.6391693 1.0000000 0.2995744 1.0000000
-1.6374889 1.0000000 0.3363273 1.0000000
-1.6368862 1.0000000 0.2739185 1.0000000
-1.6367669 1.0000000 0.3743927 1.0000000
-1.6364609 1.0000000 0.2776560 1.0000000
-1.6330980 1.0000000 0.4893031 1.0000000
-1.6325541 1.0000000 0.4189837 1.0000000
-1.6323457 1.0000000 0.3598593 1.0000000
-1.6319739 1.0000000 0.5151521 1.0000000
-1.6318750 1.0000000 0.5038835 1.0000000
-1.6314509 1.0000000 0.5007956 1.0000000
-1.6313762 1.0000000 0.5502780 1.0000000
-1.6310853 1.0000000 0.4627131 1.0000000
-1.6307098 1.0000000 0.2538214 1.0000000
-1.6304637 1.0000000 0.4533786 1.0000000
-1.6304008 1.0000000 0.4401054 1.0000000
-1.6301854 1.0000000 0.4452975 1.0000000
-1.6287561 1.0000000 0.4633863 1.0000000
-1.6280990 1.0000000 0.4937439 1.0000000
-1.6276267 1.0000000 0.3258777 1.0000000
-1.6275405 1.0000000 0.3952580 1.0000000
-1.6271422 1.0000000 0.4813204 1.0000000
-1.6256954 1.0000000 0.3421202 1.0000000
-1.6254945 1.0000000 0.4033662 1.0000000
-1.6254739 1.0000000 0.4004877 1.0000000
-1.6244500 1.0000000 0.4998014 1.0000000
-1.6242393 1.0000000 0.4355194 1.0000000
-1.6240284 1.0000000 0.5654560 1.0000000
-1.6234698 1.0000000 0.3743417 1.0000000
-1.6232016 1.0000000 0.4381156 1.0000000
-1.6227028 1.0000000 0.3547591 1.0000000
-1.6219227 1.0000000 0.3475062 1.0000000
-1.6217929 1.0000000 0.3558104 1.0000000
-1.6202433 1.0000000 0.1665972 1.0000000
-1.6191120 1.0000000 0.4008885 1.0000000
-1.6186782 1.0000000 0.4493183 1.0000000
-1.6186587 1.0000000 0.4212192 1.0000000
-1.6182743 1.0000000 0.3868897 1.0000000
-1.6172338 1.0000000 0.3824542 1.0000000
-1.6168245 1.0000000 0.3743913 1.0000000
-1.6157735 1.0000000 0.4113222 1.0000000
-1.6152567 1.0000000 0.3797216 1.0000000
-1.6147222 1.0000000 0.2238459 1.0000000
-1.6146996 1.0000000 0.3047303 1.0000000
-1.6131710 1.0000000 0.3815397 1.0000000
-1.6130268 1.0000000 0.5550457 1.0000000
-1.6127791 1.0000000 0.4319045 1.0000000
-1.6122422 1.0000000 0.3322038 1.0000000
-1.6113005 1.0000000 0.4150968 1.0000000
-1.6107680 1.0000000 0.4212164 1.0000000
-1.6105415 1.0000000 0.3196266 1.0000000
-1.6104183 1.0000000 0.5147914 1.0000000
-1.6104079 1.0000000 0.3145241 1.0000000
-1.6103359 1.0000000 0.4854000 1.0000000
-1.6091416 1.0000000 0.5662637 1.0000000
-1.6088554 1.0000000 0.3228997 1.0000000
-1.6084505 1.0000000 0.4423002 1.0000000
-1.6082690 1.0000000 0.3748981 1.0000000
-1.6062759 1.0000000 0.5230248 1.0000000
-1.6058670 1.0000000 0.3513976 1.0000000
-1.6031822 1.0000000 0.4056096 1.0000000
-1.6028544 1.0000000 0.4791238 1.0000000
-1.6022263 1.0000000 0.5073226 1.0000000
-1.6019328 1.0000000 0.6058130 1.0000000
-1.6017397 1.0000000 0.2470070 1.0000000
-1.6016104 1.0000000 0.5321395 1.0000000
-1.6010474 1.0000000 0.3707112 1.0000000
-1.6003052 1.0000000 0.2198781 1.0000000
-1.5990159 1.0000000 0.3229224 1.0000000
-1.5987159 1.0000000 0.3534451 1.0000000
-1.5974404 1.0000000 0.4195760 1.0000000
-1.5971037 1.0000000 0.4974861 1.0000000
-1.5969709 1.0000000 0.2650845 1.0000000
-1.5966120 1.0000000 0.4899333 1.0000000
-1.5963036 1.0000000 0.4185546 1.0000000
-1.5960791 1.0000000 0.3293868 1.0000000
-1.5950464 1.0000000 0.3616430 1.0000000
-1.5935216 1.0000000 0.4053436 1.0000000
-1.5931809 1.0000000 0.4300380 1.0000000
-1.5922035 1.0000000 0.5247607 1.0000000
-1.5917423 1.0000000 0.4442442 1.0000000
-1.5913310 1.0000000 0.4510453 1.0000000
-1.5911272 1.0000000 0.4216481 1.0000000
-1.5900652 1.0000000 0.5788477 1.0000000
-1.5883704 1.0000000 0.1968166 1.0000000
-1.5878200 1.0000000 0.4905371 1.0000000
-1.5874058 1.0000000 0.3726225 1.0000000
-1.5872650 1.0000000 0.4121247 1.0000000
-1.5868810 1.0000000 0.4949188 1.0000000
-1.5858986 1.0000000 0.4323386 1.0000000
-1.5855818 1.0000000 0.4073188 1.0000000
-1.5853093 1.0000000 0.3751768 1.0000000
-1.5847948 1.0000000 0.3740807 1.0000000
-1.5846264 1.0000000 0.3535357 1.0000000
-1.5843131 1.0000000 0.5496862 1.0000000
-1.5838020 1.0000000 0.5079100 1.0000000
-1.5835156 1.0000000 0.3970919 1.0000000
-1.5810966 1.0000000 0.3020010 1.0000000
-1.5799270 1.0000000 0.4637140 1.0000000
-1.5784574 1.0000000 0.4389906 1.0000000
-1.5784458 1.0000000 0.4732146 1.0000000
-1.5774338 1.0000000 0.4066712 1.0000000
-1.5762931 1.0000000 0.4749722 1.0000000
-1.5761842 1.0000000 0.2699449 1.0000000
-1.5757485 1.0000000 0.5269845 1.0000000
-1.5751968 1.0000000 0.4759586 1.0000000
-1.5744811 1.0000000 0.5861200 1.0000000
-1.5737148 1.0000000 0.4195743 1.0000000
-1.5723862 1.0000000 0.4253932 1.0000000
-1.5720682 1.0000000 0.5028816 1.0000000
-1.5719762 1.0000000 0.4854832 1.0000000
-1.5719503 1.0000000 0.5022900 1.0000000
-1.5718050 1.0000000 0.5962603 1.0000000
-1.5713952 1.0000000 0.3968498 1.0000000
-1.5712270 1.0000000 0.4667042 1.0000000
-1.5704260 1.0000000 0.4002082 1.0000000
-1.5698607 1.0000000 0.4687861 1.0000000
-1.5687851 1.0000000 0.4271380 1.0000000
-1.5686231 1.0000000 0.5860060 1.0000000
-1.5685178 1.0000000 0.6396695 1.0000000
-1.5678096 1.0000000 0.4757435 1.0000000
-1.5669350 1.0000000 0.5830088 1.0000000
-1.5666511 1.0000000 0.3923442 1.0000000
-1.5661030 1.0000000 0.4624948 1.0000000
-1.5652838 1.0000000 0.4040852 1.0000000
-1.5636472 1.0000000 0.4566124 1.0000000
-1.5631456 1.0000000 0.5482098 1.0000000
-1.5628638 1.0000000 0.3923102 1.0000000
-1.5620625 1.0000000 0.2152688 1.0000000
-1.5618678 1.0000000 0.3862141 1.0000000
-1.5613246 1.0000000 0.5469433 1.0000000
-1.5612880 1.0000000 0.3498049 1.0000000
-1.5604217 1.0000000 0.2640278 1.0000000
-1.5600885 1.0000000 0.3686548 1.0000000
-1.5593496 1.0000000 0.3460380 1.0000000
-1.5593251 1.0000000 0.4863920 1.0000000
-1.5591659 1.0000000 0.4278482 1.0000000
-1.5587628 1.0000000 0.3772429 1.0000000
-1.5584772 1.0000000 0.5011602 1.0000000
-1.5576183 1.0000000 0.5596176 1.0000000
-1.5574627 1.0000000 0.5458939 1.0000000
-1.5566679 1.0000000 0.4178650 1.0000000
-1.5565155 1.0000000 0.4781631 1.0000000
-1.5556261 1.0000000 0.3714416 1.0000000
-1.5554953 1.0000000 0.3995723 1.0000000
-1.5548115 1.0000000 0.3975030 1.0000000
-1.5538296 1.0000000 0.4921640 1.0000000
-1.5534503 1.0000000 0.4513213 1.0000000
-1.5531897 1.0000000 0.4203139 1.0000000
-1.5530291 1.0000000 0.3762115 1.0000000
-1.5522667 1.0000000 0.6767215 1.0000000
-1.5520731 1.0000000 0.4937629 1.0000000
-1.5515928 1.0000000 0.2653369 1.0000000
-1.5515820 1.0000000 0.5152271 1.0000000
-1.5511937 1.0000000 0.5361252 1.0000000
-1.5506294 1.0000000 0.4192526 1.0000000
-1.5503260 1.0000000 0.5526572 1.0000000
-1.5501050 1.0000000 0.5504535 1.0000000
-1.5494067 1.0000000 0.3208938 1.0000000
-1.5486278 1.0000000 0.4721018 1.0000000
-1.5485064 1.0000000 0.6171471 1.0000000
-1.5484222 1.0000000 0.5301913 1.0000000
-1.5483471 1.0000000 0.4486659 1.0000000
-1.5469525 1.0000000 0.4692912 1.0000000
-1.5457586 1.0000000 0.4630965 1.0000000
-1.5455449 1.0000000 0.3858150 1.0000000
-1.5454769 1.0000000 0.5399463 1.0000000
-1.5451921 1.0000000 0.5815686 1.0000000
-1.5442881 1.0000000 0.3993954 1.0000000
-1.5436720 1.0000000 0.3877634 1.0000000
-1.5435118 1.0000000 0.5675107 1.0000000
-1.5434319 1.0000000 0.4197293 1.0000000
-1.5430126 1.0000000 0.6398400 1.0000000
-1.5428484 1.0000000 0.5626857 1.0000000
-1.5419271 1.0000000 0.4647198 1.0000000
-1.5418729 1.0000000 0.4256714 1.0000000
-1.5408093 1.0000000 0.4931310 1.0000000
-1.5407044 1.0000000 0.5713219 1.0000000
-1.5404749 1.0000000 0.5068240 1.0000000
-1.5393802 1.0000000 0.5051688 1.0000000
-1.5386414 1.0000000 0.4087398 1.0000000
-1.5382444 1.0000000 0.5413734 1.0000000
-1.5375265 1.0000000 0.4553378 1.0000000
-1.5363764 1.0000000 0.4069488 1.0000000
-1.5355741 1.0000000 0.4752135 1.0000000
-1.5351397 1.0000000 0.3019240 1.0000000
-1.5351390 1.0000000 0.5674789 1.0000000
-1.5347313 1.0000000 0.5324689 1.0000000
-1.5342404 1.0000000 0.3765144 1.0000000
-1.5341614 1.0000000 0.3791041 1.0000000
-1.5339140 1.0000000 0.5324182 1.0000000
-1.5333672 1.0000000 0.5160320 1.0000000
-1.5329890 1.0000000 0.5287652 1.0000000
-1.5316981 1.0000000 0.4864023 1.0000000
-1.5310617 1.0000000 0.7171605 1.0000000
-1.5307059 1.0000000 0.4833960 1.0000000
-1.5295240 1.0000000 0.3716999 1.0000000
-1.5291870 1.0000000 0.3461623 1.0000000
-1.5288917 1.0000000 0.3543174 1.0000000
-1.5276214 1.0000000 0.7109459 1.0000000
-1.5272205 1.0000000 0.3099532 1.0000000
-1.5259907 1.0000000 0.6293607 1.0000000
-1.5259431 1.0000000 0.5793658 1.0000000
-1.5253900 1.0000000 0.5353515 1.0000000
-1.5239623 1.0000000 0.6294341 1.0000000
-1.5238882 1.0000000 0.4087983 1.0000000
-1.5226146 1.0000000 0.4523253 1.0000000
-1.5220148 1.0000000 0.4407405 1.0000000
-1.5218513 1.0000000 0.3881783 1.0000000
-1.5216873 1.0000000 0.3959283 1.0000000
-1.5212074 1.0000000 0.3542667 1.0000000
-1.5210680 1.0000000 0.4924158 1.0000000
-1.5206970 1.0000000 0.4030577 1.0000000
-1.5201499 1.0000000 0.3553714 1.0000000
-1.5194581 1.0000000 0.5678297 1.0000000
-1.5186382 1.0000000 0.5626176 1.0000000
-1.5185715 1.0000000 0.5717925 1.0000000
-1.5173072 1.0000000 0.6526738 1.0000000
-1.5170865 1.0000000 0.5495520 1.0000000
-1.5170067 1.0000000 0.5988204 1.0000000
-1.5168142 1.0000000 0.5515902 1.0000000
-1.5167924 1.0000000 0.5863485 1.0000000
-1.5161799 1.0000000 0.4568945 1.0000000
-1.5145670 1.0000000 0.5580152 1.0000000
-1.5145353 1.0000000 0.5852711 1.0000000
-1.5143421 1.0000000 0.5118335 1.0000000
-1.5137533 1.0000000 0.6744389 1.0000000
-1.5137164 1.0000000 0.3862997 1.0000000
-1.5135676 1.0000000 0.5276692 1.0000000
-1.5132398 1.0000000 0.5867083 1.0000000
-1.5132002 1.0000000 0.4309052 1.0000000
-1.5127335 1.0000000 0.4899175 1.0000000
-1.5119957 1.0000000 0.6577379 1.0000000
-1.5110352 1.0000000 0.5493633 1.0000000
-1.5105777 1.0000000 0.5124101 1.0000000
-1.5102535 1.0000000 0.4149991 1.0000000
-1.5099304 1.0000000 0.6537974 1.0000000
-1.5094853 1.0000000 0.6928063 1.0000000
-1.5090813 1.0000000 0.4037065 1.0000000
-1.5087105 1.0000000 0.5657985 1.0000000
-1.5086908 1.0000000 0.4736509 1.0000000
-1.5080937 1.0000000 0.4661877 1.0000000
-1.5078700 1.0000000 0.6866621 1.0000000
-1.5076812 1.0000000 0.6670198 1.0000000
-1.5075530 1.0000000 0.6096126 1.0000000
-1.5074797 1.0000000 0.3356084 1.0000000
-1.5069947 1.0000000 0.6845335 1.0000000
-1.5063438 1.0000000 0.5804898 1.0000000
-1.5058191 1.0000000 0.3919261 1.0000000
-1.5056385 1.0000000 0.5654559 1.0000000
-1.5052852 1.0000000 0.5251045 1.0000000
-1.5051899 1.0000000 0.5291334 1.0000000
-1.5045713 1.0000000 0.5191361 1.0000000
-1.5044783 1.0000000 0.5354199 1.0000000
-1.5043944 1.0000000 0.5882314 1.0000000
-1.5035492 1.0000000 0.5451497 1.0000000
-1.5035470 1.0000000 0.4638158 1.0000000
-1.5034973 1.0000000 0.5692923 1.0000000
-1.5032896 1.0000000 0.4262522 1.0000000
-1.5030917 1.0000000 0.5759831 1.0000000
-1.5027064 1.0000000 0.5733917 1.0000000
-1.5026879 1.0000000 0.4531955 1.0000000
-1.5026107 1.0000000 0.5599205 1.0000000
-1.5021666 1.0000000 0.5809803 1.0000000
-1.5008673 1.0000000 0.5409534 1.0000000
-1.5003141 1.0000000 0.5741183 1.0000000
-1.4999546 1.0000000 0.3744370 1.0000000
-1.4995458 1.0000000 0.4492218 1.0000000
-1.4978275 1.0000000 0.4542864 1.0000000
-1.4974745 1.0000000 0.4359921 1.0000000
-1.4969056 1.0000000 0.4115052 1.0000000
-1.4968728 1.0000000 0.2147788 1.0000000
-1.4967792 1.0000000 0.5259417 1.0000000
-1.4966443 1.0000000 0.4216444 1.0000000
-1.4966051 1.0000000 0.5405188 1.0000000
-1.4962256 1.0000000 0.4600446 1.0000000
-1.4956503 1.0000000 0.6098424 1.0000000
-1.4951819 1.0000000 0.6068404 1.0000000
-1.4947705 1.0000000 0.4232127 1.0000000
-1.4944174 1.0000000 0.3877196 1.0000000
-1.4936353 1.0000000 0.5272619 1.0000000
-1.4936260 1.0000000 0.3416523 1.0000000
-1.4930815 1.0000000 0.4533239 1.0000000
-1.4928724 1.0000000 0.4608560 1.0000000
-1.4909432 1.0000000 0.4211214 1.0000000
-1.4898949 1.0000000 0.4870729 1.0000000
-1.4887691 1.0000000 0.5109693 1.0000000
-1.4875443 1.0000000 0.7598518 1.0000000
-1.4860953 1.0000000 0.6015881 1.0000000
-1.4859805 1.0000000 0.7261046 1.0000000
-1.4858293 1.0000000 0.3442046 1.0000000
-1.4849195 1.0000000 0.6828479 1.0000000
-1.4844168 1.0000000 0.5288197 1.0000000
-1.4841702 1.0000000 0.4381214 1.0000000
-1.4840158 1.0000000 0.5694483 1.0000000
-1.4839163 1.0000000 0.3471329 1.0000000
-1.4835829 1.0000000 0.4456876 1.0000000
-1.4832548 1.0000000 0.6176523 1.0000000
-1.4832243 1.0000000 0.5738706 1.0000000
-1.4827682 1.0000000 0.5440905 1.0000000
-1.4826164 1.0000000 0.5345271 1.0000000
-1.4821677 1.0000000 0.5886053 1.0000000
-1.4814077 1.0000000 0.5200313 1.0000000
-1.4813430 1.0000000 0.4908219 1.0000000
-1.4812162 1.0000000 0.6504142 1.0000000
-1.4782765 1.0000000 0.6434089 1.0000000
-1.4780821 1.0000000 0.5432644 1.0000000
-1.4779969 1.0000000 0.7233014 1.0000000
-1.4777810 1.0000000 0.6275619 1.0000000
-1.4776281 1.0000000 0.5431176 1.0000000
-1.4759860 1.0000000 0.4980040 1.0000000
-1.4759008 1.0000000 0.4967895 1.0000000
-1.4753276 1.0000000 0.4839071 1.0000000
-1.4751358 1.0000000 0.3953348 1.0000000
-1.4746683 1.0000000 0.6824444 1.0000000
-1.4744603 1.0000000 0.6629983 1.0000000
-1.4739320 1.0000000 0.4074323 1.0000000
-1.4734601 1.0000000 0.5138959 1.0000000
-1.4729384 1.0000000 0.4016947 1.0000000
-1.4729003 1.0000000 0.5922996 1.0000000
-1.4716992 1.0000000 0.5235254 1.0000000
-1.4715360 1.0000000 0.5237067 1.0000000
-1.4710019 1.0000000 0.5123419 1.0000000
-1.4705853 1.0000000 0.5621177 1.0000000
-1.4704887 1.0000000 0.4812118 1.0000000
-1.4696621 1.0000000 0.5494654 1.0000000
-1.4693252 1.0000000 0.5062369 1.0000000
-1.4677739 1.0000000 0.6513559 1.0000000
-1.4672831 1.0000000 0.3491606 1.0000000
-1.4672330 1.0000000 0.4601903 1.0000000
-1.4671418 1.0000000 0.7798977 1.0000000
-1.4665028 1.0000000 0.5236876 1.0000000
-1.4663608 1.0000000 0.7108364 1.0000000
-1.4662952 1.0000000 0.7030861 1.0000000
-1.4653528 1.0000000 0.4614287 1.0000000
-1.4628023 1.0000000 0.4843992 1.0000000
-1.4621282 1.0000000 0.5624256 1.0000000
-1.4619937 1.0000000 0.4368099 1.0000000
-1.4618517 1.0000000 0.4398757 1.0000000
-1.4614113 1.0000000 0.5771255 1.0000000
-1.4614043 1.0000000 0.5573998 1.0000000
-1.4609952 1.0000000 0.5639954 1.0000000
-1.4608390 1.0000000 0.4402455 1.0000000
-1.4607815 1.0000000 0.6187944 1.0000000
-1.4603883 1.0000000 0.5121278 1.0000000
-1.4601742 1.0000000 0.4112023 1.0000000
-1.4600083 1.0000000 0.6304976 1.0000000
-1.4594886 1.0000000 0.6755936 1.0000000
-1.4592246 1.0000000 0.6640066 1.0000000
-1.4584924 1.0000000 0.5450187 1.0000000
-1.4583347 1.0000000 0.5636563 1.0000000
-1.4581573 1.0000000 0.7502794 1.0000000
-1.4578859 1.0000000 0.5435853 1.0000000
-1.4575591 1.0000000 0.6111253 1.0000000
-1.4573774 1.0000000 0.5182419 1.0000000
-1.4572611 1.0000000 0.4176166 1.0000000
-1.4565656 1.0000000 0.4772464 1.0000000
-1.4565607 1.0000000 0.5068368 1.0000000
-1.4561904 1.0000000 0.7001824 1.0000000
-1.4561900 1.0000000 0.5139125 1.0000000
-1.4543442 1.0000000 0.5637548 1.0000000
-1.4537228 1.0000000 0.6844433 1.0000000
-1.4530315 1.0000000 0.4266252 1.0000000
-1.4526282 1.0000000 0.5661229 1.0000000
-1.4525075 1.0000000 0.5155429 1.0000000
-1.4523716 1.0000000 0.7389822 1.0000000
-1.4516838 1.0000000 0.6237622 1.0000000
-1.4516716 1.0000000 0.5381446 1.0000000
-1.4505163 1.0000000 0.6306258 1.0000000
-1.4498441 1.0000000 0.6475507 1.0000000
-1.4495461 1.0000000 0.4748652 1.0000000
-1.4494696 1.0000000 0.4752332 1.0000000
-1.4484467 1.0000000 0.5888650 1.0000000
-1.4483913 1.0000000 0.5708340 1.0000000
-1.4481079 1.0000000 0.7126281 1.0000000
-1.4480207 1.0000000 0.5207076 1.0000000
-1.4474786 1.0000000 0.5376207 1.0000000
-1.4474227 1.0000000 0.6226172 1.0000000
-1.4472827 1.0000000 0.5938525 1.0000000
-1.4465376 1.0000000 0.4709057 1.0000000
-1.4462318 1.0000000 0.4099421 1.0000000
-1.4454048 1.0000000 0.5602101 1.0000000
-1.4452434 1.0000000 0.6429000 1.0000000
-1.4425687 1.0000000 0.4788418 1.0000000
-1.4425637 1.0000000 0.5887587 1.0000000
-1.4419770 1.0000000 0.6166460 1.0000000
-1.4416157 1.0000000 0.6664957 1.0000000
-1.4413170 1.0000000 0.6356543 1.0000000
-1.4411564 1.0000000 0.6346074 1.0000000
-1.4408455 1.0000000 0.6871337 1.0000000
-1.4396113 1.0000000 0.8530031 1.0000000
-1.4395267 1.0000000 0.6326297 1.0000000
-1.4383372 1.0000000 0.4122570 1.0000000
-1.4380032 1.0000000 0.7269194 1.0000000
-1.4373613 1.0000000 0.7191149 1.0000000
-1.4372220 1.0000000 0.4507804 1.0000000
-1.4370170 1.0000000 0.5564487 1.0000000
-1.4369514 1.0000000 0.7031270 1.0000000
-1.4363978 1.0000000 0.4963046 1.0000000
-1.4361549 1.0000000 0.5829608 1.0000000
-1.4355336 1.0000000 0.5894710 1.0000000
-1.4344188 1.0000000 0.6361976 1.0000000
-1.4341989 1.0000000 0.7794615 1.0000000
-1.4340063 1.0000000 0.5936744 1.0000000
-1.4338932 1.0000000 0.5297036 1.0000000
-1.4320835 1.0000000 0.6667485 1.0000000
-1.4319307 1.0000000 0.7511859 1.0000000
-1.4316390 1.0000000 0.6290462 1.0000000
-1.4314876 1.0000000 0.7183408 1.0000000
-1.4307741 1.0000000 0.7300190 1.0000000
-1.4301999 1.0000000 0.8141635 1.0000000
-1.4289383 1.0000000 0.5708095 1.0000000
-1.4286169 1.0000000 0.7289001 1.0000000
-1.4281226 1.0000000 0.6230233 1.0000000
-1.4277093 1.0000000 0.6039923 1.0000000
-1.4277036 1.0000000 0.6104091 1.0000000
-1.4264736 1.0000000 0.4581846 1.0000000
-1.4264192 1.0000000 0.6700188 1.0000000
-1.4250990 1.0000000 0.6135588 1.0000000
-1.4243965 1.0000000 0.8581260 1.0000000
-1.4243475 1.0000000 0.6201749 1.0000000
-1.4217798 1.0000000 0.7759508 1.0000000
-1.4217344 1.0000000 0.5145842 1.0000000
-1.4213840 1.0000000 0.3187397 1.0000000
-1.4211530 1.0000000 0.4924536 1.0000000
-1.4208556 1.0000000 0.7009756 1.0000000
-1.4207480 1.0000000 0.6189488 1.0000000
-1.4206036 1.0000000 0.6140984 1.0000000
-1.4205555 1.0000000 0.4514500 1.0000000
-1.4189678 1.0000000 0.6256868 1.0000000
-1.4188668 1.0000000 0.6387632 1.0000000
-1.4182374 1.0000000 0.6390764 1.0000000
-1.4178396 1.0000000 0.7488516 1.0000000
-1.4175237 1.0000000 0.7873658 1.0000000
-1.4173924 1.0000000 0.8003460 1.0000000
-1.4159534 1.0000000 0.4920906 1.0000000
-1.4145061 1.0000000 0.5776944 1.0000000
-1.4144990 1.0000000 0.5825335 1.0000000
-1.4138800 1.0000000 0.5592785 1.0000000
-1.4129688 1.0000000 0.4923428 1.0000000
-1.4116887 1.0000000 0.5142332 1.0000000
-1.4107358 1.0000000 0.5426697 1.0000000
-1.4104634 1.0000000 0.6281501 1.0000000
-1.4099899 1.0000000 0.6663777 1.0000000
-1.4088998 1.0000000 0.6231072 1.0000000
-1.4081865 1.0000000 0.6894075 1.0000000
-1.4073164 1.0000000 0.4508527 1.0000000
-1.4055302 1.0000000 0.7463249 1.0000000
-1.4055173 1.0000000 0.5469602 1.0000000
-1.4051315 1.0000000 0.6281503 1.0000000
-1.4048027 1.0000000 0.6314890 1.0000000
-1.4046767 1.0000000 0.6080334 1.0000000
-1.4029795 1.0000000 0.6684365 1.0000000
-1.4024937 1.0000000 0.5983789 1.0000000
-1.4014835 1.0000000 0.5982778 1.0000000
-1.4014092 1.0000000 0.3512160 1.0000000
-1.4012519 1.0000000 0.4989713 1.0000000
-1.4007886 1.0000000 0.6218336 1.0000000
-1.4006680 1.0000000 0.6407716 1.0000000
-1.4005636 1.0000000 0.5709007 1.0000000
-1.4005603 1.0000000 0.5931312 1.0000000
-1.4005334 1.0000000 0.5261414 1.0000000
-1.4004730 1.0000000 0.7415000 1.0000000
-1.3992724 1.0000000 0.6050108 1.0000000
-1.3976688 1.0000000 0.4065713 1.0000000
-1.3969817 1.0000000 0.6993970 1.0000000
-1.3964903 1.0000000 0.7106627 1.0000000
-1.3961471 1.0000000 0.7860544 1.0000000
-1.3954152 1.0000000 0.6018408 1.0000000
-1.3949550 1.0000000 0.5407168 1.0000000
-1.3947969 1.0000000 0.5651191 1.0000000
-1.3947093 1.0000000 0.6201541 1.0000000
-1.3946293 1.0000000 0.6435012 1.0000000
-1.3939170 1.0000000 0.6755173 1.0000000
-1.3934207 1.0000000 0.6457790 1.0000000
-1.3934129 1.0000000 0.5866680 1.0000000
-1.3924388 1.0000000 0.5732423 1.0000000
-1.3912914 1.0000000 0.8281424 1.0000000
-1.3912406 1.0000000 0.7073302 1.0000000
-1.3911771 1.0000000 0.8302922 1.0000000
-1.3911361 1.0000000 0.6537495 1.0000000
-1.3894451 1.0000000 0.5261857 1.0000000
-1.3893406 1.0000000 0.7222543 1.0000000
-1.3886659 1.0000000 0.7167538 1.0000000
-1.3875510 1.0000000 0.7324440 1.0000000
-1.3862316 1.0000000 0.6491283 1.0000000
-1.3861930 1.0000000 0.6924332 1.0000000
-1.3852089 1.0000000 0.5897482 1.0000000
-1.3848809 1.0000000 0.4253785 1.0000000
-1.3842718 1.0000000 0.5563576 1.0000000
-1.3840937 1.0000000 0.5744105 1.0000000
-1.3830796 1.0000000 0.6547691 1.0000000
-1.3828697 1.0000000 0.6917279 1.0000000
-1.3821815 1.0000000 0.7646762 1.0000000
-1.3818487 1.0000000 0.5743387 1.0000000
-1.3799186 1.0000000 0.6880496 1.0000000
-1.3792033 1.0000000 0.5859267 1.0000000
-1.3789232 1.0000000 0.7680697 1.0000000
-1.3788974 1.0000000 0.5754433 1.0000000
-1.3785627 1.0000000 0.7319949 1.0000000
-1.3783043 1.0000000 0.7486736 1.0000000
-1.3777802 1.0000000 0.5915277 1.0000000
-1.3771585 1.0000000 0.5761347 1.0000000
-1.3769642 1.0000000 0.7861375 1.0000000
-1.3763036 1.0000000 0.5964517 1.0000000
-1.3754990 1.0000000 0.6362363 1.0000000
-1.3747615 1.0000000 0.6674636 1.0000000
-1.3740190 1.0000000 0.6948878 1.0000000
-1.3738496 1.0000000 0.7494582 1.0000000
-1.3737074 1.0000000 0.6667596 1.0000000
-1.3736279 1.0000000 0.7573237 1.0000000
-1.3731131 1.0000000 0.5645093 1.0000000
-1.3730264 1.0000000 0.6111142 1.0000000
-1.3723286 1.0000000 0.6841361 1.0000000
-1.3719395 1.0000000 0.7759980 1.0000000
-1.3716859 1.0000000 0.6336584 1.0000000
-1.3711860 1.0000000 0.6329591 1.0000000
-1.3709503 1.0000000 0.7251452 1.0000000
-1.3702880 1.0000000 0.7040292 1.0000000
-1.3697032 1.0000000 0.5726160 1.0000000
-1.3687695 1.0000000 0.7486203 1.0000000
-1.3683935 1.0000000 0.8027503 1.0000000
-1.3681112 1.0000000 0.5864420 1.0000000
-1.3679839 1.0000000 0.6515159 1.0000000
-1.3674930 1.0000000 0.5926448 1.0000000
-1.3669406 1.0000000 0.6025865 1.0000000
-1.3656393 1.0000000 0.7168492 1.0000000
-1.3655959 1.0000000 0.6687283 1.0000000
-1.3653629 1.0000000 0.8590470 1.0000000
-1.3649010 1.0000000 0.6437201 1.0000000
-1.3644334 1.0000000 0.5845125 1.0000000
-1.3642140 1.0000000 0.8896633 1.0000000
-1.3630660 1.0000000 0.5113947 1.0000000
-1.3628550 1.0000000 0.8238760 1.0000000
-1.3624717 1.0000000 0.7184602 1.0000000
-1.3623971 1.0000000 0.6551108 1.0000000
-1.3622111 1.0000000 0.5416761 1.0000000
-1.3622027 1.0000000 0.7460794 1.0000000
-1.3619536 1.0000000 0.8593981 1.0000000
-1.3602020 1.0000000 0.6697868 1.0000000
-1.3596053 1.0000000 0.7982227 1.0000000
-1.3585171 1.0000000 0.6159300 1.0000000
-1.3566676 1.0000000 0.5704101 1.0000000
-1.3560338 1.0000000 0.8536645 1.0000000
-1.3550357 1.0000000 0.8043598 1.0000000
-1.3546897 1.0000000 0.6974942 1.0000000
-1.3543453 1.0000000 0.6859576 1.0000000
-1.3539758 1.0000000 0.8910020 1.0000000
-1.3536651 1.0000000 0.6298695 1.0000000
-1.3533755 1.0000000 0.4899092 1.0000000
-1.3533710 1.0000000 0.5709887 1.0000000
-1.3523107 1.0000000 0.5450736 1.0000000
-1.3519393 1.0000000 0.6416032 1.0000000
-1.3506838 1.0000000 0.6872535 1.0000000
-1.3500801 1.0000000 0.6671292 1.0000000
-1.3490981 1.0000000 0.5935153 1.0000000
-1.3490163 1.0000000 0.6760677 1.0000000
-1.3486477 1.0000000 0.5671503 1.0000000
-1.3483844 1.0000000 0.6877542 1.0000000
-1.3483250 1.0000000 0.7653193 1.0000000
-1.3480518 1.0000000 0.7315963 1.0000000
-1.3471804 1.0000000 0.7896747 1.0000000
-1.3470322 1.0000000 0.7597939 1.0000000
-1.3467727 1.0000000 0.7953862 1.0000000
-1.3463932 1.0000000 0.7209957 1.0000000
-1.3461737 1.0000000 0.6836465 1.0000000
-1.3452024 1.0000000 0.8406589 1.0000000
-1.3448412 1.0000000 0.5790246 1.0000000
-1.3446757 1.0000000 0.6440369 1.0000000
-1.3441734 1.0000000 0.7295736 1.0000000
-1.3436928 1.0000000 0.6203311 1.0000000
-1.3436370 1.0000000 0.5309950 1.0000000
-1.3428677 1.0000000 0.5887238 1.0000000
-1.3418711 1.0000000 0.6193063 1.0000000
-1.3418621 1.0000000 0.6374778 1.0000000
-1.3413047 1.0000000 0.6742149 1.0000000
-1.3404559 1.0000000 0.6198797 1.0000000
-1.3403497 1.0000000 0.5809121 1.0000000
-1.3399537 1.0000000 0.8423808 1.0000000
-1.3399498 1.0000000 0.8111471 1.0000000
-1.3385001 1.0000000 0.8805787 1.0000000
-1.3384807 1.0000000 0.6974053 1.0000000
-1.3377027 1.0000000 0.7965269 1.0000000
-1.3368206 1.0000000 0.4887729 1.0000000
-1.3358150 1.0000000 0.8070510 1.0000000
-1.3355494 1.0000000 0.6785582 1.0000000
-1.3346576 1.0000000 0.6483695 1.0000000
-1.3326056 1.0000000 0.8762129 1.0000000
-1.3325903 1.0000000 0.7874027 1.0000000
-1.3324585 1.0000000 0.6990249 1.0000000
-1.3319943 1.0000000 0.9757173 1.0000000
-1.3316169 1.0000000 0.7561660 1.0000000
-1.3307547 1.0000000 0.7315010 1.0000000
-1.3306884 1.0000000 0.6963997 1.0000000
-1.3294035 1.0000000 0.7753851 1.0000000
-1.3292911 1.0000000 0.7118036 1.0000000
-1.3291826 1.0000000 0.6294276 1.0000000
-1.3285005 1.0000000 0.6586218 1.0000000
-1.3281985 1.0000000 0.8076882 1.0000000
-1.3277611 1.0000000 0.8104497 1.0000000
-1.3277298 1.0000000 0.6354728 1.0000000
-1.3277150 1.0000000 0.8255271 1.0000000
-1.3274777 1.0000000 0.4480479 1.0000000
-1.3274687 1.0000000 0.9269524 1.0000000
-1.3269730 1.0000000 0.8031042 1.0000000
-1.3268922 1.0000000 0.8702781 1.0000000
-1.3268671 1.0000000 0.8210505 1.0000000
-1.3265372 1.0000000 0.6820122 1.0000000
-1.3262620 1.0000000 0.7138457 1.0000000
-1.3243904 1.0000000 0.7357654 1.0000000
-1.3241531 1.0000000 0.6758123 1.0000000
-1.3238793 1.0000000 0.7578483 1.0000000
-1.3231084 1.0000000 0.9197493 1.0000000
-1.3229518 1.0000000 0.6968918 1.0000000
-1.3218795 1.0000000 0.6874706 1.0000000
-1.3215875 1.0000000 0.8210684 1.0000000
-1.3196966 1.0000000 0.7108704 1.0000000
-1.3192065 1.0000000 0.7654509 1.0000000
-1.3188084 1.0000000 0.7896742 1.0000000
-1.3183440 1.0000000 0.7424460 1.0000000
-1.3157994 1.0000000 0.7814856 1.0000000
-1.3157222 1.0000000 0.5783630 1.0000000
-1.3149506 1.0000000 0.8014021 1.0000000
-1.3149422 1.0000000 0.5941334 1.0000000
-1.3145419 1.0000000 0.8622693 1.0000000
-1.3126751 1.0000000 0.7189323 1.0000000
-1.3124007 1.0000000 0.7791306 1.0000000
-1.3119430 1.0000000 0.7852718 1.0000000
-1.3114044 1.0000000 0.7222434 1.0000000
-1.3111757 1.0000000 0.8125765 1.0000000
-1.3107360 1.0000000 0.6350720 1.0000000
-1.3107073 1.0000000 0.9009820 1.0000000
-1.3105566 1.0000000 0.7486897 1.0000000
-1.3105399 1.0000000 0.7288989 1.0000000
-1.3099699 1.0000000 0.7934979 1.0000000
-1.3092528 1.0000000 0.7518939 1.0000000
-1.3087651 1.0000000 0.8404760 1.0000000
-1.3084043 1.0000000 0.6683380 1.0000000
-1.3083446 1.0000000 0.7151378 1.0000000
-1.3083061 1.0000000 0.7242749 1.0000000
-1.3071621 1.0000000 0.7032519 1.0000000
-1.3069517 1.0000000 0.8230712 1.0000000
-1.3060967 1.0000000 0.8340029 1.0000000
-1.3057209 1.0000000 0.5989974 1.0000000
-1.3056524 1.0000000 0.8374786 1.0000000
-1.3054923 1.0000000 0.8106029 1.0000000
-1.3050079 1.0000000 0.7406813 1.0000000
-1.3049865 1.0000000 0.8173111 1.0000000
-1.3043667 1.0000000 0.6325305 1.0000000
-1.3042472 1.0000000 0.8372731 1.0000000
-1.3030792 1.0000000 0.8667248 1.0000000
-1.3027263 1.0000000 0.8375119 1.0000000
-1.3025693 1.0000000 0.7344826 1.0000000
-1.3025665 1.0000000 0.6195741 1.0000000
-1.3019457 1.0000000 0.6674603 1.0000000
-1.3017996 1.0000000 0.6358076 1.0000000
-1.3011856 1.0000000 0.6571167 1.0000000
-1.3008959 1.0000000 0.8297908 1.0000000
-1.3003544 1.0000000 0.7536901 1.0000000
-1.3001726 1.0000000 0.8191640 1.0000000
-1.3000482 1.0000000 0.7194099 1.0000000
-1.2998874 1.0000000 0.7538675 1.0000000
-1.2994889 1.0000000 0.8533964 1.0000000
-1.2992192 1.0000000 0.7307908 1.0000000
-1.2991815 1.0000000 0.8027742 1.0000000
-1.2989889 1.0000000 0.7746624 1.0000000
-1.2983834 1.0000000 0.6762554 1.0000000
-1.2982253 1.0000000 0.6419705 1.0000000
-1.2981004 1.0000000 0.7347683 1.0000000
-1.2975410 1.0000000 0.7747599 1.0000000
-1.2974574 1.0000000 0.8648618 1.0000000
-1.2958586 1.0000000 0.8179758 1.0000000
-1.2947404 1.0000000 0.5539067 1.0000000
-1.2945833 1.0000000 0.7007619 1.0000000
-1.2943677 1.0000000 0.5015645 1.0000000
-1.2943066 1.0000000 0.7035024 1.0000000
-1.2943023 1.0000000 0.5847685 1.0000000
-1.2933815 1.0000000 0.6529059 1.0000000
-1.2932498 1.0000000 0.6887857 1.0000000
-1.2931696 1.0000000 0.5159149 1.0000000
-1.2927916 1.0000000 0.9852783 1.0000000
-1.2915474 1.0000000 0.8207039 1.0000000
-1.2912408 1.0000000 0.6699058 1.0000000
-1.2903075 1.0000000 0.7455786 1.0000000
-1.2900361 1.0000000 0.7545484 1.0000000
-1.2898816 1.0000000 0.7677275 1.0000000
-1.2894646 1.0000000 0.7721235 1.0000000
-1.2894050 1.0000000 0.8274666 1.0000000
-1.2892530 1.0000000 0.7738496 1.0000000
-1.2886526 1.0000000 0.7857746 1.0000000
-1.2884015 1.0000000 0.6248333 1.0000000
-1.2881948 1.0000000 0.6404195 1.0000000
-1.2874365 1.0000000 0.8327017 1.0000000
-1.2872802 1.0000000 0.6784967 1.0000000
-1.2866663 1.0000000 0.5530718 1.0000000
-1.2861362 1.0000000 0.7730820 1.0000000
-1.2859853 1.0000000 0.8000090 1.0000000
-1.2859712 1.0000000 0.9842659 1.0000000
-1.2858014 1.0000000 0.8753332 1.0000000
-1.2855828 1.0000000 0.8013734 1.0000000
-1.2855150 1.0000000 0.8061566 1.0000000
-1.2854663 1.0000000 0.6524870 1.0000000
-1.2849479 1.0000000 0.7870065 1.0000000
-1.2836566 1.0000000 0.8226720 1.0000000
-1.2832572 1.0000000 0.7930496 1.0000000
-1.2827017 1.0000000 0.6379271 1.0000000
-1.2814268 1.0000000 0.8988552 1.0000000
-1.2813072 1.0000000 0.8605192 1.0000000
-1.2811493 1.0000000 0.6325111 1.0000000
-1.2789481 1.0000000 0.7141766 1.0000000
-1.2784524 1.0000000 0.8276810 1.0000000
-1.2776435 1.0000000 0.8444101 1.0000000
-1.2776094 1.0000000 0.6401657 1.0000000
-1.2768548 1.0000000 0.7050528 1.0000000
-1.2766473 1.0000000 0.5251822 1.0000000
-1.2758821 1.0000000 0.5066552 1.0000000
-1.2753051 1.0000000 0.7587389 1.0000000
-1.2752562 1.0000000 0.7804261 1.0000000
-1.2745875 1.0000000 0.6012187 1.0000000
-1.2740386 1.0000000 0.6498459 1.0000000
-1.2738207 1.0000000 0.7154622 1.0000000
-1.2737131 1.0000000 0.8578501 1.0000000
-1.2736407 1.0000000 0.9310789 1.0000000
-1.2731677 1.0000000 0.8448217 1.0000000
-1.2730902 1.0000000 0.6443575 1.0000000
-1.2717736 1.0000000 0.8185348 1.0000000
-1.2715214 1.0000000 0.8947347 1.0000000
-1.2714340 1.0000000 0.7219173 1.0000000
-1.2710004 1.0000000 0.5977870 1.0000000
-1.2709479 1.0000000 0.7095988 1.0000000
-1.2704117 1.0000000 0.8227497 1.0000000
-1.2685634 1.0000000 0.8991127 1.0000000
-1.2676590 1.0000000 0.8790489 1.0000000
-1.2676170 1.0000000 0.7352529 1.0000000
-1.2672132 1.0000000 0.8935203 1.0000000
-1.2665591 1.0000000 0.6655930 1.0000000
-1.2664874 1.0000000 0.7400979 1.0000000
-1.2651265 1.0000000 0.7197476 1.0000000
-1.2627905 1.0000000 0.7237223 1.0000000
-1.2625156 1.0000000 0.8145136 1.0000000
-1.2606253 1.0000000 0.6495738 1.0000000
-1.2599513 1.0000000 0.7972445 1.0000000
-1.2596998 1.0000000 0.7214574 1.0000000
-1.2586150 1.0000000 0.7688129 1.0000000
-1.2583300 1.0000000 0.7996955 1.0000000
-1.2582748 1.0000000 0.7183853 1.0000000
-1.2576189 1.0000000 0.6625291 1.0000000
-1.2571550 1.0000000 0.6483475 1.0000000
-1.2570654 1.0000000 0.8075095 1.0000000
-1.2563633 1.0000000 0.9340532 1.0000000
-1.2562172 1.0000000 0.7751149 1.0000000
-1.2560325 1.0000000 0.6844058 1.0000000
-1.2550704 1.0000000 0.7828701 1.0000000
-1.2547109 1.0000000 0.5683686 1.0000000
-1.2544044 1.0000000 0.7325223 1.0000000
-1.2542930 1.0000000 0.5606945 1.0000000
-1.2542646 1.0000000 0.5792389 1.0000000
-1.2541316 1.0000000 0.5679398 1.0000000
-1.2540356 1.0000000 0.6553896 1.0000000
-1.2536254 1.0000000 0.7879210 1.0000000
-1.2535010 1.0000000 0.7633920 1.0000000
-1.2521720 1.0000000 0.9047349 1.0000000
-1.2516746 1.0000000 0.7417043 1.0000000
-1.2501063 1.0000000 0.7928370 1.0000000
-1.2499007 1.0000000 0.7216927 1.0000000
-1.2495425 1.0000000 0.7361414 1.0000000
-1.2493448 1.0000000 0.8165622 1.0000000
-1.2490066 1.0000000 0.9004435 1.0000000
-1.2490054 1.0000000 0.8236471 1.0000000
-1.2488516 1.0000000 0.7891321 1.0000000
-1.2488020 1.0000000 0.5341627 1.0000000
-1.2477850 1.0000000 0.7100810 1.0000000
-1.2474774 1.0000000 0.6641627 1.0000000
-1.2473560 1.0000000 0.6796057 1.0000000
-1.2473159 1.0000000 0.8821033 1.0000000
-1.2472526 1.0000000 0.9157712 1.0000000
-1.2466302 1.0000000 0.9380152 1.0000000
-1.2456195 1.0000000 0.6526829 1.0000000
-1.2449725 1.0000000 0.5960576 1.0000000
-1.2448098 1.0000000 0.7753808 1.0000000
-1.2448029 1.0000000 0.7364187 1.0000000
-1.2440833 1.0000000 0.6366542 1.0000000
-1.2432756 1.0000000 0.8730733 1.0000000
-1.2432179 1.0000000 0.7029916 1.0000000
-1.2431380 1.0000000 0.7130370 1.0000000
-1.2426115 1.0000000 0.9420530 1.0000000
-1.2412072 1.0000000 0.6103445 1.0000000
-1.2407961 1.0000000 0.9032688 1.0000000
-1.2404236 1.0000000 0.7475379 1.0000000
-1.2385022 1.0000000 0.8357733 1.0000000
-1.2379391 1.0000000 1.0107036 1.0000000
-1.2374407 1.0000000 0.6841769 1.0000000
-1.2372649 1.0000000 0.9436976 1.0000000
-1.2372556 1.0000000 0.6580539 1.0000000
-1.2367512 1.0000000 0.9194933 1.0000000
-1.2363162 1.0000000 0.8197048 1.0000000
-1.2362923 1.0000000 0.8527771 1.0000000
-1.2355896 1.0000000 0.5945342 1.0000000
-1.2355086 1.0000000 0.8876401 1.0000000
-1.2354426 1.0000000 0.7805206 1.0000000
-1.2351907 1.0000000 0.9169806 1.0000000
-1.2350697 1.0000000 0.9090647 1.0000000
-1.2349317 1.0000000 0.8229124 1.0000000
-1.2349240 1.0000000 0.7382685 1.0000000
-1.2335548 1.0000000 0.8404428 1.0000000
-1.2335506 1.0000000 0.7653184 1.0000000
-1.2331731 1.0000000 0.7791567 1.0000000
-1.2331163 1.0000000 0.7332144 1.0000000
-1.2330096 1.0000000 0.7713136 1.0000000
-1.2324721 1.0000000 0.8934116 1.0000000
-1.2323046 1.0000000 0.7254935 1.0000000
-1.2318576 1.0000000 0.6846416 1.0000000
-1.2308228 1.0000000 0.9138919 1.0000000
-1.2303576 1.0000000 0.9038307 1.0000000
-1.2300965 1.0000000 0.6159879 1.0000000
-1.2296420 1.0000000 0.8997532 1.0000000
-1.2292271 1.0000000 0.8030788 1.0000000
-1.2278812 1.0000000 0.6937590 1.0000000
-1.2270095 1.0000000 0.8348381 1.0000000
-1.2259045 1.0000000 0.7266964 1.0000000
-1.2258309 1.0000000 0.7652909 1.0000000
-1.2256449 1.0000000 0.7549070 1.0000000
-1.2246977 1.0000000 1.0466302 1.0000000
-1.2235333 1.0000000 0.6941874 1.0000000
-1.2229208 1.0000000 1.0277490 1.0000000
-1.2228041 1.0000000 0.8823153 1.0000000
-1.2217262 1.0000000 0.6586095 1.0000000
-1.2216658 1.0000000 0.7195178 1.0000000
-1.2211241 1.0000000 0.8672394 1.0000000
-1.2208903 1.0000000 0.7417592 1.0000000
-1.2203401 1.0000000 0.7855776 1.0000000
-1.2190609 1.0000000 0.8200075 1.0000000
-1.2190431 1.0000000 0.9427609 1.0000000
-1.2176869 1.0000000 0.6462282 1.0000000
-1.2157848 1.0000000 0.9984922 1.0000000
-1.2157383 1.0000000 0.6640771 1.0000000
-1.2157114 1.0000000 0.7062690 1.0000000
-1.2154070 1.0000000 0.7081619 1.0000000
-1.2153377 1.0000000 0.6769704 1.0000000
-1.2150927 1.0000000 0.8386201 1.0000000
-1.2142978 1.0000000 0.9273220 1.0000000
-1.2138359 1.0000000 0.6535244 1.0000000
-1.2135609 1.0000000 0.7816333 1.0000000
-1.2133336 1.0000000 0.7795606 1.0000000
-1.2130963 1.0000000 0.9007770 1.0000000
-1.2129823 1.0000000 0.8022958 1.0000000
-1.2125792 1.0000000 0.7501984 1.0000000
-1.2121838 1.0000000 0.8080100 1.0000000
-1.2113047 1.0000000 0.9028525 1.0000000
-1.2112030 1.0000000 0.8639760 1.0000000
-1.2108901 1.0000000 0.8930672 1.0000000
-1.2106379 1.0000000 0.7976950 1.0000000
-1.2101431 1.0000000 0.7674759 1.0000000
-1.2101352 1.0000000 1.0466174 1.0000000
-1.2100238 1.0000000 0.8080781 1.0000000
-1.2098904 1.0000000 0.8981183 1.0000000
-1.2098553 1.0000000 0.8557779 1.0000000
-1.2092506 1.0000000 0.7203712 1.0000000
-1.2087086 1.0000000 0.7455290 1.0000000
-1.2086064 1.0000000 0.9681480 1.0000000
-1.2082445 1.0000000 0.7686222 1.0000000
-1.2080468 1.0000000 0.8655303 1.0000000
-1.2078320 1.0000000 0.8472106 1.0000000
-1.2075406 1.0000000 0.7711656 1.0000000
-1.2074113 1.0000000 0.8816329 1.0000000
-1.2064957 1.0000000 0.8364013 1.0000000
-1.2064195 1.0000000 0.7445342 1.0000000
-1.2062351 1.0000000 0.7938630 1.0000000
-1.2056462 1.0000000 0.7217183 1.0000000
-1.2043807 1.0000000 0.9335969 1.0000000
-1.2034053 1.0000000 0.7998300 1.0000000
-1.2033521 1.0000000 0.7472097 1.0000000
-1.2024802 1.0000000 0.8768605 1.0000000
-1.2021712 1.0000000 0.7092355 1.0000000
-1.2018767 1.0000000 0.6847163 1.0000000
-1.2013697 1.0000000 0.8327752 1.0000000
-1.2013014 1.0000000 0.7943052 1.0000000
-1.2008148 1.0000000 0.7911468 1.0000000
-1.2005675 1.0000000 0.8571831 1.0000000
-1.1996910 1.0000000 0.8429630 1.0000000
-1.1996482 1.0000000 0.8076831 1.0000000
-1.1994607 1.0000000 0.8106325 1.0000000
-1.1992738 1.0000000 1.0121493 1.0000000
-1.1986093 1.0000000 0.7876956 1.0000000
-1.1983451 1.0000000 0.7740718 1.0000000
-1.1979080 1.0000000 0.9638799 1.0000000
-1.1977697 1.0000000 0.9279068 1.0000000
-1.1969748 1.0000000 0.9478630 1.0000000
-1.1967326 1.0000000 0.9169587 1.0000000
-1.1965828 1.0000000 0.7826844 1.0000000
-1.1963905 1.0000000 0.9356867 1.0000000
-1.1957440 1.0000000 0.8071123 1.0000000
-1.1947836 1.0000000 0.7927337 1.0000000
-1.1946426 1.0000000 0.8252333 1.0000000
-1.1934078 1.0000000 0.8962901 1.0000000
-1.1911564 1.0000000 0.6094044 1.0000000
-1.1907834 1.0000000 0.8495190 1.0000000
-1.1907553 1.0000000 0.8227032 1.0000000
-1.1906961 1.0000000 0.7668660 1.0000000
-1.1903823 1.0000000 0.9605383 1.0000000
-1.1894837 1.0000000 0.7778122 1.0000000
-1.1893536 1.0000000 0.8106969 1.0000000
-1.1889765 1.0000000 0.7003241 1.0000000
-1.1884629 1.0000000 0.9251386 1.0000000
-1.1877685 1.0000000 0.9065276 1.0000000
-1.1874797 1.0000000 0.9090283 1.0000000
-1.1866535 1.0000000 0.9364249 1.0000000
-1.1866108 1.0000000 0.8500582 1.0000000
-1.1864427 1.0000000 0.7497191 1.0000000
-1.1849356 1.0000000 0.7740741 1.0000000
-1.1847743 1.0000000 1.0187693 1.0000000
-1.1824450 1.0000000 0.7585542 1.0000000
-1.1822103 1.0000000 0.8213930 1.0000000
-1.1815208 1.0000000 0.8383688 1.0000000
-1.1814031 1.0000000 0.6888269 1.0000000
-1.1800978 1.0000000 0.8598949 1.0000000
-1.1795973 1.0000000 0.8249754 1.0000000
-1.1791838 1.0000000 0.7627260 1.0000000
-1.1789862 1.0000000 0.8607181 1.0000000
-1.1788091 1.0000000 0.7763443 1.0000000
-1.1786995 1.0000000 0.8331622 1.0000000
-1.1782933 1.0000000 1.0284843 1.0000000
-1.1782675 1.0000000 0.5666300 1.0000000
-1.1779455 1.0000000 0.8818596 1.0000000
-1.1778760 1.0000000 0.9735248 1.0000000
-1.1773513 1.0000000 0.6698808 1.0000000
-1.1770995 1.0000000 0.6897031 1.0000000
-1.1767803 1.0000000 0.7949324 1.0000000
-1.1761707 1.0000000 0.9246877 1.0000000
-1.1759277 1.0000000 0.7164115 1.0000000
-1.1745177 1.0000000 0.9120302 1.0000000
-1.1745118 1.0000000 0.9693221 1.0000000
-1.1741215 1.0000000 0.7262354 1.0000000
-1.1714100 1.0000000 0.8422456 1.0000000
-1.1708825 1.0000000 0.7137806 1.0000000
-1.1705839 1.0000000 0.9764205 1.0000000
-1.1704052 1.0000000 1.0465154 1.0000000
-1.1695098 1.0000000 0.9077172 1.0000000
-1.1688937 1.0000000 0.9869945 1.0000000
-1.1684645 1.0000000 0.7773294 1.0000000
-1.1681045 1.0000000 0.8699812 1.0000000
-1.1680868 1.0000000 0.9138870 1.0000000
-1.1671598 1.0000000 0.7651437 1.0000000
-1.1670503 1.0000000 0.6816057 1.0000000
-1.1665454 1.0000000 0.8102562 1.0000000
-1.1645310 1.0000000 0.7397548 1.0000000
-1.1643606 1.0000000 1.0112743 1.0000000
-1.1643070 1.0000000 0.8003520 1.0000000
-1.1631141 1.0000000 0.8746020 1.0000000
-1.1624000 1.0000000 0.9439259 1.0000000
-1.1623433 1.0000000 0.8038981 1.0000000
-1.1622656 1.0000000 0.9980978 1.0000000
-1.1617238 1.0000000 0.7053485 1.0000000
-1.1615972 1.0000000 0.8507384 1.0000000
-1.1605149 1.0000000 0.8849103 1.0000000
-1.1594046 1.0000000 0.8940876 1.0000000
-1.1593586 1.0000000 0.8844169 1.0000000
-1.1577915 1.0000000 0.8909764 1.0000000
-1.1567212 1.0000000 0.8524424 1.0000000
-1.1565615 1.0000000 0.8364611 1.0000000
-1.1550928 1.0000000 0.8969692 1.0000000
-1.1539033 1.0000000 0.8965322 1.0000000
-1.1534482 1.0000000 1.0197374 1.0000000
-1.1533741 1.0000000 0.9315383 1.0000000
-1.1531264 1.0000000 0.9711875 1.0000000
-1.1523255 1.0000000 1.0873450 1.0000000
-1.1520651 1.0000000 0.9991276 1.0000000
-1.1517360 1.0000000 0.7995117 1.0000000
-1.1515656 1.0000000 0.9675087 1.0000000
-1.1509907 1.0000000 0.8230938 1.0000000
-1.1509907 1.0000000 0.7468758 1.0000000
-1.1505131 1.0000000 0.9621827 1.0000000
-1.1491486 1.0000000 0.8307018 1.0000000
-1.1490334 1.0000000 0.6112353 1.0000000
-1.1484333 1.0000000 0.8609213 1.0000000
-1.1479929 1.0000000 0.8772217 1.0000000
-1.1475354 1.0000000 0.8547062 1.0000000
-1.1472865 1.0000000 0.7984917 1.0000000
-1.1472683 1.0000000 0.9183027 1.0000000
-1.1465579 1.0000000 0.8584412 1.0000000
-1.1461286 1.0000000 0.9474015 1.0000000
-1.1458144 1.0000000 0.7868690 1.0000000
-1.1457386 1.0000000 0.7378272 1.0000000
-1.1454577 1.0000000 0.9539935 1.0000000
-1.1441364 1.0000000 0.8153817 1.0000000
-1.1438994 1.0000000 0.9298710 1.0000000
-1.1438195 1.0000000 0.8233218 1.0000000
-1.1438185 1.0000000 0.8610938 1.0000000
-1.1437303 1.0000000 0.8613992 1.0000000
-1.1435655 1.0000000 0.7863175 1.0000000
-1.1429699 1.0000000 0.7763084 1.0000000
-1.1427247 1.0000000 0.9534112 1.0000000
-1.1416565 1.0000000 0.7061289 1.0000000
-1.1413025 1.0000000 0.9464908 1.0000000
-1.1403431 1.0000000 0.9331129 1.0000000
-1.1397267 1.0000000 0.8716906 1.0000000
-1.1391176 1.0000000 0.8494195 1.0000000
-1.1385257 1.0000000 0.7240902 1.0000000
-1.1382490 1.0000000 0.8661714 1.0000000
-1.1377939 1.0000000 0.8139985 1.0000000
-1.1375711 1.0000000 0.7395985 1.0000000
-1.1368053 1.0000000 0.6919776 1.0000000
-1.1368005 1.0000000 0.7723646 1.0000000
-1.1349840 1.0000000 0.9014220 1.0000000
-1.1345167 1.0000000 0.8811217 1.0000000
-1.1342013 1.0000000 0.7849651 1.0000000
-1.1341927 1.0000000 0.8375606 1.0000000
-1.1336108 1.0000000 0.9517044 1.0000000
-1.1328262 1.0000000 0.7740833 1.0000000
-1.1317538 1.0000000 1.0045533 1.0000000
-1.1311595 1.0000000 0.9218743 1.0000000
-1.1308756 1.0000000 1.1009451 1.0000000
-1.1306924 1.0000000 0.8392158 1.0000000
-1.1306561 1.0000000 0.9212558 1.0000000
-1.1305436 1.0000000 0.8458452 1.0000000
-1.1281901 1.0000000 0.8227890 1.0000000
-1.1280398 1.0000000 0.8256882 1.0000000
-1.1277633 1.0000000 0.7832128 1.0000000
-1.1277434 1.0000000 0.8674624 1.0000000
-1.1269876 1.0000000 1.0214362 1.0000000
-1.1264453 1.0000000 1.1541896 1.0000000
-1.1264039 1.0000000 0.7999985 1.0000000
-1.1253796 1.0000000 0.8881045 1.0000000
-1.1251847 1.0000000 0.9579659 1.0000000
-1.1247729 1.0000000 0.9678762 1.0000000
-1.1245200 1.0000000 0.8200759 1.0000000
-1.1240492 1.0000000 0.7838861 1.0000000
-1.1229844 1.0000000 0.8720079 1.0000000
-1.1229557 1.0000000 1.0439946 1.0000000
-1.1224882 1.0000000 0.9450253 1.0000000
-1.1221405 1.0000000 1.0941962 1.0000000
-1.1209027 1.0000000 0.7848056 1.0000000
-1.1205521 1.0000000 0.8682679 1.0000000
-1.1204500 1.0000000 0.9256133 1.0000000
-1.1188518 1.0000000 0.9618541 1.0000000
-1.1187408 1.0000000 0.6946880 1.0000000
-1.1187121 1.0000000 0.9521822 1.0000000
-1.1187012 1.0000000 1.0008729 1.0000000
-1.1178956 1.0000000 0.9387068 1.0000000
-1.1171171 1.0000000 0.9413521 1.0000000
-1.1169633 1.0000000 1.0250411 1.0000000
-1.1165506 1.0000000 0.9588872 1.0000000
-1.1163692 1.0000000 0.8991929 1.0000000
-1.1151362 1.0000000 0.9295597 1.0000000
-1.1150001 1.0000000 0.8499193 1.0000000
-1.1144610 1.0000000 0.8504696 1.0000000
-1.1140447 1.0000000 1.1613683 1.0000000
-1.1133242 1.0000000 0.8679692 1.0000000
-1.1132810 1.0000000 1.0582815 1.0000000
-1.1129059 1.0000000 1.0791172 1.0000000
-1.1127326 1.0000000 1.0604066 1.0000000
-1.1121738 1.0000000 0.8073458 1.0000000
-1.1107433 1.0000000 1.2070720 1.0000000
-1.1097931 1.0000000 0.7967070 1.0000000
-1.1088006 1.0000000 1.1081367 1.0000000
-1.1084610 1.0000000 0.9671269 1.0000000
-1.1076633 1.0000000 0.9773437 1.0000000
-1.1073043 1.0000000 0.8555316 1.0000000
-1.1071495 1.0000000 0.9735106 1.0000000
-1.1064243 1.0000000 0.8588472 1.0000000
-1.1062665 1.0000000 1.0223899 1.0000000
-1.1061827 1.0000000 0.9232451 1.0000000
-1.1061561 1.0000000 1.0158875 1.0000000
-1.1058292 1.0000000 1.0411508 1.0000000
-1.1056906 1.0000000 1.0479900 1.0000000
-1.1053032 1.0000000 0.8343059 1.0000000
-1.1042094 1.0000000 0.9174182 1.0000000
-1.1037640 1.0000000 0.8154303 1.0000000
-1.1037357 1.0000000 0.8701732 1.0000000
-1.1034927 1.0000000 1.0968773 1.0000000
-1.1032862 1.0000000 0.9304416 1.0000000
-1.1031967 1.0000000 0.8399438 1.0000000
-1.1030196 1.0000000 1.1120001 1.0000000
-1.1028313 1.0000000 0.9848971 1.0000000
-1.1027289 1.0000000 0.8573423 1.0000000
-1.1021066 1.0000000 1.0069651 1.0000000
-1.1003876 1.0000000 1.0247341 1.0000000
-1.1001958 1.0000000 0.9186772 1.0000000
-1.0997577 1.0000000 0.8190757 1.0000000
-1.0993635 1.0000000 0.8691856 1.0000000
-1.0989216 1.0000000 0.8808966 1.0000000
-1.0982169 1.0000000 0.9067956 1.0000000
-1.0980842 1.0000000 0.9291217 1.0000000
-1.0976370 1.0000000 0.8890790 1.0000000
-1.0972098 1.0000000 0.9871776 1.0000000
-1.0970447 1.0000000 0.8703499 1.0000000
-1.0961168 1.0000000 0.9040925 1.0000000
-1.0957887 1.0000000 0.9463602 1.0000000
-1.0954975 1.0000000 1.0711905 1.0000000
-1.0950239 1.0000000 1.0752945 1.0000000
-1.0943879 1.0000000 0.9344032 1.0000000
-1.0941127 1.0000000 0.9465992 1.0000000
-1.0938820 1.0000000 1.0050751 1.0000000
-1.0935067 1.0000000 1.0119525 1.0000000
-1.0934309 1.0000000 0.9105575 1.0000000
-1.0931503 1.0000000 0.9523861 1.0000000
-1.0917673 1.0000000 0.9915845 1.0000000
-1.0911584 1.0000000 0.9888141 1.0000000
-1.0905553 1.0000000 0.8815557 1.0000000
-1.0904194 1.0000000 0.9696193 1.0000000
-1.0896958 1.0000000 0.8694223 1.0000000
-1.0895292 1.0000000 1.0197823 1.0000000
-1.0891009 1.0000000 0.9422255 1.0000000
-1.0889533 1.0000000 1.0847935 1.0000000
-1.0888547 1.0000000 0.7497482 1.0000000
-1.0884316 1.0000000 0.9199608 1.0000000
-1.0881519 1.0000000 0.9272802 1.0000000
-1.0877452 1.0000000 0.7602141 1.0000000
-1.0876698 1.0000000 0.7889409 1.0000000
-1.0875838 1.0000000 1.0482754 1.0000000
-1.0872974 1.0000000 1.0349448 1.0000000
-1.0872309 1.0000000 1.0715896 1.0000000
-1.0872303 1.0000000 0.8392273 1.0000000
-1.0868858 1.0000000 0.8301177 1.0000000
-1.0868284 1.0000000 0.7638311 1.0000000
-1.0864564 1.0000000 1.1081419 1.0000000
-1.0852002 1.0000000 0.9711547 1.0000000
-1.0843338 1.0000000 0.9485202 1.0000000
-1.0833050 1.0000000 1.0732048 1.0000000
-1.0832487 1.0000000 0.8972741 1.0000000
-1.0826782 1.0000000 0.9068990 1.0000000
-1.0820418 1.0000000 1.0045232 1.0000000
-1.0818523 1.0000000 0.8362486 1.0000000
-1.0816187 1.0000000 0.9985359 1.0000000
-1.0809710 1.0000000 1.0002323 1.0000000
-1.0807112 1.0000000 0.7972039 1.0000000
-1.0788473 1.0000000 0.9251552 1.0000000
-1.0783829 1.0000000 0.9077538 1.0000000
-1.0782826 1.0000000 1.0010029 1.0000000
-1.0782416 1.0000000 0.9550445 1.0000000
-1.0776943 1.0000000 0.9470746 1.0000000
-1.0774935 1.0000000 0.8298234 1.0000000
-1.0770922 1.0000000 0.9153015 1.0000000
-1.0761233 1.0000000 0.9217093 1.0000000
-1.0746970 1.0000000 0.9833958 1.0000000
-1.0738115 1.0000000 1.0150466 1.0000000
-1.0727818 1.0000000 1.0477465 1.0000000
-1.0724481 1.0000000 1.1310502 1.0000000
-1.0713211 1.0000000 1.0113875 1.0000000
-1.0702778 1.0000000 1.0516149 1.0000000
-1.0700432 1.0000000 1.0626648 1.0000000
-1.0699458 1.0000000 0.8854598 1.0000000
-1.0697602 1.0000000 0.8322324 1.0000000
-1.0690810 1.0000000 1.0652324 1.0000000
-1.0686351 1.0000000 1.1918687 1.0000000
-1.0686047 1.0000000 1.0150732 1.0000000
-1.0679356 1.0000000 1.1738126 1.0000000
-1.0667526 1.0000000 0.8286902 1.0000000
-1.0665718 1.0000000 1.0904083 1.0000000
-1.0662941 1.0000000 0.9566543 1.0000000
-1.0657938 1.0000000 0.9436186 1.0000000
-1.0655692 1.0000000 1.0309847 1.0000000
-1.0643063 1.0000000 0.8876369 1.0000000
-1.0638824 1.0000000 0.9711008 1.0000000
-1.0622770 1.0000000 0.8480866 1.0000000
-1.0622697 1.0000000 0.9863488 1.0000000
-1.0617843 1.0000000 0.9541424 1.0000000
-1.0600573 1.0000000 1.0109665 1.0000000
-1.0598525 1.0000000 1.1266234 1.0000000
-1.0592119 1.0000000 0.9287544 1.0000000
-1.0588940 1.0000000 1.0684390 1.0000000
-1.0586465 1.0000000 0.9110643 1.0000000
-1.0585361 1.0000000 0.7030746 1.0000000
-1.0583720 1.0000000 1.0793756 1.0000000
-1.0577310 1.0000000 0.9315105 1.0000000
-1.0571390 1.0000000 0.8760669 1.0000000
-1.0571016 1.0000000 0.9840292 1.0000000
-1.0565012 1.0000000 1.0257105 1.0000000
-1.0561543 1.0000000 1.0392554 1.0000000
-1.0556127 1.0000000 0.9119786 1.0000000
-1.0553299 1.0000000 0.9067203 1.0000000
-1.0548135 1.0000000 0.9393169 1.0000000
-1.0540984 1.0000000 0.9695889 1.0000000
-1.0540012 1.0000000 0.8708718 1.0000000
-1.0537689 1.0000000 0.9229119 1.0000000
-1.0537418 1.0000000 0.8771662 1.0000000
-1.0536937 1.0000000 1.1175215 1.0000000
-1.0529916 1.0000000 1.0774289 1.0000000
-1.0519363 1.0000000 1.0165896 1.0000000
-1.0518591 1.0000000 0.9142267 1.0000000
-1.0508550 1.0000000 0.8990775 1.0000000
-1.0499057 1.0000000 1.1353298 1.0000000
-1.0494605 1.0000000 1.0494992 1.0000000
-1.0488975 1.0000000 0.9276545 1.0000000
-1.0481051 1.0000000 0.8990148 1.0000000
-1.0479457 1.0000000 1.1084866 1.0000000
-1.0478960 1.0000000 0.9853528 1.0000000
-1.0476189 1.0000000 1.1087738 1.0000000
-1.0460753 1.0000000 1.1226164 1.0000000
-1.0446560 1.0000000 1.0679027 1.0000000
-1.0444589 1.0000000 1.0655600 1.0000000
-1.0440728 1.0000000 0.9863988 1.0000000
-1.0437821 1.0000000 1.0236972 1.0000000
-1.0437115 1.0000000 0.9513976 1.0000000
-1.0433653 1.0000000 0.8143403 1.0000000
-1.0427027 1.0000000 1.1600374 1.0000000
-1.0426743 1.0000000 0.9373200 1.0000000
-1.0423521 1.0000000 0.9383757 1.0000000
-1.0421075 1.0000000 0.9392236 1.0000000
-1.0420652 1.0000000 0.8841355 1.0000000
-1.0417674 1.0000000 1.0656899 1.0000000
-1.0416917 1.0000000 0.9981115 1.0000000
-1.0416284 1.0000000 1.1736019 1.0000000
-1.0412500 1.0000000 1.0063979 1.0000000
-1.0407982 1.0000000 0.9568408 1.0000000
-1.0406263 1.0000000 1.1401378 1.0000000
-1.0393294 1.0000000 1.0495464 1.0000000
-1.0389835 1.0000000 0.9489389 1.0000000
-1.0379504 1.0000000 1.1193874 1.0000000
-1.0376567 1.0000000 0.9852744 1.0000000
-1.0367465 1.0000000 1.0363535 1.0000000
-1.0359915 1.0000000 0.8378980 1.0000000
-1.0356520 1.0000000 1.0548282 1.0000000
-1.0352882 1.0000000 0.9562838 1.0000000
-1.0349065 1.0000000 1.0253460 1.0000000
-1.0344914 1.0000000 0.9736100 1.0000000
-1.0339730 1.0000000 0.9379353 1.0000000
-1.0335941 1.0000000 0.9596545 1.0000000
-1.0331067 1.0000000 1.0297593 1.0000000
-1.0330998 1.0000000 0.9769397 1.0000000
-1.0329201 1.0000000 0.8472553 1.0000000
-1.0323340 1.0000000 1.0491927 1.0000000
-1.0314984 1.0000000 1.1699212 1.0000000
-1.0312959 1.0000000 1.0703324 1.0000000
-1.0302954 1.0000000 1.0988520 1.0000000
-1.0294109 1.0000000 0.9269462 1.0000000
-1.0293091 1.0000000 0.8438737 1.0000000
-1.0291382 1.0000000 1.0521111 1.0000000
-1.0284169 1.0000000 0.9327638 1.0000000
-1.0277475 1.0000000 1.0238430 1.0000000
-1.0275366 1.0000000 1.1130944 1.0000000
-1.0264705 1.0000000 1.1446709 1.0000000
-1.0263921 1.0000000 0.9820031 1.0000000
-1.0260953 1.0000000 0.9455527 1.0000000
-1.0247764 1.0000000 1.1746332 1.0000000
-1.0247451 1.0000000 1.2495699 1.0000000
-1.0246565 1.0000000 1.1198307 1.0000000
-1.0246430 1.0000000 1.0713226 1.0000000
-1.0246156 1.0000000 1.0524392 1.0000000
-1.0245907 1.0000000 0.9892238 1.0000000
-1.0244975 1.0000000 1.1795408 1.0000000
-1.0240289 1.0000000 1.0897441 1.0000000
-1.0230214 1.0000000 1.1096880 1.0000000
-1.0225978 1.0000000 0.9598975 1.0000000
-1.0224870 1.0000000 1.0657645 1.0000000
-1.0214244 1.0000000 1.0800495 1.0000000
-1.0212969 1.0000000 1.1429488 1.0000000
-1.0212538 1.0000000 1.1343528 1.0000000
-1.0198208 1.0000000 1.2729856 1.0000000
-1.0195531 1.0000000 0.8988577 1.0000000
-1.0193528 1.0000000 1.0797139 1.0000000
-1.0185040 1.0000000 1.0719534 1.0000000
-1.0172543 1.0000000 0.9203313 1.0000000
-1.0167047 1.0000000 1.0259380 1.0000000
-1.0165198 1.0000000 1.1817163 1.0000000
-1.0156619 1.0000000 1.1022977 1.0000000
-1.0152998 1.0000000 1.0998585 1.0000000
-1.0144766 1.0000000 1.0250136 1.0000000
-1.0143071 1.0000000 1.0504498 1.0000000
-1.0141927 1.0000000 0.9174442 1.0000000
-1.0141234 1.0000000 0.9955862 1.0000000
-1.0134654 1.0000000 1.0572694 1.0000000
-1.0129428 1.0000000 0.9825858 1.0000000
-1.0124466 1.0000000 0.9211916 1.0000000
-1.0122511 1.0000000 0.9561335 1.0000000
-1.0116744 1.0000000 0.9780191 1.0000000
-1.0110970 1.0000000 0.9941309 1.0000000
-1.0107822 1.0000000 1.0063674 1.0000000
-1.0107314 1.0000000 1.1646902 1.0000000
-1.0102345 1.0000000 1.1278170 1.0000000
-1.0101898 1.0000000 1.0955464 1.0000000
-1.0101447 1.0000000 1.0182955 1.0000000
-1.0099308 1.0000000 1.1206419 1.0000000
-1.0098175 1.0000000 0.9667017 1.0000000
-1.0097372 1.0000000 1.0171071 1.0000000
-1.0095112 1.0000000 0.9230228 1.0000000
-1.0081409 1.0000000 1.0809798 1.0000000
-1.0081040 1.0000000 1.0058150 1.0000000
-1.0078913 1.0000000 0.9277903 1.0000000
-1.0078328 1.0000000 1.1510463 1.0000000
-1.0075393 1.0000000 1.0605627 1.0000000
-1.0067899 1.0000000 1.0504597 1.0000000
-1.0067489 1.0000000 0.9481521 1.0000000
-1.0063971 1.0000000 1.1157195 1.0000000
-1.0055832 1.0000000 1.0346846 1.0000000
-1.0049718 1.0000000 1.1144481 1.0000000
-1.0047860 1.0000000 0.9911980 1.0000000
-1.0045341 1.0000000 1.1069764 1.0000000
-1.0044627 1.0000000 1.0818871 1.0000000
-1.0034705 1.0000000 1.0630920 1.0000000
-1.0032861 1.0000000 0.8852735 1.0000000
-1.0031392 1.0000000 1.0630634 1.0000000
-1.0029198 1.0000000 1.0215520 1.0000000
-1.0023332 1.0000000 0.9735508 1.0000000
-1.0010433 1.0000000 1.1299997 1.0000000
-1.0002825 1.0000000 0.9853675 1.0000000
-0.9992091 1.0000000 1.1860634 1.0000000
-0.9991953 1.0000000 0.9954020 1.0000000
-0.9991730 1.0000000 0.9578410 1.0000000
-0.9973731 1.0000000 1.0066243 1.0000000
-0.9962813 1.0000000 0.9619732 1.0000000
-0.9959655 1.0000000 1.0632443 1.0000000
-0.9957519 1.0000000 1.0344842 1.0000000
-0.9953890 1.0000000 1.1166011 1.0000000
-0.9947994 1.0000000 1.1573801 1.0000000
-0.9932870 1.0000000 1.0431064 1.0000000
-0.9928639 1.0000000 1.0785079 1.0000000
-0.9926703 1.0000000 1.1318654 1.0000000
-0.9916580 1.0000000 0.9984537 1.0000000
-0.9914387 1.0000000 1.0552566 1.0000000
-0.9897570 1.0000000 0.9914708 1.0000000
-0.9895892 1.0000000 1.0187071 1.0000000
-0.9895238 1.0000000 0.9002355 1.0000000
-0.9893633 1.0000000 1.1925158 1.0000000
-0.9890680 1.0000000 1.0751057 1.0000000
-0.9889555 1.0000000 1.1224767 1.0000000
-0.9876909 1.0000000 1.0616465 1.0000000
-0.9875209 1.0000000 1.0842543 1.0000000
-0.9872727 1.0000000 0.9818993 1.0000000
-0.9871927 1.0000000 1.1524669 1.0000000
-0.9870595 1.0000000 1.0758198 1.0000000
-0.9867065 1.0000000 0.9621504 1.0000000
-0.9866536 1.0000000 1.0223627 1.0000000
-0.9857229 1.0000000 0.9580712 1.0000000
-0.9854862 1.0000000 1.0976721 1.0000000
-0.9850490 1.0000000 0.8274283 1.0000000
-0.9839601 1.0000000 0.9920403 1.0000000
-0.9834582 1.0000000 1.0062551 1.0000000
-0.9832788 1.0000000 0.8800848 1.0000000
-0.9832691 1.0000000 1.0736416 1.0000000
-0.9832410 1.0000000 1.0569101 1.0000000
-0.9828951 1.0000000 0.8237437 1.0000000
-0.9825520 1.0000000 1.0780797 1.0000000
-0.9822924 1.0000000 1.0948917 1.0000000
-0.9814357 1.0000000 1.2341233 1.0000000
-0.9801907 1.0000000 1.1993627 1.0000000
-0.9800857 1.0000000 1.1402257 1.0000000
-0.9800279 1.0000000 0.9354774 1.0000000
-0.9795392 1.0000000 0.9615611 1.0000000
-0.9790071 1.0000000 0.9866611 1.0000000
-0.9789161 1.0000000 1.2085881 1.0000000
-0.9787192 1.0000000 1.0495087 1.0000000
-0.9780589 1.0000000 1.1452095 1.0000000
-0.9762060 1.0000000 0.9210706 1.0000000
-0.9761577 1.0000000 1.0964706 1.0000000
-0.9760201 1.0000000 1.2158811 1.0000000
-0.9740032 1.0000000 1.0610221 1.0000000
-0.9738926 1.0000000 1.0692048 1.0000000
-0.9728922 1.0000000 0.8929976 1.0000000
-0.9722086 1.0000000 0.9045448 1.0000000
-0.9704935 1.0000000 1.1357545 1.0000000
-0.9695918 1.0000000 0.9466462 1.0000000
-0.9695604 1.0000000 1.2153174 1.0000000
-0.9694308 1.0000000 1.0329063 1.0000000
-0.9681243 1.0000000 0.8187872 1.0000000
-0.9679274 1.0000000 1.2228639 1.0000000
-0.9676978 1.0000000 0.9670692 1.0000000
-0.9675569 1.0000000 1.0331669 1.0000000
-0.9664787 1.0000000 1.0958434 1.0000000
-0.9656000 1.0000000 1.0967623 1.0000000
-0.9647722 1.0000000 0.9075300 1.0000000
-0.9646781 1.0000000 0.9672976 1.0000000
-0.9634036 1.0000000 0.9659956 1.0000000
-0.9621773 1.0000000 0.9272179 1.0000000
-0.9619493 1.0000000 1.0929942 1.0000000
-0.9606833 1.0000000 0.9822975 1.0000000
-0.9606522 1.0000000 1.1904034 1.0000000
-0.9604521 1.0000000 1.0889871 1.0000000
-0.9598693 1.0000000 0.9534063 1.0000000
-0.9594822 1.0000000 1.1361352 1.0000000
-0.9591213 1.0000000 1.1566682 1.0000000
-0.9582407 1.0000000 1.1590801 1.0000000
-0.9573524 1.0000000 0.9011589 1.0000000
-0.9570571 1.0000000 0.9964454 1.0000000
-0.9558922 1.0000000 0.9694013 1.0000000
-0.9557683 1.0000000 1.0351162 1.0000000
-0.9554773 1.0000000 1.2176153 1.0000000
-0.9551100 1.0000000 1.0212881 1.0000000
-0.9549981 1.0000000 1.0916611 1.0000000
-0.9548927 1.0000000 1.1152100 1.0000000
-0.9546103 1.0000000 1.1867029 1.0000000
-0.9534046 1.0000000 1.3330740 1.0000000
-0.9531846 1.0000000 1.0504233 1.0000000
-0.9520875 1.0000000 0.9792472 1.0000000
-0.9513809 1.0000000 1.0401316 1.0000000
-0.9511778 1.0000000 1.0091291 1.0000000
-0.9507902 1.0000000 1.0090752 1.0000000
-0.9506991 1.0000000 0.8109564 1.0000000
-0.9487389 1.0000000 0.9709250 1.0000000
-0.9485255 1.0000000 1.2906155 1.0000000
-0.9483429 1.0000000 1.2155468 1.0000000
-0.9476459 1.0000000 1.0840842 1.0000000
-0.9475492 1.0000000 1.1283993 1.0000000
-0.9473319 1.0000000 0.8547406 1.0000000
-0.9468098 1.0000000 0.9237209 1.0000000
-0.9463975 1.0000000 1.0833340 1.0000000
-0.9459665 1.0000000 1.0604053 1.0000000
-0.9452398 1.0000000 1.2185569 1.0000000
-0.9436716 1.0000000 0.8909020 1.0000000
-0.9435223 1.0000000 0.9375315 1.0000000
-0.9432851 1.0000000 0.9402794 1.0000000
-0.9419888 1.0000000 1.0336225 1.0000000
-0.9402591 1.0000000 0.9313395 1.0000000
-0.9400709 1.0000000 1.0611809 1.0000000
-0.9379892 1.0000000 1.0930223 1.0000000
-0.9356353 1.0000000 1.0633248 1.0000000
-0.9351225 1.0000000 1.0925260 1.0000000
-0.9346635 1.0000000 0.8176482 1.0000000
-0.9343503 1.0000000 1.0463992 1.0000000
-0.9320769 1.0000000 1.0778211 1.0000000
-0.9318259 1.0000000 0.8686115 1.0000000
-0.9317030 1.0000000 0.8592467 1.0000000
-0.9316925 1.0000000 1.0309145 1.0000000
-0.9307654 1.0000000 0.9857528 1.0000000
-0.9306391 1.0000000 1.0739657 1.0000000
-0.9304319 1.0000000 1.1892718 1.0000000
-0.9294515 1.0000000 1.0087265 1.0000000
-0.9292942 1.0000000 1.0586053 1.0000000
-0.9292785 1.0000000 1.0099700 1.0000000
-0.9292033 1.0000000 0.9485630 1.0000000
-0.9279274 1.0000000 1.2424288 1.0000000
-0.9273316 1.0000000 1.2223123 1.0000000
-0.9270401 1.0000000 0.9912400 1.0000000
-0.9265238 1.0000000 1.0430074 1.0000000
-0.9262884 1.0000000 1.0741578 1.0000000
-0.9251784 1.0000000 1.1330826 1.0000000
-0.9249110 1.0000000 1.0226759 1.0000000
-0.9233841 1.0000000 0.8844978 1.0000000
-0.9230962 1.0000000 0.9217491 1.0000000
-0.9223185 1.0000000 1.0919476 1.0000000
-0.9205566 1.0000000 0.9622421 1.0000000
-0.9201261 1.0000000 1.2448440 1.0000000
-0.9199947 1.0000000 1.2588703 1.0000000
-0.9189890 1.0000000 0.8920815 1.0000000
-0.9188741 1.0000000 0.9550392 1.0000000
-0.9178287 1.0000000 1.0492988 1.0000000
-0.9174218 1.0000000 0.9487597 1.0000000
-0.9165465 1.0000000 1.1567618 1.0000000
-0.9158901 1.0000000 1.1104070 1.0000000
-0.9155481 1.0000000 1.0772391 1.0000000
-0.9154392 1.0000000 0.8438110 1.0000000
-0.9148532 1.0000000 1.2339408 1.0000000
-0.9143374 1.0000000 1.1376558 1.0000000
-0.9142734 1.0000000 1.0822333 1.0000000
-0.9136377 1.0000000 1.2685248 1.0000000
-0.9135758 1.0000000 1.0836035 1.0000000
-0.9103584 1.0000000 1.0982003 1.0000000
-0.9098304 1.0000000 1.0996350 1.0000000
-0.9084127 1.0000000 0.8842034 1.0000000
-0.9083448 1.0000000 1.0796649 1.0000000
-0.9081596 1.0000000 1.2197524 1.0000000
-0.9076450 1.0000000 0.8793422 1.0000000
-0.9075946 1.0000000 1.0341897 1.0000000
-0.9074708 1.0000000 0.9276982 1.0000000
-0.9074283 1.0000000 1.0296520 1.0000000
-0.9073545 1.0000000 1.1438626 1.0000000
-0.9073287 1.0000000 0.9435541 1.0000000
-0.9072633 1.0000000 0.9589691 1.0000000
-0.9069512 1.0000000 0.9922059 1.0000000
-0.9068279 1.0000000 1.0948095 1.0000000
-0.9065360 1.0000000 0.9681175 1.0000000
-0.9058373 1.0000000 1.1443385 1.0000000
-0.9045919 1.0000000 1.2092835 1.0000000
-0.9022458 1.0000000 1.0271856 1.0000000
-0.8995477 1.0000000 1.1561756 1.0000000
-0.8995388 1.0000000 1.0186085 1.0000000
-0.8993624 1.0000000 0.8365733 1.0000000
-0.8988058 1.0000000 1.2554050 1.0000000
-0.8977885 1.0000000 0.8481767 1.0000000
-0.8973846 1.0000000 1.2134319 1.0000000
-0.8968725 1.0000000 1.0573311 1.0000000
-0.8963536 1.0000000 1.0898326 1.0000000
-0.8962104 1.0000000 1.2971044 1.0000000
-0.8954981 1.0000000 1.0699291 1.0000000
-0.8953646 1.0000000 1.0489761 1.0000000
-0.8949281 1.0000000 1.1013646 1.0000000
-0.8948445 1.0000000 1.1026310 1.0000000
-0.8940020 1.0000000 1.0506168 1.0000000
-0.8931882 1.0000000 1.3216222 1.0000000
-0.8931181 1.0000000 0.9803007 1.0000000
-0.8917459 1.0000000 1.0293737 1.0000000
-0.8911719 1.0000000 1.2042802 1.0000000
-0.8904161 1.0000000 0.9529493 1.0000000
-0.8901681 1.0000000 1.2869647 1.0000000
-0.8901135 1.0000000 0.9647945 1.0000000
-0.8891796 1.0000000 1.2598524 1.0000000
-0.8888084 1.0000000 1.0174240 1.0000000
-0.8883149 1.0000000 0.9455862 1.0000000
-0.8873644 1.0000000 0.9247768 1.0000000
-0.8870942 1.0000000 1.1080618 1.0000000
-0.8869099 1.0000000 1.1699660 1.0000000
-0.8858296 1.0000000 1.2087398 1.0000000
-0.8852795 1.0000000 1.0848468 1.0000000
-0.8841598 1.0000000 1.0383184 1.0000000
-0.8836619 1.0000000 1.0672703 1.0000000
-0.8824624 1.0000000 1.0076586 1.0000000
-0.8824566 1.0000000 1.0590649 1.0000000
-0.8806406 1.0000000 1.1288895 1.0000000
-0.8804686 1.0000000 1.1071106 1.0000000
-0.8804641 1.0000000 1.0092773 1.0000000
-0.8804158 1.0000000 0.9570043 1.0000000
-0.8802748 1.0000000 1.0487264 1.0000000
-0.8798900 1.0000000 1.1215423 1.0000000
-0.8797820 1.0000000 0.9423246 1.0000000
-0.8788653 1.0000000 1.1745201 1.0000000
-0.8779766 1.0000000 1.0405814 1.0000000
-0.8772834 1.0000000 1.1864110 1.0000000
-0.8757021 1.0000000 1.0667201 1.0000000
-0.8743047 1.0000000 0.9611760 1.0000000
-0.8728451 1.0000000 1.2498123 1.0000000
-0.8727431 1.0000000 0.9691541 1.0000000
-0.8717080 1.0000000 1.3020358 1.0000000
-0.8708313 1.0000000 1.0969421 1.0000000
-0.8703288 1.0000000 1.0891951 1.0000000
-0.8693806 1.0000000 1.1706749 1.0000000
-0.8689990 1.0000000 1.0121896 1.0000000
-0.8688621 1.0000000 1.0643610 1.0000000
-0.8686764 1.0000000 1.1304561 1.0000000
-0.8682829 1.0000000 0.9604439 1.0000000
-0.8677546 1.0000000 0.8863926 1.0000000
-0.8664239 1.0000000 0.9987710 1.0000000
-0.8657835 1.0000000 1.1213213 1.0000000
-0.8655837 1.0000000 1.1141016 1.0000000
-0.8654479 1.0000000 0.9258943 1.0000000
-0.8652002 1.0000000 1.0182315 1.0000000
-0.8647591 1.0000000 1.1003001 1.0000000
-0.8641611 1.0000000 1.1269142 1.0000000
-0.8633934 1.0000000 0.9223815 1.0000000
-0.8631375 1.0000000 1.0131694 1.0000000
-0.8615452 1.0000000 1.0787244 1.0000000
-0.8615166 1.0000000 0.9131797 1.0000000
-0.8612289 1.0000000 0.8750671 1.0000000
-0.8611796 1.0000000 1.0016929 1.0000000
-0.8610663 1.0000000 1.1532537 1.0000000
-0.8609104 1.0000000 1.1349258 1.0000000
-0.8604047 1.0000000 1.1341006 1.0000000
-0.8598053 1.0000000 1.0715541 1.0000000
-0.8597878 1.0000000 1.0593683 1.0000000
-0.8594404 1.0000000 0.9630079 1.0000000
-0.8590410 1.0000000 1.1292679 1.0000000
-0.8585528 1.0000000 1.1209207 1.0000000
-0.8580244 1.0000000 1.0617111 1.0000000
-0.8579509 1.0000000 1.1023340 1.0000000
-0.8574972 1.0000000 1.0880993 1.0000000
-0.8570681 1.0000000 1.0051353 1.0000000
-0.8564298 1.0000000 1.1348051 1.0000000
-0.8560669 1.0000000 1.1868985 1.0000000
-0.8542231 1.0000000 0.9228404 1.0000000
-0.8537068 1.0000000 1.1411286 1.0000000
-0.8526765 1.0000000 1.1048143 1.0000000
-0.8525119 1.0000000 0.9616351 1.0000000
-0.8522529 1.0000000 1.0559965 1.0000000
-0.8517736 1.0000000 1.0979362 1.0000000
-0.8516922 1.0000000 1.0626656 1.0000000
-0.8515147 1.0000000 1.0854920 1.0000000
-0.8511925 1.0000000 1.0913210 1.0000000
-0.8507543 1.0000000 0.9920112 1.0000000
-0.8506215 1.0000000 0.9797286 1.0000000
-0.8503038 1.0000000 1.1989661 1.0000000
-0.8500685 1.0000000 1.2129157 1.0000000
-0.8496143 1.0000000 1.1555190 1.0000000
-0.8491715 1.0000000 1.1146974 1.0000000
-0.8482356 1.0000000 1.0464463 1.0000000
-0.8480027 1.0000000 0.9365203 1.0000000
-0.8478179 1.0000000 1.2509995 1.0000000
-0.8477694 1.0000000 0.9515337 1.0000000
-0.8472408 1.0000000 1.0678450 1.0000000
-0.8462002 1.0000000 1.0443938 1.0000000
-0.8454934 1.0000000 1.0747203 1.0000000
-0.8451445 1.0000000 0.8271141 1.0000000
-0.8450799 1.0000000 1.1390216 1.0000000
-0.8438556 1.0000000 0.9672430 1.0000000
-0.8434275 1.0000000 1.0466047 1.0000000
-0.8408302 1.0000000 0.9688847 1.0000000
-0.8407604 1.0000000 0.9521339 1.0000000
-0.8398005 1.0000000 1.0420192 1.0000000
-0.8395210 1.0000000 0.9764291 1.0000000
-0.8388930 1.0000000 1.0653285 1.0000000
-0.8388042 1.0000000 0.9902660 1.0000000
-0.8383012 1.0000000 1.0891635 1.0000000
-0.8375729 1.0000000 0.9188366 1.0000000
-0.8375548 1.0000000 0.8539495 1.0000000
-0.8364669 1.0000000 0.9658869 1.0000000
-0.8358158 1.0000000 1.1244304 1.0000000
-0.8332404 1.0000000 0.9824894 1.0000000
-0.8331328 1.0000000 1.1010526 1.0000000
-0.8326617 1.0000000 1.0606417 1.0000000
-0.8321483 1.0000000 0.9717078 1.0000000
-0.8297996 1.0000000 1.0268746 1.0000000
-0.8292889 1.0000000 1.1686460 1.0000000
-0.8284285 1.0000000 1.0894681 1.0000000
-0.8277029 1.0000000 1.0321550 1.0000000
-0.8275783 1.0000000 0.9661980 1.0000000
-0.8264553 1.0000000 0.9053785 1.0000000
-0.8263471 1.0000000 0.9119174 1.0000000
-0.8256648 1.0000000 1.2632008 1.0000000
-0.8252056 1.0000000 0.9592390 1.0000000
-0.8246606 1.0000000 1.0624972 1.0000000
-0.8242923 1.0000000 1.1580926 1.0000000
-0.8235950 1.0000000 0.9614695 1.0000000
-0.8234030 1.0000000 1.0885016 1.0000000
-0.8233377 1.0000000 1.0791732 1.0000000
-0.8226975 1.0000000 0.8806602 1.0000000
-0.8225181 1.0000000 0.9166552 1.0000000
-0.8222081 1.0000000 1.1196773 1.0000000
-0.8220043 1.0000000 1.1084933 1.0000000
-0.8217170 1.0000000 1.1329302 1.0000000
-0.8210466 1.0000000 1.0824672 1.0000000
-0.8205393 1.0000000 1.1262917 1.0000000
-0.8203576 1.0000000 0.9956384 1.0000000
-0.8196992 1.0000000 1.0414730 1.0000000
-0.8196257 1.0000000 1.0672180 1.0000000
-0.8195712 1.0000000 0.9670383 1.0000000
-0.8182644 1.0000000 1.0394515 1.0000000
-0.8177517 1.0000000 0.9735108 1.0000000
-0.8175015 1.0000000 1.0566030 1.0000000
-0.8173966 1.0000000 0.9763508 1.0000000
-0.8172018 1.0000000 1.1292510 1.0000000
-0.8163032 1.0000000 1.1818449 1.0000000
-0.8162620 1.0000000 1.0825980 1.0000000
-0.8160691 1.0000000 1.0819155 1.0000000
-0.8159377 1.0000000 1.0939248 1.0000000
-0.8148993 1.0000000 1.0736500 1.0000000
-0.8145632 1.0000000 1.1686437 1.0000000
-0.8134130 1.0000000 0.9195366 1.0000000
-0.8121571 1.0000000 1.1267334 1.0000000
-0.8116120 1.0000000 1.1495692 1.0000000
-0.8105052 1.0000000 0.9907113 1.0000000
-0.8104424 1.0000000 0.9842245 1.0000000
-0.8095991 1.0000000 1.0586386 1.0000000
-0.8093212 1.0000000 1.0456678 1.0000000
-0.8092438 1.0000000 1.1500837 1.0000000
-0.8089776 1.0000000 1.1415744 1.0000000
-0.8087724 1.0000000 1.1078243 1.0000000
-0.8087429 1.0000000 1.0902545 1.0000000
-0.8087409 1.0000000 0.9978124 1.0000000
-0.8071301 1.0000000 0.9883740 1.0000000
-0.8071248 1.0000000 1.0844533 1.0000000
-0.8071182 1.0000000 1.0701216 1.0000000
-0.8058044 1.0000000 1.0342180 1.0000000
-0.8052721 1.0000000 1.0433054 1.0000000
-0.8051845 1.0000000 1.1161685 1.0000000
-0.8050895 1.0000000 1.1312901 1.0000000
-0.8040152 1.0000000 1.0677947 1.0000000
-0.8033321 1.0000000 1.1305321 1.0000000
-0.8027613 1.0000000 1.0527704 1.0000000
-0.8025938 1.0000000 1.0722025 1.0000000
-0.8006046 1.0000000 1.0137536 1.0000000
-0.8005521 1.0000000 1.0298891 1.0000000
-0.8000392 1.0000000 1.1322925 1.0000000
-0.7998218 1.0000000 1.0620959 1.0000000
-0.7994809 1.0000000 1.0168296 1.0000000
-0.7989768 1.0000000 1.1435831 1.0000000
-0.7985184 1.0000000 1.0378201 1.0000000
-0.7978337 1.0000000 1.0592932 1.0000000
-0.7962956 1.0000000 1.1397508 1.0000000
-0.7953191 1.0000000 1.1135499 1.0000000
-0.7952762 1.0000000 0.9863944 1.0000000
-0.7929035 1.0000000 0.9231625 1.0000000
-0.7926871 1.0000000 1.0244309 1.0000000
-0.7924967 1.0000000 0.9122948 1.0000000
-0.7921896 1.0000000 1.0344196 1.0000000
-0.7916090 1.0000000 0.9384201 1.0000000
-0.7913153 1.0000000 0.9926407 1.0000000
-0.7909125 1.0000000 0.9119232 1.0000000
-0.7907919 1.0000000 0.9638900 1.0000000
-0.7900567 1.0000000 1.0338453 1.0000000
-0.7900052 1.0000000 1.0548268 1.0000000
-0.7884440 1.0000000 0.9991801 1.0000000
-0.7884173 1.0000000 1.0233389 1.0000000
-0.7882744 1.0000000 1.0665192 1.0000000
-0.7881130 1.0000000 0.9671658 1.0000000
-0.7880794 1.0000000 1.0012367 1.0000000
-0.7870589 1.0000000 1.0938343 1.0000000
-0.7870518 1.0000000 1.0595189 1.0000000
-0.7865370 1.0000000 1.0878468 1.0000000
-0.7859756 1.0000000 1.0586190 1.0000000
-0.7856580 1.0000000 1.0159480 1.0000000
-0.7856313 1.0000000 0.9611900 1.0000000
-0.7852428 1.0000000 1.0641348 1.0000000
-0.7850398 1.0000000 1.0837083 1.0000000
-0.7848581 1.0000000 1.1300804 1.0000000
-0.7835860 1.0000000 1.1382404 1.0000000
-0.7835665 1.0000000 1.2051225 1.0000000
-0.7832357 1.0000000 1.1913206 1.0000000
-0.7816555 1.0000000 1.1879079 1.0000000
-0.7813935 1.0000000 1.1098465 1.0000000
-0.7811323 1.0000000 0.9734813 1.0000000
-0.7808226 1.0000000 1.0344508 1.0000000
-0.7806934 1.0000000 0.9292636 1.0000000
-0.7802801 1.0000000 0.9687857 1.0000000
-0.7799841 1.0000000 1.0785969 1.0000000
-0.7795154 1.0000000 0.9210630 1.0000000
-0.7792789 1.0000000 0.9895274 1.0000000
-0.7788051 1.0000000 0.9103470 1.0000000
-0.7787156 1.0000000 1.0281971 1.0000000
-0.7781953 1.0000000 1.0268672 1.0000000
-0.7763666 1.0000000 1.0300726 1.0000000
-0.7758329 1.0000000 1.0545811 1.0000000
-0.7748797 1.0000000 0.9583312 1.0000000
-0.7748714 1.0000000 1.0879818 1.0000000
-0.7747530 1.0000000 1.1110551 1.0000000
-0.7742150 1.0000000 0.8704941 1.0000000
-0.7740294 1.0000000 1.0637125 1.0000000
-0.7735536 1.0000000 1.0483582 1.0000000
-0.7732581 1.0000000 0.9914510 1.0000000
-0.7729616 1.0000000 1.0411654 1.0000000
-0.7725249 1.0000000 1.1106169 1.0000000
-0.7722328 1.0000000 1.0711709 1.0000000
-0.7716506 1.0000000 1.0643873 1.0000000
-0.7707399 1.0000000 1.0961346 1.0000000
-0.7704043 1.0000000 1.0797860 1.0000000
-0.7703094 1.0000000 1.0444792 1.0000000
-0.7702321 1.0000000 1.1022879 1.0000000
-0.7699788 1.0000000 1.1448462 1.0000000
-0.7691660 1.0000000 1.1213225 1.0000000
-0.7683957 1.0000000 0.9605040 1.0000000
-0.7679338 1.0000000 1.1554076 1.0000000
-0.7674666 1.0000000 1.0758635 1.0000000
-0.7672257 1.0000000 1.0378322 1.0000000
-0.7665293 1.0000000 1.1524745 1.0000000
-0.7664870 1.0000000 1.0318922 1.0000000
-0.7662485 1.0000000 1.1006570 1.0000000
-0.7642153 1.0000000 0.9420016 1.0000000
-0.7625820 1.0000000 0.9908956 1.0000000
-0.7623072 1.0000000 0.9761072 1.0000000
-0.7621428 1.0000000 0.9891899 1.0000000
-0.7618532 1.0000000 0.8938446 1.0000000
-0.7615716 1.0000000 0.9906907 1.0000000
-0.7614606 1.0000000 0.9898013 1.0000000
-0.7610342 1.0000000 0.9772595 1.0000000
-0.7604911 1.0000000 1.0028140 1.0000000
-0.7599086 1.0000000 1.0175095 1.0000000
-0.7597321 1.0000000 1.0380073 1.0000000
-0.7593621 1.0000000 1.0819542 1.0000000
-0.7589555 1.0000000 1.0784669 1.0000000
-0.7588220 1.0000000 1.0456757 1.0000000
-0.7585820 1.0000000 1.1289905 1.0000000
-0.7580344 1.0000000 1.0428888 1.0000000
-0.7578213 1.0000000 1.1088443 1.0000000
-0.7576334 1.0000000 1.0161595 1.0000000
-0.7575706 1.0000000 1.0106471 1.0000000
-0.7565701 1.0000000 1.0032128 1.0000000
-0.7555088 1.0000000 0.9749232 1.0000000
-0.7548048 1.0000000 0.9842862 1.0000000
-0.7546544 1.0000000 1.0579611 1.0000000
-0.7534265 1.0000000 0.9614483 1.0000000
-0.7531378 1.0000000 1.1393318 1.0000000
-0.7531058 1.0000000 1.0082359 1.0000000
-0.7529006 1.0000000 1.0513992 1.0000000
-0.7528507 1.0000000 1.0342856 1.0000000
-0.7527565 1.0000000 0.9968885 1.0000000
-0.7526423 1.0000000 0.9877926 1.0000000
-0.7519320 1.0000000 1.0555171 1.0000000
-0.7502894 1.0000000 0.9927689 1.0000000
-0.7501199 1.0000000 1.1486836 1.0000000
-0.7495908 1.0000000 0.9618809 1.0000000
-0.7492281 1.0000000 1.0991086 1.0000000
-0.7489983 1.0000000 1.0717811 1.0000000
-0.7488378 1.0000000 1.0663327 1.0000000
-0.7485870 1.0000000 1.0880223 1.0000000
-0.7479152 1.0000000 1.0122916 1.0000000
-0.7475033 1.0000000 0.9833676 1.0000000
-0.7463429 1.0000000 1.0466808 1.0000000
-0.7462415 1.0000000 1.0165158 1.0000000
-0.7452731 1.0000000 1.0368834 1.0000000
-0.7451218 1.0000000 1.1141889 1.0000000
-0.7451154 1.0000000 0.9623597 1.0000000
-0.7450261 1.0000000 1.0466022 1.0000000
-0.7449655 1.0000000 1.0876808 1.0000000
-0.7446424 1.0000000 0.8998077 1.0000000
-0.7436366 1.0000000 0.9819915 1.0000000
-0.7434033 1.0000000 0.9304609 1.0000000
-0.7433841 1.0000000 1.0607685 1.0000000
-0.7430682 1.0000000 1.0566695 1.0000000
-0.7429211 1.0000000 1.1504509 1.0000000
-0.7427265 1.0000000 1.0137818 1.0000000
-0.7426225 1.0000000 1.0308932 1.0000000
-0.7425668 1.0000000 1.0111760 1.0000000
-0.7422374 1.0000000 1.0222618 1.0000000
-0.7417681 1.0000000 1.0690384 1.0000000
-0.7416732 1.0000000 1.0865467 1.0000000
-0.7415934 1.0000000 1.0677334 1.0000000
-0.7408585 1.0000000 1.0686341 1.0000000
-0.7404783 1.0000000 1.0554750 1.0000000
-0.7404716 1.0000000 1.0725386 1.0000000
-0.7400851 1.0000000 0.9700991 1.0000000
-0.7396950 1.0000000 1.0423393 1.0000000
-0.7396301 1.0000000 1.0282374 1.0000000
-0.7395762 1.0000000 1.0604582 1.0000000
-0.7391818 1.0000000 1.0841859 1.0000000
-0.7388092 1.0000000 1.0899464 1.0000000
-0.7387083 1.0000000 1.0010236 1.0000000
-0.7376137 1.0000000 1.0699631 1.0000000
-0.7363054 1.0000000 1.0178070 1.0000000
-0.7358595 1.0000000 1.1576605 1.0000000
-0.7351208 1.0000000 1.0560147 1.0000000
-0.7344694 1.0000000 1.0434814 1.0000000
-0.7343206 1.0000000 1.0609231 1.0000000
-0.7339840 1.0000000 1.0336443 1.0000000
-0.7338011 1.0000000 1.0472458 1.0000000
-0.7334749 1.0000000 1.0553971 1.0000000
-0.7328981 1.0000000 1.0562108 1.0000000
-0.7319459 1.0000000 1.0879921 1.0000000
-0.7316998 1.0000000 1.1380425 1.0000000
-0.7312915 1.0000000 1.1066862 1.0000000
-0.7309878 1.0000000 1.0487733 1.0000000
-0.7307961 1.0000000 0.8831092 1.0000000
-0.7307604 1.0000000 1.1381900 1.0000000
-0.7304109 1.0000000 0.9431972 1.0000000
-0.7302797 1.0000000 1.0500895 1.0000000
-0.7266196 1.0000000 0.9792573 1.0000000
-0.7265252 1.0000000 0.9811507 1.0000000
-0.7252574 1.0000000 0.9805949 1.0000000
-0.7252297 1.0000000 1.0158520 1.0000000
-0.7248371 1.0000000 1.0820538 1.0000000
-0.7246986 1.0000000 0.9943331 1.0000000
-0.7242346 1.0000000 1.0873453 1.0000000
-0.7241954 1.0000000 0.9770638 1.0000000
-0.7241791 1.0000000 1.0845026 1.0000000
-0.7234000 1.0000000 1.0475322 1.0000000
-0.7233407 1.0000000 1.0559099 1.0000000
-0.7230186 1.0000000 1.0224375 1.0000000
-0.7229904 1.0000000 1.0334585 1.0000000
-0.7228510 1.0000000 1.0054289 1.0000000
-0.7227521 1.0000000 1.0895389 1.0000000
-0.7226347 1.0000000 1.1004308 1.0000000
-0.7222217 1.0000000 0.9796498 1.0000000
-0.7219957 1.0000000 1.0417482 1.0000000
-0.7217964 1.0000000 0.9804070 1.0000000
-0.7215882 1.0000000 1.1378684 1.0000000
-0.7214494 1.0000000 1.1293304 1.0000000
-0.7212355 1.0000000 1.1337910 1.0000000
-0.7210074 1.0000000 1.0222850 1.0000000
-0.7179297 1.0000000 1.1032101 1.0000000
-0.7173169 1.0000000 1.1700076 1.0000000
-0.7164375 1.0000000 1.0318867 1.0000000
-0.7163579 1.0000000 1.1433553 1.0000000
-0.7161205 1.0000000 0.9512166 1.0000000
-0.7160523 1.0000000 1.0532541 1.0000000
-0.7160044 1.0000000 0.9541624 1.0000000
-0.7146563 1.0000000 1.0499750 1.0000000
-0.7135692 1.0000000 1.0792348 1.0000000
-0.7133964 1.0000000 0.9856465 1.0000000
-0.7106109 1.0000000 0.9011810 1.0000000
-0.7105648 1.0000000 1.1175991 1.0000000
-0.7104973 1.0000000 0.9869434 1.0000000
-0.7102339 1.0000000 1.0675894 1.0000000
-0.7101310 1.0000000 1.0964166 1.0000000
-0.7093237 1.0000000 0.9778083 1.0000000
-0.7093001 1.0000000 1.1011956 1.0000000
-0.7062023 1.0000000 1.0982555 1.0000000
-0.7058029 1.0000000 1.1031750 1.0000000
-0.7056477 1.0000000 1.0603605 1.0000000
-0.7051201 1.0000000 1.0424343 1.0000000
-0.7038581 1.0000000 0.9975491 1.0000000
-0.7036924 1.0000000 1.0423397 1.0000000
-0.7028238 1.0000000 1.0454151 1.0000000
-0.7024732 1.0000000 1.1302586 1.0000000
-0.7018665 1.0000000 1.0541032 1.0000000
-0.7016194 1.0000000 0.9730017 1.0000000
-0.7015639 1.0000000 1.0026824 1.0000000
-0.6998626 1.0000000 1.1552297 1.0000000
-0.6996172 1.0000000 1.1288981 1.0000000
-0.6996133 1.0000000 1.1217486 1.0000000
-0.6994218 1.0000000 1.0972266 1.0000000
-0.6992009 1.0000000 1.0815226 1.0000000
-0.6990362 1.0000000 0.9968156 1.0000000
-0.6987633 1.0000000 1.1815724 1.0000000
-0.6985157 1.0000000 0.9385063 1.0000000
-0.6981587 1.0000000 1.0361155 1.0000000
-0.6978947 1.0000000 1.1692928 1.0000000
-0.6974263 1.0000000 0.9763101 1.0000000
-0.6972269 1.0000000 1.0982778 1.0000000
-0.6967199 1.0000000 1.1794801 1.0000000
-0.6963783 1.0000000 1.0778163 1.0000000
-0.6962911 1.0000000 1.1169468 1.0000000
-0.6950849 1.0000000 0.9886943 1.0000000
-0.6948703 1.0000000 1.2188098 1.0000000
-0.6946967 1.0000000 1.0709636 1.0000000
-0.6936751 1.0000000 0.9563771 1.0000000
-0.6929681 1.0000000 1.1057617 1.0000000
-0.6929209 1.0000000 1.0676345 1.0000000
-0.6928715 1.0000000 1.1944547 1.0000000
-0.6919655 1.0000000 0.9839170 1.0000000
-0.6910534 1.0000000 1.0164298 1.0000000
-0.6909879 1.0000000 1.0733627 1.0000000
-0.6908269 1.0000000 1.0280044 1.0000000
-0.6898237 1.0000000 1.0243797 1.0000000
-0.6898010 1.0000000 1.0422670 1.0000000
-0.6891992 1.0000000 1.0748188 1.0000000
-0.6885626 1.0000000 1.1573971 1.0000000
-0.6884003 1.0000000 1.0578006 1.0000000
-0.6882572 1.0000000 1.0856130 1.0000000
-0.6878852 1.0000000 1.0400280 1.0000000
-0.6867116 1.0000000 0.9038457 1.0000000
-0.6865192 1.0000000 1.1608350 1.0000000
-0.6861939 1.0000000 0.9642616 1.0000000
-0.6856016 1.0000000 0.9729971 1.0000000
-0.6853513 1.0000000 1.0927842 1.0000000
-0.6847245 1.0000000 1.1213488 1.0000000
-0.6846698 1.0000000 1.0154232 1.0000000
-0.6846658 1.0000000 1.0453994 1.0000000
-0.6842325 1.0000000 0.9391653 1.0000000
-0.6840769 1.0000000 1.1233890 1.0000000
-0.6830066 1.0000000 1.0864874 1.0000000
-0.6829745 1.0000000 1.1006523 1.0000000
-0.6828993 1.0000000 1.1673222 1.0000000
-0.6827593 1.0000000 1.0619851 1.0000000
-0.6826445 1.0000000 0.9780484 1.0000000
-0.6821644 1.0000000 1.1028807 1.0000000
-0.6818554 1.0000000 1.0764771 1.0000000
-0.6817638 1.0000000 1.1995642 1.0000000
-0.6815491 1.0000000 1.0102366 1.0000000
-0.6807867 1.0000000 1.0619516 1.0000000
-0.6807734 1.0000000 0.9307130 1.0000000
-0.6803413 1.0000000 0.9867764 1.0000000
-0.6803222 1.0000000 0.9401665 1.0000000
-0.6802733 1.0000000 1.0953147 1.0000000
-0.6802671 1.0000000 0.9621268 1.0000000
-0.6798363 1.0000000 1.0104965 1.0000000
-0.6797650 1.0000000 1.1126519 1.0000000
-0.6789054 1.0000000 0.9655418 1.0000000
-0.6780622 1.0000000 1.0265939 1.0000000
-0.6776629 1.0000000 1.0429215 1.0000000
-0.6769115 1.0000000 1.0313152 1.0000000
-0.6764434 1.0000000 1.0790338 1.0000000
-0.6760838 1.0000000 1.0616502 1.0000000
-0.6755549 1.0000000 1.0489016 1.0000000
-0.6753733 1.0000000 0.9333708 1.0000000
-0.6752569 1.0000000 0.9699770 1.0000000
-0.6751899 1.0000000 0.9743950 1.0000000
-0.6749108 1.0000000 1.0397810 1.0000000
-0.6743587 1.0000000 0.9576680 1.0000000
-0.6740216 1.0000000 0.9520702 1.0000000
-0.6738569 1.0000000 1.0899211 1.0000000
-0.6731302 1.0000000 0.9776179 1.0000000
-0.6724127 1.0000000 0.9459115 1.0000000
-0.6715310 1.0000000 1.0757738 1.0000000
-0.6713152 1.0000000 1.0766712 1.0000000
-0.6704871 1.0000000 1.0742971 1.0000000
-0.6692548 1.0000000 0.9859896 1.0000000
-0.6685167 1.0000000 0.9990560 1.0000000
-0.6684353 1.0000000 1.0974913 1.0000000
-0.6681845 1.0000000 1.0529282 1.0000000
-0.6679469 1.0000000 1.0263239 1.0000000
-0.6674093 1.0000000 1.0818028 1.0000000
-0.6666736 1.0000000 1.0826595 1.0000000
-0.6664332 1.0000000 1.0179445 1.0000000
-0.6656203 1.0000000 0.9724512 1.0000000
-0.6650729 1.0000000 1.0768651 1.0000000
-0.6649934 1.0000000 1.0678088 1.0000000
-0.6648986 1.0000000 0.9952423 1.0000000
-0.6647154 1.0000000 1.0353396 1.0000000
-0.6646365 1.0000000 1.1695410 1.0000000
-0.6645017 1.0000000 1.0681776 1.0000000
-0.6644951 1.0000000 1.0210184 1.0000000
-0.6639635 1.0000000 0.9960725 1.0000000
-0.6637827 1.0000000 1.1308644 1.0000000
-0.6636369 1.0000000 1.0957770 1.0000000
-0.6632083 1.0000000 1.0127447 1.0000000
-0.6631589 1.0000000 1.0457979 1.0000000
-0.6629459 1.0000000 1.0009800 1.0000000
-0.6620511 1.0000000 1.0942797 1.0000000
-0.6611356 1.0000000 1.0418930 1.0000000
-0.6609916 1.0000000 0.9121352 1.0000000
-0.6608758 1.0000000 1.0137364 1.0000000
-0.6602193 1.0000000 1.0808255 1.0000000
-0.6595177 1.0000000 1.0449572 1.0000000
-0.6594335 1.0000000 0.9670633 1.0000000
-0.6591439 1.0000000 1.1726531 1.0000000
-0.6590162 1.0000000 0.9992611 1.0000000
-0.6586917 1.0000000 1.0828406 1.0000000
-0.6576695 1.0000000 1.0427423 1.0000000
-0.6575461 1.0000000 0.9148654 1.0000000
-0.6568835 1.0000000 0.9865653 1.0000000
-0.6565615 1.0000000 1.0881881 1.0000000
-0.6565214 1.0000000 1.0460821 1.0000000
-0.6546358 1.0000000 1.0054380 1.0000000
-0.6544535 1.0000000 0.9448649 1.0000000
-0.6536376 1.0000000 1.1540206 1.0000000
-0.6534205 1.0000000 1.0552543 1.0000000
-0.6527648 1.0000000 1.1326393 1.0000000
-0.6524042 1.0000000 1.1470368 1.0000000
-0.6516803 1.0000000 1.0369040 1.0000000
-0.6515257 1.0000000 1.1245046 1.0000000
-0.6514752 1.0000000 1.1409434 1.0000000
-0.6508756 1.0000000 0.9455134 1.0000000
-0.6507555 1.0000000 1.0559967 1.0000000
-0.6506476 1.0000000 1.0591867 1.0000000
-0.6501370 1.0000000 1.1517912 1.0000000
-0.6498333 1.0000000 0.9492672 1.0000000
-0.6493066 1.0000000 0.9890631 1.0000000
-0.6485528 1.0000000 1.1794166 1.0000000
-0.6471060 1.0000000 0.9595513 1.0000000
-0.6457627 1.0000000 1.0376582 1.0000000
-0.6450494 1.0000000 1.1523727 1.0000000
-0.6448992 1.0000000 1.0027844 1.0000000
-0.6444292 1.0000000 1.0195138 1.0000000
-0.6440000 1.0000000 0.9793023 1.0000000
-0.6429070 1.0000000 1.0791452 1.0000000
-0.6423603 1.0000000 1.0653310 1.0000000
-0.6421600 1.0000000 1.0015566 1.0000000
-0.6419454 1.0000000 0.9918517 1.0000000
-0.6416805 1.0000000 1.0112406 1.0000000
-0.6414470 1.0000000 1.1786722 1.0000000
-0.6407733 1.0000000 0.9168400 1.0000000
-0.6407354 1.0000000 1.0444193 1.0000000
-0.6404369 1.0000000 1.0735119 1.0000000
-0.6403520 1.0000000 1.0768202 1.0000000
-0.6401393 1.0000000 0.9779852 1.0000000
-0.6399986 1.0000000 1.0780664 1.0000000
-0.6398523 1.0000000 1.1488467 1.0000000
-0.6392091 1.0000000 1.1864872 1.0000000
-0.6381474 1.0000000 0.9925595 1.0000000
-0.6381406 1.0000000 1.1468637 1.0000000
-0.6380703 1.0000000 0.9287896 1.0000000
-0.6371340 1.0000000 1.0179004 1.0000000
-0.6363676 1.0000000 0.9671079 1.0000000
-0.6362868 1.0000000 1.1176182 1.0000000
-0.6359032 1.0000000 1.0711483 1.0000000
-0.6355979 1.0000000 1.1570445 1.0000000
-0.6351957 1.0000000 1.0480555 1.0000000
-0.6348039 1.0000000 1.0682845 1.0000000
-0.6346319 1.0000000 1.0806034 1.0000000
-0.6342734 1.0000000 1.1392919 1.0000000
-0.6320971 1.0000000 1.0423911 1.0000000
-0.6315469 1.0000000 1.1034552 1.0000000
-0.6315281 1.0000000 1.1069585 1.0000000
-0.6305543 1.0000000 1.0755837 1.0000000
-0.6301786 1.0000000 1.0524213 1.0000000
-0.6295359 1.0000000 1.0330228 1.0000000
-0.6290900 1.0000000 0.9663060 1.0000000
-0.6286830 1.0000000 1.0380870 1.0000000
-0.6274878 1.0000000 1.1863657 1.0000000
-0.6269699 1.0000000 1.0873937 1.0000000
-0.6263968 1.0000000 1.0203156 1.0000000
-0.6248344 1.0000000 1.1167912 1.0000000
-0.6245797 1.0000000 0.9563879 1.0000000
-0.6245678 1.0000000 1.0753307 1.0000000
-0.6243390 1.0000000 1.0814508 1.0000000
-0.6236294 1.0000000 0.9691340 1.0000000
-0.6235672 1.0000000 0.9853581 1.0000000
-0.6227850 1.0000000 1.0775545 1.0000000
-0.6225933 1.0000000 0.9945476 1.0000000
-0.6220723 1.0000000 1.0635791 1.0000000
-0.6216515 1.0000000 1.0616397 1.0000000
-0.6214313 1.0000000 0.9950928 1.0000000
-0.6213936 1.0000000 0.9217975 1.0000000
-0.6210285 1.0000000 1.0828185 1.0000000
-0.6202135 1.0000000 1.0567643 1.0000000
-0.6198547 1.0000000 1.0740076 1.0000000
-0.6195254 1.0000000 1.0864268 1.0000000
-0.6178979 1.0000000 0.9970140 1.0000000
-0.6175714 1.0000000 1.0282467 1.0000000
-0.6166666 1.0000000 0.9977880 1.0000000
-0.6158489 1.0000000 1.0926360 1.0000000
-0.6150162 1.0000000 1.0122154 1.0000000
-0.6147417 1.0000000 1.0459308 1.0000000
-0.6146734 1.0000000 1.0672305 1.0000000
-0.6143009 1.0000000 1.0179580 1.0000000
-0.6142802 1.0000000 1.0578982 1.0000000
-0.6137949 1.0000000 1.0278614 1.0000000
-0.6136203 1.0000000 1.0530865 1.0000000
-0.6133778 1.0000000 0.9612206 1.0000000
-0.6127171 1.0000000 1.0836472 1.0000000
-0.6121667 1.0000000 1.0706095 1.0000000
-0.6111773 1.0000000 1.0834754 1.0000000
-0.6109034 1.0000000 1.0810453 1.0000000
-0.6097786 1.0000000 1.1154896 1.0000000
-0.6080855 1.0000000 1.0392215 1.0000000
-0.6070188 1.0000000 1.0469148 1.0000000
-0.6066569 1.0000000 0.9432514 1.0000000
-0.6062981 1.0000000 1.0858886 1.0000000
-0.6060315 1.0000000 1.2018031 1.0000000
-0.6058744 1.0000000 1.0539549 1.0000000
-0.6055564 1.0000000 1.0472346 1.0000000
-0.6054379 1.0000000 0.9786649 1.0000000
-0.6050056 1.0000000 0.9525915 1.0000000
-0.6048241 1.0000000 0.9914940 1.0000000
-0.6043303 1.0000000 1.0873613 1.0000000
-0.6035459 1.0000000 0.9703869 1.0000000
-0.6034623 1.0000000 1.0193308 1.0000000
-0.6021779 1.0000000 0.9290539 1.0000000
-0.6017730 1.0000000 1.0322006 1.0000000
-0.6013513 1.0000000 1.0145445 1.0000000
-0.6007789 1.0000000 1.0083589 1.0000000
-0.6006348 1.0000000 1.0858610 1.0000000
-0.6003101 1.0000000 1.0488855 1.0000000
-0.5995481 1.0000000 1.0114609 1.0000000
-0.5990784 1.0000000 1.0084017 1.0000000
-0.5984952 1.0000000 1.0505477 1.0000000
-0.5982614 1.0000000 0.8689101 1.0000000
-0.5975687 1.0000000 1.0748606 1.0000000
-0.5975325 1.0000000 1.0273994 1.0000000
-0.5963896 1.0000000 1.0329458 1.0000000
-0.5956586 1.0000000 1.1191980 1.0000000
-0.5955913 1.0000000 0.9981847 1.0000000
-0.5945167 1.0000000 1.1082067 1.0000000
-0.5943211 1.0000000 1.1081496 1.0000000
-0.5942850 1.0000000 1.0341423 1.0000000
-0.5942429 1.0000000 1.0005592 1.0000000
-0.5942280 1.0000000 0.9525445 1.0000000
-0.5938747 1.0000000 0.9526622 1.0000000
-0.5931460 1.0000000 1.0877435 1.0000000
-0.5925949 1.0000000 1.0092773 1.0000000
-0.5910914 1.0000000 1.1008307 1.0000000
-0.5910416 1.0000000 1.0681111 1.0000000
-0.5905912 1.0000000 0.8734147 1.0000000
-0.5902455 1.0000000 1.1088895 1.0000000
-0.5901908 1.0000000 1.1077850 1.0000000
-0.5899242 1.0000000 1.0833529 1.0000000
-0.5897983 1.0000000 1.0410487 1.0000000
-0.5884501 1.0000000 1.0417845 1.0000000
-0.5876951 1.0000000 1.1194520 1.0000000
-0.5875060 1.0000000 1.0550749 1.0000000
-0.5874838 1.0000000 0.9452023 1.0000000
-0.5873475 1.0000000 0.9935603 1.0000000
-0.5860959 1.0000000 0.9304329 1.0000000
-0.5860693 1.0000000 0.9375504 1.0000000
-0.5856969 1.0000000 1.0667165 1.0000000
-0.5855197 1.0000000 1.0649203 1.0000000
-0.5852847 1.0000000 0.9933952 1.0000000
-0.5852159 1.0000000 1.1285331 1.0000000
-0.5849994 1.0000000 1.0082832 1.0000000
-0.5847239 1.0000000 0.9616401 1.0000000
-0.5842372 1.0000000 1.0980644 1.0000000
-0.5814593 1.0000000 1.0468471 1.0000000
-0.5805184 1.0000000 1.0947209 1.0000000
-0.5800614 1.0000000 0.9961358 1.0000000
-0.5791267 1.0000000 1.0133503 1.0000000
-0.5789262 1.0000000 1.0186685 1.0000000
-0.5786991 1.0000000 1.0262570 1.0000000
-0.5785095 1.0000000 0.9716202 1.0000000
-0.5781788 1.0000000 1.0794386 1.0000000
-0.5773120 1.0000000 1.1170958 1.0000000
-0.5764760 1.0000000 1.0037212 1.0000000
-0.5763669 1.0000000 0.9341817 1.0000000
-0.5759297 1.0000000 1.0410686 1.0000000
-0.5750595 1.0000000 1.0599752 1.0000000
-0.5749335 1.0000000 1.0185996 1.0000000
-0.5744482 1.0000000 1.0964643 1.0000000
-0.5744176 1.0000000 0.9534435 1.0000000
-0.5741593 1.0000000 1.0386890 1.0000000
-0.5732115 1.0000000 1.0179556 1.0000000
-0.5730769 1.0000000 1.1647160 1.0000000
-0.5727123 1.0000000 0.9994529 1.0000000
-0.5725324 1.0000000 1.0568380 1.0000000
-0.5717868 1.0000000 1.0967517 1.0000000
-0.5717341 1.0000000 1.0064794 1.0000000
-0.5714239 1.0000000 0.9977066 1.0000000
-0.5711195 1.0000000 1.0493409 1.0000000
-0.5707344 1.0000000 1.1067011 1.0000000
-0.5692111 1.0000000 1.0654119 1.0000000
-0.5683977 1.0000000 1.0477897 1.0000000
-0.5682219 1.0000000 1.0204731 1.0000000
-0.5682100 1.0000000 1.1640519 1.0000000
-0.5666266 1.0000000 0.9817421 1.0000000
-0.5655084 1.0000000 0.9548266 1.0000000
-0.5652213 1.0000000 1.0229191 1.0000000
-0.5649387 1.0000000 1.0220596 1.0000000
-0.5648849 1.0000000 0.9929965 1.0000000
-0.5639275 1.0000000 1.0840612 1.0000000
-0.5639208 1.0000000 1.1299176 1.0000000
-0.5628474 1.0000000 1.0457056 1.0000000
-0.5626148 1.0000000 1.1220144 1.0000000
-0.5618882 1.0000000 0.9886867 1.0000000
-0.5614495 1.0000000 1.1040982 1.0000000
-0.5608032 1.0000000 1.0407076 1.0000000
-0.5604519 1.0000000 1.0337610 1.0000000
-0.5602755 1.0000000 1.0150988 1.0000000
-0.5595639 1.0000000 1.0004760 1.0000000
-0.5581807 1.0000000 0.9950217 1.0000000
-0.5579363 1.0000000 1.0475486 1.0000000
-0.5579160 1.0000000 1.1085839 1.0000000
-0.5577955 1.0000000 1.0668225 1.0000000
-0.5567637 1.0000000 1.1147192 1.0000000
-0.5562160 1.0000000 1.0334887 1.0000000
-0.5557643 1.0000000 1.0971856 1.0000000
-0.5555649 1.0000000 1.0841830 1.0000000
-0.5555358 1.0000000 1.1077170 1.0000000
-0.5554717 1.0000000 1.0180943 1.0000000
-0.5554705 1.0000000 1.0113960 1.0000000
-0.5548499 1.0000000 0.9382340 1.0000000
-0.5547695 1.0000000 1.0167876 1.0000000
-0.5536034 1.0000000 1.0700439 1.0000000
-0.5533101 1.0000000 1.0788488 1.0000000
-0.5519303 1.0000000 1.0796735 1.0000000
-0.5516610 1.0000000 1.0352338 1.0000000
-0.5505020 1.0000000 1.1019173 1.0000000
-0.5503398 1.0000000 1.0517738 1.0000000
-0.5498198 1.0000000 1.1664267 1.0000000
-0.5489071 1.0000000 1.0818825 1.0000000
-0.5488986 1.0000000 1.0475676 1.0000000
-0.5483581 1.0000000 1.0695263 1.0000000
-0.5482990 1.0000000 1.0410264 1.0000000
-0.5478060 1.0000000 1.0511345 1.0000000
-0.5476954 1.0000000 1.0541181 1.0000000
-0.5473577 1.0000000 1.1413852 1.0000000
-0.5473119 1.0000000 0.9835850 1.0000000
-0.5464180 1.0000000 1.0586415 1.0000000
-0.5459616 1.0000000 1.0146909 1.0000000
-0.5458637 1.0000000 0.9188031 1.0000000
-0.5457583 1.0000000 1.0498195 1.0000000
-0.5456154 1.0000000 1.0863820 1.0000000
-0.5452141 1.0000000 1.0340213 1.0000000
-0.5443579 1.0000000 1.0427674 1.0000000
-0.5443505 1.0000000 1.0260018 1.0000000
-0.5432761 1.0000000 1.0388386 1.0000000
-0.5430941 1.0000000 0.9363515 1.0000000
-0.5426648 1.0000000 1.0883657 1.0000000
-0.5420770 1.0000000 1.0675708 1.0000000
-0.5391299 1.0000000 1.1197961 1.0000000
-0.5388786 1.0000000 1.0399842 1.0000000
-0.5362102 1.0000000 1.1354699 1.0000000
-0.5350728 1.0000000 1.0924082 1.0000000
-0.5349464 1.0000000 1.0714575 1.0000000
-0.5349045 1.0000000 1.1367693 1.0000000
-0.5345733 1.0000000 1.0614360 1.0000000
-0.5343779 1.0000000 1.0601364 1.0000000
-0.5343455 1.0000000 1.0137480 1.0000000
-0.5335024 1.0000000 1.0424483 1.0000000
-0.5333896 1.0000000 1.0441194 1.0000000
-0.5330443 1.0000000 1.1136807 1.0000000
-0.5324337 1.0000000 1.0799391 1.0000000
-0.5324171 1.0000000 1.0463070 1.0000000
-0.5319401 1.0000000 0.9997410 1.0000000
-0.5317790 1.0000000 1.0529291 1.0000000
-0.5311078 1.0000000 1.0058998 1.0000000
-0.5310873 1.0000000 1.0572049 1.0000000
-0.5310289 1.0000000 1.1734028 1.0000000
-0.5309689 1.0000000 1.0321461 1.0000000
-0.5305355 1.0000000 1.0369851 1.0000000
-0.5301336 1.0000000 1.0955542 1.0000000
-0.5299007 1.0000000 1.0073985 1.0000000
-0.5288916 1.0000000 1.0196650 1.0000000
-0.5286025 1.0000000 0.9829286 1.0000000
-0.5275777 1.0000000 1.0491573 1.0000000
-0.5274600 1.0000000 1.0967177 1.0000000
-0.5260346 1.0000000 1.0389918 1.0000000
-0.5245491 1.0000000 1.1081846 1.0000000
-0.5238096 1.0000000 1.0573887 1.0000000
-0.5236616 1.0000000 1.1003064 1.0000000
-0.5234765 1.0000000 1.0444644 1.0000000
-0.5230988 1.0000000 1.0601657 1.0000000
-0.5229810 1.0000000 0.9126725 1.0000000
-0.5217800 1.0000000 1.0416065 1.0000000
-0.5215522 1.0000000 1.0790875 1.0000000
-0.5206599 1.0000000 1.0845753 1.0000000
-0.5204682 1.0000000 1.0418778 1.0000000
-0.5201096 1.0000000 1.0854445 1.0000000
-0.5201059 1.0000000 1.0608054 1.0000000
-0.5199856 1.0000000 1.0075534 1.0000000
-0.5197753 1.0000000 0.9617303 1.0000000
-0.5197112 1.0000000 1.0824905 1.0000000
-0.5191002 1.0000000 1.1067955 1.0000000
-0.5187744 1.0000000 1.0999444 1.0000000
-0.5186251 1.0000000 1.0963093 1.0000000
-0.5183006 1.0000000 1.1142968 1.0000000
-0.5174756 1.0000000 1.0942089 1.0000000
-0.5163859 1.0000000 1.0582038 1.0000000
-0.5161785 1.0000000 1.0626722 1.0000000
-0.5158509 1.0000000 0.9770460 1.0000000
-0.5153146 1.0000000 1.1111117 1.0000000
-0.5143999 1.0000000 1.1160377 1.0000000
-0.5141090 1.0000000 1.0926041 1.0000000
-0.5137144 1.0000000 1.0091805 1.0000000
-0.5124498 1.0000000 0.9525587 1.0000000
-0.5119880 1.0000000 1.0106881 1.0000000
-0.5112801 1.0000000 1.0437135 1.0000000
-0.5109178 1.0000000 1.0471207 1.0000000
-0.5108756 1.0000000 1.0202391 1.0000000
-0.5107437 1.0000000 1.0858580 1.0000000
-0.5098530 1.0000000 1.0486379 1.0000000
-0.5091415 1.0000000 0.9514540 1.0000000
-0.5086620 1.0000000 1.0694384 1.0000000
-0.5082110 1.0000000 1.0963900 1.0000000
-0.5079263 1.0000000 1.1197155 1.0000000
-0.5077135 1.0000000 1.0561897 1.0000000
-0.5071577 1.0000000 1.0949899 1.0000000
-0.5070102 1.0000000 0.9180816 1.0000000
-0.5068366 1.0000000 1.0517622 1.0000000
-0.5067661 1.0000000 1.0529285 1.0000000
-0.5065932 1.0000000 1.0244327 1.0000000
-0.5060114 1.0000000 1.0521705 1.0000000
-0.5059646 1.0000000 1.0425059 1.0000000
-0.5051322 1.0000000 1.0863157 1.0000000
-0.5036121 1.0000000 0.9675373 1.0000000
-0.5034945 1.0000000 0.9597507 1.0000000
-0.5029421 1.0000000 1.0476570 1.0000000
-0.5025803 1.0000000 1.0385194 1.0000000
-0.5023470 1.0000000 1.0118011 1.0000000
-0.5003319 1.0000000 0.9965744 1.0000000
-0.4999722 1.0000000 1.0363180 1.0000000
-0.4993486 1.0000000 1.0405619 1.0000000
-0.4990262 1.0000000 1.0485515 1.0000000
-0.4988805 1.0000000 1.0712713 1.0000000
-0.4988063 1.0000000 0.9961786 1.0000000
-0.4986637 1.0000000 1.0222424 1.0000000
-0.4980651 1.0000000 1.1029834 1.0000000
-0.4977303 1.0000000 1.0892537 1.0000000
-0.4966574 1.0000000 1.0531717 1.0000000
-0.4932562 1.0000000 1.0279971 1.0000000
-0.4920052 1.0000000 1.0317805 1.0000000
-0.4916493 1.0000000 1.1033255 1.0000000
-0.4914306 1.0000000 0.9941718 1.0000000
-0.4913339 1.0000000 1.0846641 1.0000000
-0.4912018 1.0000000 1.0706004 1.0000000
-0.4905009 1.0000000 1.0029968 1.0000000
-0.4901422 1.0000000 1.0824821 1.0000000
-0.4899732 1.0000000 1.0999461 1.0000000
-0.4898196 1.0000000 1.0545711 1.0000000
-0.4895790 1.0000000 1.0780263 1.0000000
-0.4885963 1.0000000 1.0264549 1.0000000
-0.4879750 1.0000000 1.0121640 1.0000000
-0.4879522 1.0000000 1.0987064 1.0000000
-0.4878564 1.0000000 1.0033917 1.0000000
-0.4878206 1.0000000 1.0543978 1.0000000
-0.4874798 1.0000000 1.0254990 1.0000000
-0.4871799 1.0000000 1.0484501 1.0000000
-0.4870053 1.0000000 1.1252799 1.0000000
-0.4867394 1.0000000 1.0245061 1.0000000
-0.4866277 1.0000000 1.0782428 1.0000000
-0.4864503 1.0000000 1.0563343 1.0000000
-0.4863404 1.0000000 1.0491188 1.0000000
-0.4861930 1.0000000 0.9983433 1.0000000
-0.4857896 1.0000000 1.0175208 1.0000000
-0.4857486 1.0000000 1.0644101 1.0000000
-0.4853295 1.0000000 1.0161203 1.0000000
-0.4845843 1.0000000 1.0765969 1.0000000
-0.4843744 1.0000000 1.1049279 1.0000000
-0.4843124 1.0000000 1.1422112 1.0000000
-0.4827378 1.0000000 0.9875055 1.0000000
-0.4822071 1.0000000 1.0620016 1.0000000
-0.4810121 1.0000000 1.0350031 1.0000000
-0.4807769 1.0000000 0.9516961 1.0000000
-0.4805128 1.0000000 1.0199302 1.0000000
-0.4803384 1.0000000 0.9783849 1.0000000
-0.4793485 1.0000000 1.0936180 1.0000000
-0.4792926 1.0000000 1.1306607 1.0000000
-0.4788967 1.0000000 1.0401474 1.0000000
-0.4787254 1.0000000 1.0176001 1.0000000
-0.4777585 1.0000000 1.0274794 1.0000000
-0.4776898 1.0000000 1.0169480 1.0000000
-0.4771643 1.0000000 1.0344040 1.0000000
-0.4763311 1.0000000 1.0725101 1.0000000
-0.4761777 1.0000000 1.0812619 1.0000000
-0.4761752 1.0000000 1.0494618 1.0000000
-0.4757260 1.0000000 0.9955249 1.0000000
-0.4750844 1.0000000 1.0390426 1.0000000
-0.4740634 1.0000000 1.0447342 1.0000000
-0.4738177 1.0000000 1.1345662 1.0000000
-0.4731334 1.0000000 1.0795649 1.0000000
-0.4728463 1.0000000 1.0183514 1.0000000
-0.4720545 1.0000000 1.0566480 1.0000000
-0.4715729 1.0000000 1.0781621 1.0000000
-0.4708174 1.0000000 1.0294746 1.0000000
-0.4702687 1.0000000 1.0552378 1.0000000
-0.4701870 1.0000000 1.0174215 1.0000000
-0.4696714 1.0000000 1.0308080 1.0000000
-0.4686327 1.0000000 1.0677886 1.0000000
-0.4685981 1.0000000 1.0396023 1.0000000
-0.4662159 1.0000000 1.0911142 1.0000000
-0.4654190 1.0000000 1.0505553 1.0000000
-0.4652927 1.0000000 1.0350891 1.0000000
-0.4650528 1.0000000 1.0743281 1.0000000
-0.4647193 1.0000000 1.0057819 1.0000000
-0.4642475 1.0000000 1.0085003 1.0000000
-0.4636473 1.0000000 1.0327547 1.0000000
-0.4623022 1.0000000 1.0052763 1.0000000
-0.4600580 1.0000000 1.0679803 1.0000000
-0.4598764 1.0000000 1.0868898 1.0000000
-0.4593128 1.0000000 1.0764938 1.0000000
-0.4592729 1.0000000 1.0685000 1.0000000
-0.4589778 1.0000000 1.0708370 1.0000000
-0.4588866 1.0000000 1.0947443 1.0000000
-0.4580400 1.0000000 1.0016335 1.0000000
-0.4573667 1.0000000 1.0179713 1.0000000
-0.4571102 1.0000000 1.0738457 1.0000000
-0.4568165 1.0000000 1.0196254 1.0000000
-0.4565114 1.0000000 1.0347665 1.0000000
-0.4563362 1.0000000 1.0341192 1.0000000
-0.4552606 1.0000000 1.0319535 1.0000000
-0.4549742 1.0000000 1.1108164 1.0000000
-0.4549292 1.0000000 1.0610332 1.0000000
-0.4544678 1.0000000 1.0185335 1.0000000
-0.4530725 1.0000000 1.0662592 1.0000000
-0.4526842 1.0000000 1.0346167 1.0000000
-0.4519399 1.0000000 1.1471730 1.0000000
-0.4517236 1.0000000 1.0481833 1.0000000
-0.4517041 1.0000000 1.0269926 1.0000000
-0.4509370 1.0000000 1.0305262 1.0000000
-0.4500754 1.0000000 1.0601046 1.0000000
-0.4493959 1.0000000 0.9762059 1.0000000
-0.4483842 1.0000000 1.0006324 1.0000000
-0.4469985 1.0000000 1.0625396 1.0000000
-0.4467760 1.0000000 1.0344987 1.0000000
-0.4467588 1.0000000 1.0465819 1.0000000
-0.4464687 1.0000000 1.0583956 1.0000000
-0.4463476 1.0000000 1.0715414 1.0000000
-0.4461854 1.0000000 1.0255356 1.0000000
-0.4452520 1.0000000 0.9876102 1.0000000
-0.4452382 1.0000000 0.9367748 1.0000000
-0.4452282 1.0000000 1.0336696 1.0000000
-0.4448993 1.0000000 0.9913066 1.0000000
-0.4446421 1.0000000 1.0922606 1.0000000
-0.4445463 1.0000000 0.9767629 1.0000000
-0.4443277 1.0000000 1.0545955 1.0000000
-0.4439125 1.0000000 0.9791099 1.0000000
-0.4432426 1.0000000 1.0889361 1.0000000
-0.4426909 1.0000000 0.9734972 1.0000000
-0.4426559 1.0000000 1.0399738 1.0000000
-0.4419118 1.0000000 1.0920897 1.0000000
-0.4412884 1.0000000 1.0592340 1.0000000
-0.4408557 1.0000000 1.0520818 1.0000000
-0.4407106 1.0000000 1.0179263 1.0000000
-0.4402550 1.0000000 1.0742980 1.0000000
-0.4397399 1.0000000 1.0052885 1.0000000
-0.4396626 1.0000000 0.9588105 1.0000000
-0.4395404 1.0000000 0.9435585 1.0000000
-0.4385808 1.0000000 1.0327348 1.0000000
-0.4383891 1.0000000 1.0556670 1.0000000
-0.4382463 1.0000000 1.0373724 1.0000000
-0.4379841 1.0000000 1.1159795 1.0000000
-0.4373999 1.0000000 1.0512493 1.0000000
-0.4370443 1.0000000 1.0696933 1.0000000
-0.4369351 1.0000000 1.0641949 1.0000000
-0.4368296 1.0000000 1.0261096 1.0000000
-0.4363627 1.0000000 1.0108267 1.0000000
-0.4334890 1.0000000 1.0564879 1.0000000
-0.4326249 1.0000000 1.0792639 1.0000000
-0.4324564 1.0000000 1.0527629 1.0000000
-0.4319616 1.0000000 1.0499589 1.0000000
-0.4317498 1.0000000 1.0674376 1.0000000
-0.4313941 1.0000000 1.1273559 1.0000000
-0.4311181 1.0000000 1.0781463 1.0000000
-0.4309415 1.0000000 1.0001635 1.0000000
-0.4307045 1.0000000 1.0890917 1.0000000
-0.4303177 1.0000000 1.0067002 1.0000000
-0.4296909 1.0000000 1.0939544 1.0000000
-0.4294051 1.0000000 1.0829476 1.0000000
-0.4293370 1.0000000 1.0190475 1.0000000
-0.4291305 1.0000000 1.0597365 1.0000000
-0.4274622 1.0000000 0.9942329 1.0000000
-0.4268476 1.0000000 1.1024333 1.0000000
-0.4264227 1.0000000 1.0429590 1.0000000
-0.4263156 1.0000000 1.0337663 1.0000000
-0.4259927 1.0000000 1.0004010 1.0000000
-0.4253399 1.0000000 1.0628830 1.0000000
-0.4253132 1.0000000 1.0170407 1.0000000
-0.4252414 1.0000000 1.1237531 1.0000000
-0.4247357 1.0000000 1.0367264 1.0000000
-0.4236289 1.0000000 0.9500305 1.0000000
-0.4234065 1.0000000 1.0015136 1.0000000
-0.4213299 1.0000000 1.0180514 1.0000000
-0.4209467 1.0000000 1.0099936 1.0000000
-0.4203456 1.0000000 1.0194634 1.0000000
-0.4202860 1.0000000 0.9890659 1.0000000
-0.4199672 1.0000000 1.0257140 1.0000000
-0.4189079 1.0000000 1.0109697 1.0000000
-0.4185980 1.0000000 1.0158016 1.0000000
-0.4181063 1.0000000 1.0459537 1.0000000
-0.4162977 1.0000000 1.0458443 1.0000000
-0.4162649 1.0000000 1.0821859 1.0000000
-0.4162220 1.0000000 1.0492357 1.0000000
-0.4161344 1.0000000 1.0775458 1.0000000
-0.4156611 1.0000000 1.0139032 1.0000000
-0.4148746 1.0000000 1.0520028 1.0000000
-0.4141060 1.0000000 1.0360711 1.0000000
-0.4133717 1.0000000 1.0296640 1.0000000
-0.4131058 1.0000000 0.9667466 1.0000000
-0.4129151 1.0000000 1.0020804 1.0000000
-0.4111549 1.0000000 1.0262341 1.0000000
-0.4104713 1.0000000 1.0549649 1.0000000
-0.4098190 1.0000000 1.0171199 1.0000000
-0.4095007 1.0000000 1.0593051 1.0000000
-0.4086868 1.0000000 1.0180649 1.0000000
-0.4083923 1.0000000 1.1089562 1.0000000
-0.4079078 1.0000000 1.0707822 1.0000000
-0.4077489 1.0000000 1.0116275 1.0000000
-0.4073562 1.0000000 1.1313376 1.0000000
-0.4070863 1.0000000 1.0644232 1.0000000
-0.4070444 1.0000000 1.0006776 1.0000000
-0.4069898 1.0000000 0.9996144 1.0000000
-0.4066366 1.0000000 1.0992854 1.0000000
-0.4065792 1.0000000 1.0695792 1.0000000
-0.4059522 1.0000000 1.0656203 1.0000000
-0.4057044 1.0000000 1.0388634 1.0000000
-0.4039284 1.0000000 1.0913657 1.0000000
-0.4038449 1.0000000 1.0833610 1.0000000
-0.4037820 1.0000000 1.0007268 1.0000000
-0.4028266 1.0000000 1.0780148 1.0000000
-0.4026037 1.0000000 1.0871576 1.0000000
-0.4017635 1.0000000 1.1191321 1.0000000
-0.4015436 1.0000000 1.0156424 1.0000000
-0.4012887 1.0000000 1.0455471 1.0000000
-0.3998087 1.0000000 0.9949107 1.0000000
-0.3997546 1.0000000 1.0454279 1.0000000
-0.3985853 1.0000000 1.0932791 1.0000000
-0.3972209 1.0000000 0.9676482 1.0000000
-0.3969566 1.0000000 1.0453078 1.0000000
-0.3965995 1.0000000 1.0220695 1.0000000
-0.3965034 1.0000000 1.0714870 1.0000000
-0.3962919 1.0000000 1.1264915 1.0000000
-0.3959169 1.0000000 1.0332514 1.0000000
-0.3956402 1.0000000 1.0516579 1.0000000
-0.3952083 1.0000000 1.0378935 1.0000000
-0.3935171 1.0000000 0.9995337 1.0000000
-0.3933217 1.0000000 1.0912540 1.0000000
-0.3931123 1.0000000 1.1010644 1.0000000
-0.3927859 1.0000000 1.0849635 1.0000000
-0.3913766 1.0000000 0.9432155 1.0000000
-0.3906527 1.0000000 1.0065095 1.0000000
-0.3896418 1.0000000 0.9789107 1.0000000
-0.3892443 1.0000000 1.0146837 1.0000000
-0.3882676 1.0000000 1.0512248 1.0000000
-0.3881312 1.0000000 1.0554763 1.0000000
-0.3869182 1.0000000 1.1134557 1.0000000
-0.3863949 1.0000000 1.1109884 1.0000000
-0.3859537 1.0000000 1.0476517 1.0000000
-0.3855435 1.0000000 0.9635812 1.0000000
-0.3852730 1.0000000 1.0194041 1.0000000
-0.3850512 1.0000000 1.0475489 1.0000000
-0.3850237 1.0000000 1.0860417 1.0000000
-0.3846569 1.0000000 1.0325414 1.0000000
-0.3841453 1.0000000 1.0101954 1.0000000
-0.3830814 1.0000000 1.0484373 1.0000000
-0.3830783 1.0000000 1.0316861 1.0000000
-0.3827107 1.0000000 1.0233258 1.0000000
-0.3822849 1.0000000 1.0492707 1.0000000
-0.3821259 1.0000000 1.0727467 1.0000000
-0.3814675 1.0000000 0.9861798 1.0000000
-0.3807486 1.0000000 1.0227919 1.0000000
-0.3801623 1.0000000 1.0034946 1.0000000
-0.3798462 1.0000000 1.0102249 1.0000000
-0.3797847 1.0000000 1.0063056 1.0000000
-0.3791719 1.0000000 1.0303675 1.0000000
-0.3775991 1.0000000 1.0496711 1.0000000
-0.3773459 1.0000000 1.0195608 1.0000000
-0.3772093 1.0000000 0.9736657 1.0000000
-0.3757056 1.0000000 0.9928275 1.0000000
-0.3755650 1.0000000 1.0880366 1.0000000
-0.3744313 1.0000000 1.0334536 1.0000000
-0.3743533 1.0000000 1.1222988 1.0000000
-0.3736676 1.0000000 1.0276750 1.0000000
-0.3726166 1.0000000 1.0361594 1.0000000
-0.3722337 1.0000000 1.0021938 1.0000000
-0.3719583 1.0000000 1.0401413 1.0000000
-0.3713839 1.0000000 1.0705496 1.0000000
-0.3709206 1.0000000 1.1095215 1.0000000
-0.3706060 1.0000000 1.0679930 1.0000000
-0.3703639 1.0000000 1.0375012 1.0000000
-0.3686624 1.0000000 1.0576404 1.0000000
-0.3679109 1.0000000 1.0002376 1.0000000
-0.3660077 1.0000000 1.0439344 1.0000000
-0.3653171 1.0000000 1.0710800 1.0000000
-0.3652664 1.0000000 1.0797983 1.0000000
-0.3651935 1.0000000 1.0504805 1.0000000
-0.3650504 1.0000000 1.0697581 1.0000000
-0.3640183 1.0000000 1.0417166 1.0000000
-0.3639407 1.0000000 1.0149156 1.0000000
-0.3637653 1.0000000 0.9871506 1.0000000
-0.3631209 1.0000000 1.0421919 1.0000000
-0.3627051 1.0000000 1.0425324 1.0000000
-0.3621335 1.0000000 1.0574783 1.0000000
-0.3608951 1.0000000 1.1177478 1.0000000
-0.3601261 1.0000000 1.0240835 1.0000000
-0.3597200 1.0000000 1.0505735 1.0000000
-0.3595371 1.0000000 1.0894409 1.0000000
-0.3591493 1.0000000 1.0027998 1.0000000
-0.3582708 1.0000000 1.1154677 1.0000000
-0.3576806 1.0000000 1.0874625 1.0000000
-0.3565629 1.0000000 0.9829947 1.0000000
-0.3552875 1.0000000 1.0357287 1.0000000
-0.3552163 1.0000000 1.0870324 1.0000000
-0.3548257 1.0000000 1.0559330 1.0000000
-0.3545935 1.0000000 1.0602699 1.0000000
-0.3538879 1.0000000 1.0493789 1.0000000
-0.3537385 1.0000000 1.0389703 1.0000000
-0.3536763 1.0000000 1.0462361 1.0000000
-0.3532601 1.0000000 1.0273014 1.0000000
-0.3519566 1.0000000 1.0451043 1.0000000
-0.3512743 1.0000000 1.0114318 1.0000000
-0.3500181 1.0000000 1.0254181 1.0000000
-0.3489092 1.0000000 1.0449367 1.0000000
-0.3487733 1.0000000 1.0441296 1.0000000
-0.3486499 1.0000000 1.0725329 1.0000000
-0.3485268 1.0000000 1.0767822 1.0000000
-0.3483788 1.0000000 1.0660297 1.0000000
-0.3478309 1.0000000 1.0546206 1.0000000
-0.3465769 1.0000000 1.0590330 1.0000000
-0.3464973 1.0000000 1.0559867 1.0000000
-0.3456865 1.0000000 1.0278122 1.0000000
-0.3456747 1.0000000 1.0338352 1.0000000
-0.3455512 1.0000000 1.0209555 1.0000000
-0.3450786 1.0000000 1.0103228 1.0000000
-0.3450483 1.0000000 1.1085301 1.0000000
-0.3450340 1.0000000 1.0221628 1.0000000
-0.3444649 1.0000000 1.0405627 1.0000000
-0.3444328 1.0000000 1.0336748 1.0000000
-0.3440162 1.0000000 1.0456755 1.0000000
-0.3405945 1.0000000 1.0551840 1.0000000
-0.3402785 1.0000000 1.0467639 1.0000000
-0.3400009 1.0000000 1.0045112 1.0000000
-0.3399375 1.0000000 1.0253454 1.0000000
-0.3398686 1.0000000 1.0875029 1.0000000
-0.3393730 1.0000000 1.0571544 1.0000000
-0.3391490 1.0000000 1.0716737 1.0000000
-0.3384415 1.0000000 1.0166495 1.0000000
-0.3383707 1.0000000 0.9963122 1.0000000
-0.3383647 1.0000000 1.1007723 1.0000000
-0.3382979 1.0000000 1.0643189 1.0000000
-0.3382884 1.0000000 1.1065112 1.0000000
-0.3377747 1.0000000 1.0299626 1.0000000
-0.3377370 1.0000000 1.0546984 1.0000000
-0.3367724 1.0000000 1.0314260 1.0000000
-0.3348065 1.0000000 1.0187385 1.0000000
-0.3344043 1.0000000 1.0514707 1.0000000
-0.3336607 1.0000000 1.0515814 1.0000000
-0.3332477 1.0000000 1.0441144 1.0000000
-0.3329611 1.0000000 1.0649262 1.0000000
-0.3326267 1.0000000 1.0623474 1.0000000
-0.3325813 1.0000000 1.0307862 1.0000000
-0.3323840 1.0000000 0.9728716 1.0000000
-0.3323728 1.0000000 1.0382173 1.0000000
-0.3318176 1.0000000 1.0568697 1.0000000
-0.3317358 1.0000000 1.0688025 1.0000000
-0.3316342 1.0000000 1.0445124 1.0000000
-0.3315588 1.0000000 1.0062752 1.0000000
-0.3308764 1.0000000 1.1011531 1.0000000
-0.3308556 1.0000000 1.0848775 1.0000000
-0.3308484 1.0000000 1.0355287 1.0000000
-0.3284582 1.0000000 1.0493550 1.0000000
-0.3282428 1.0000000 1.0097204 1.0000000
-0.3281732 1.0000000 1.0492030 1.0000000
-0.3277520 1.0000000 1.0800064 1.0000000
-0.3271774 1.0000000 1.0413568 1.0000000
-0.3265938 1.0000000 0.9548188 1.0000000
-0.3256685 1.0000000 1.1036295 1.0000000
-0.3254676 1.0000000 1.0374574 1.0000000
-0.3253637 1.0000000 1.1084266 1.0000000
-0.3249587 1.0000000 1.0084857 1.0000000
-0.3245010 1.0000000 1.0662818 1.0000000
-0.3209914 1.0000000 1.0283083 1.0000000
-0.3209400 1.0000000 1.0241415 1.0000000
-0.3209182 1.0000000 1.0467606 1.0000000
-0.3208006 1.0000000 1.0027302 1.0000000
-0.3206771 1.0000000 1.0215321 1.0000000
-0.3194282 1.0000000 1.0228405 1.0000000
-0.3193454 1.0000000 1.0336642 1.0000000
-0.3190038 1.0000000 1.0073917 1.0000000
-0.3186345 1.0000000 1.0201565 1.0000000
-0.3179720 1.0000000 1.0864025 1.0000000
-0.3179577 1.0000000 1.0398047 1.0000000
-0.3168584 1.0000000 1.0364418 1.0000000
-0.3168159 1.0000000 1.0918961 1.0000000
-0.3154920 1.0000000 1.0421349 1.0000000
-0.3152460 1.0000000 1.0066649 1.0000000
-0.3152409 1.0000000 1.0490883 1.0000000
-0.3151296 1.0000000 1.0794757 1.0000000
-0.3148593 1.0000000 1.0406863 1.0000000
-0.3146528 1.0000000 1.0158547 1.0000000
-0.3138645 1.0000000 1.0708090 1.0000000
-0.3134770 1.0000000 0.9921867 1.0000000
-0.3134070 1.0000000 1.0158350 1.0000000
-0.3129035 1.0000000 1.0374939 1.0000000
-0.3118536 1.0000000 1.0789302 1.0000000
-0.3103592 1.0000000 0.9739077 1.0000000
-0.3091166 1.0000000 1.0221049 1.0000000
-0.3084453 1.0000000 1.0508265 1.0000000
-0.3073555 1.0000000 1.0168870 1.0000000
-0.3073010 1.0000000 1.1171023 1.0000000
-0.3072252 1.0000000 1.0596999 1.0000000
-0.3063054 1.0000000 1.0704206 1.0000000
-0.3058989 1.0000000 1.0832908 1.0000000
-0.3057931 1.0000000 0.9979620 1.0000000
-0.3049870 1.0000000 1.0372369 1.0000000
-0.3045406 1.0000000 1.0829093 1.0000000
-0.3045131 1.0000000 1.0602107 1.0000000
-0.3044334 1.0000000 1.0367066 1.0000000
-0.3041515 1.0000000 1.0834834 1.0000000
-0.3039680 1.0000000 1.0561830 1.0000000
-0.3039066 1.0000000 1.0076212 1.0000000
-0.3037308 1.0000000 1.0522848 1.0000000
-0.3027725 1.0000000 1.0463063 1.0000000
-0.3001838 1.0000000 1.0151258 1.0000000
-0.2997550 1.0000000 1.0652497 1.0000000
-0.2979331 1.0000000 1.0948371 1.0000000
-0.2974148 1.0000000 1.0382177 1.0000000
-0.2971807 1.0000000 1.0156790 1.0000000
-0.2970843 1.0000000 1.0688767 1.0000000
-0.2969335 1.0000000 1.0800604 1.0000000
-0.2961518 1.0000000 1.1023979 1.0000000
-0.2954474 1.0000000 1.0371169 1.0000000
-0.2943659 1.0000000 1.0496673 1.0000000
-0.2941531 1.0000000 1.0320718 1.0000000
-0.2939039 1.0000000 1.1204981 1.0000000
-0.2931262 1.0000000 1.0155899 1.0000000
-0.2930541 1.0000000 1.0646372 1.0000000
-0.2928342 1.0000000 1.0525300 1.0000000
-0.2928065 1.0000000 1.0404371 1.0000000
-0.2927867 1.0000000 1.0661888 1.0000000
-0.2921320 1.0000000 1.0712988 1.0000000
-0.2921167 1.0000000 1.0350244 1.0000000
-0.2919827 1.0000000 1.0658570 1.0000000
-0.2913818 1.0000000 1.0188134 1.0000000
-0.2911394 1.0000000 1.0022493 1.0000000
-0.2911384 1.0000000 1.0208286 1.0000000
-0.2908430 1.0000000 1.0847057 1.0000000
-0.2904391 1.0000000 1.0676794 1.0000000
-0.2901903 1.0000000 1.0909651 1.0000000
-0.2900824 1.0000000 1.0613336 1.0000000
-0.2897917 1.0000000 1.0611054 1.0000000
-0.2896804 1.0000000 0.9962664 1.0000000
-0.2888919 1.0000000 1.0482208 1.0000000
-0.2887210 1.0000000 1.0082259 1.0000000
-0.2880953 1.0000000 1.0496640 1.0000000
-0.2879058 1.0000000 1.1203078 1.0000000
-0.2878418 1.0000000 1.0016679 1.0000000
-0.2875788 1.0000000 1.0355796 1.0000000
-0.2873950 1.0000000 1.0242766 1.0000000
-0.2871535 1.0000000 1.0447673 1.0000000
-0.2851531 1.0000000 1.0387804 1.0000000
-0.2851231 1.0000000 1.0548492 1.0000000
-0.2848653 1.0000000 1.0252686 1.0000000
-0.2843327 1.0000000 0.9973929 1.0000000
-0.2842115 1.0000000 1.1102181 1.0000000
-0.2831978 1.0000000 1.0575223 1.0000000
-0.2823200 1.0000000 1.0785051 1.0000000
-0.2818212 1.0000000 1.0587927 1.0000000
-0.2815802 1.0000000 1.0253583 1.0000000
-0.2806546 1.0000000 1.0579315 1.0000000
-0.2806419 1.0000000 1.0384182 1.0000000
-0.2804490 1.0000000 0.9860991 1.0000000
-0.2799758 1.0000000 1.0360075 1.0000000
-0.2795388 1.0000000 1.1062025 1.0000000
-0.2785535 1.0000000 1.0188724 1.0000000
-0.2780509 1.0000000 1.0313258 1.0000000
-0.2779390 1.0000000 1.0615962 1.0000000
-0.2774801 1.0000000 0.9935107 1.0000000
-0.2766674 1.0000000 1.0469803 1.0000000
-0.2763484 1.0000000 1.0685878 1.0000000
-0.2758359 1.0000000 1.0325649 1.0000000
-0.2756701 1.0000000 1.0494663 1.0000000
-0.2746576 1.0000000 1.0173403 1.0000000
-0.2746531 1.0000000 1.0559467 1.0000000
-0.2744274 1.0000000 1.0456501 1.0000000
-0.2743035 1.0000000 1.0455789 1.0000000
-0.2738725 1.0000000 1.0398519 1.0000000
-0.2737362 1.0000000 1.0640425 1.0000000
-0.2731939 1.0000000 1.0634810 1.0000000
-0.2731393 1.0000000 1.0091390 1.0000000
-0.2730222 1.0000000 1.0663000 1.0000000
-0.2725759 1.0000000 1.0568002 1.0000000
-0.2725742 1.0000000 1.0508660 1.0000000
-0.2724651 1.0000000 1.0929346 1.0000000
-0.2718146 1.0000000 1.0947986 1.0000000
-0.2716914 1.0000000 1.0759917 1.0000000
-0.2716182 1.0000000 1.0316865 1.0000000
-0.2714766 1.0000000 1.0258039 1.0000000
-0.2713731 1.0000000 1.0152353 1.0000000
-0.2710620 1.0000000 1.0126979 1.0000000
-0.2704492 1.0000000 1.0154159 1.0000000
-0.2697901 1.0000000 1.1085217 1.0000000
-0.2697714 1.0000000 1.0583837 1.0000000
-0.2695819 1.0000000 1.0425789 1.0000000
-0.2692256 1.0000000 1.0991101 1.0000000
-0.2690304 1.0000000 1.0002668 1.0000000
-0.2683631 1.0000000 1.0720545 1.0000000
-0.2666090 1.0000000 1.0299803 1.0000000
-0.2664753 1.0000000 1.0846968 1.0000000
-0.2662270 1.0000000 1.0337283 1.0000000
-0.2653023 1.0000000 1.0559372 1.0000000
-0.2635757 1.0000000 1.0835526 1.0000000
-0.2630252 1.0000000 1.0706378 1.0000000
-0.2624803 1.0000000 1.0424193 1.0000000
-0.2614807 1.0000000 1.0168262 1.0000000
-0.2613551 1.0000000 1.0722034 1.0000000
-0.2606469 1.0000000 1.0648240 1.0000000
-0.2600705 1.0000000 1.0794337 1.0000000
-0.2597974 1.0000000 1.0363602 1.0000000
-0.2597928 1.0000000 1.1251553 1.0000000
-0.2594341 1.0000000 1.0300354 1.0000000
-0.2588712 1.0000000 1.0611448 1.0000000
-0.2578810 1.0000000 1.0524649 1.0000000
-0.2574926 1.0000000 1.0920162 1.0000000
-0.2574907 1.0000000 1.0489864 1.0000000
-0.2574639 1.0000000 1.0136072 1.0000000
-0.2566130 1.0000000 1.0744034 1.0000000
-0.2559695 1.0000000 1.1041313 1.0000000
-0.2556815 1.0000000 1.0880696 1.0000000
-0.2548644 1.0000000 1.0391462 1.0000000
-0.2546767 1.0000000 1.0151683 1.0000000
-0.2530733 1.0000000 1.0454315 1.0000000
-0.2516052 1.0000000 1.0436303 1.0000000
-0.2512737 1.0000000 1.0322291 1.0000000
-0.2508227 1.0000000 1.0872009 1.0000000
-0.2504743 1.0000000 1.0272845 1.0000000
-0.2490915 1.0000000 1.0407921 1.0000000
-0.2479599 1.0000000 1.1323546 1.0000000
-0.2474126 1.0000000 1.0434748 1.0000000
-0.2473269 1.0000000 1.0579646 1.0000000
-0.2463922 1.0000000 1.0581048 1.0000000
-0.2453549 1.0000000 1.0472123 1.0000000
-0.2449474 1.0000000 0.9890273 1.0000000
-0.2447593 1.0000000 1.0156705 1.0000000
-0.2443510 1.0000000 1.0384497 1.0000000
-0.2440218 1.0000000 1.0643743 1.0000000
-0.2437347 1.0000000 1.0379237 1.0000000
-0.2430255 1.0000000 1.0768216 1.0000000
-0.2429989 1.0000000 1.0679751 1.0000000
-0.2425088 1.0000000 1.0390170 1.0000000
-0.2422063 1.0000000 1.0536954 1.0000000
-0.2421341 1.0000000 1.0538984 1.0000000
-0.2418335 1.0000000 1.0425813 1.0000000
-0.2414405 1.0000000 1.0192257 1.0000000
-0.2414114 1.0000000 1.0124963 1.0000000
-0.2412991 1.0000000 1.0279675 1.0000000
-0.2411951 1.0000000 1.0074599 1.0000000
-0.2406749 1.0000000 1.0642834 1.0000000
-0.2406393 1.0000000 1.0481580 1.0000000
-0.2402071 1.0000000 1.0417825 1.0000000
-0.2401498 1.0000000 1.0536458 1.0000000
-0.2398755 1.0000000 1.0413754 1.0000000
-0.2398503 1.0000000 1.0525934 1.0000000
-0.2398228 1.0000000 1.0361206 1.0000000
-0.2395170 1.0000000 1.0399311 1.0000000
-0.2391663 1.0000000 1.0370007 1.0000000
-0.2385860 1.0000000 1.0511515 1.0000000
-0.2379724 1.0000000 1.0732696 1.0000000
-0.2378079 1.0000000 1.0225521 1.0000000
-0.2377547 1.0000000 1.0725471 1.0000000
-0.2376373 1.0000000 1.0489429 1.0000000
-0.2369925 1.0000000 1.0397477 1.0000000
-0.2349247 1.0000000 1.0535908 1.0000000
-0.2347512 1.0000000 1.0642507 1.0000000
-0.2343256 1.0000000 1.0750368 1.0000000
-0.2336936 1.0000000 1.0948558 1.0000000
-0.2329122 1.0000000 1.0299622 1.0000000
-0.2329079 1.0000000 1.0275646 1.0000000
-0.2324338 1.0000000 1.0441328 1.0000000
-0.2306980 1.0000000 1.0851303 1.0000000
-0.2300636 1.0000000 1.0679556 1.0000000
-0.2300043 1.0000000 1.0787098 1.0000000
-0.2291507 1.0000000 1.0303259 1.0000000
-0.2284812 1.0000000 1.0445971 1.0000000
-0.2272700 1.0000000 1.0647879 1.0000000
-0.2259512 1.0000000 1.0454415 1.0000000
-0.2248129 1.0000000 1.0541362 1.0000000
-0.2229743 1.0000000 0.9821489 1.0000000
-0.2227857 1.0000000 1.0761911 1.0000000
-0.2224703 1.0000000 1.0837632 1.0000000
-0.2224200 1.0000000 1.0624194 1.0000000
-0.2222335 1.0000000 1.0428131 1.0000000
-0.2222096 1.0000000 1.0330034 1.0000000
-0.2217848 1.0000000 1.0335794 1.0000000
-0.2216610 1.0000000 1.0330154 1.0000000
-0.2216214 1.0000000 1.0505276 1.0000000
-0.2213152 1.0000000 1.0472314 1.0000000
-0.2211632 1.0000000 1.0752706 1.0000000
-0.2207965 1.0000000 1.0564957 1.0000000
-0.2204675 1.0000000 1.0223517 1.0000000
-0.2201253 1.0000000 1.0554989 1.0000000
-0.2195824 1.0000000 1.0160859 1.0000000
-0.2191798 1.0000000 1.0936308 1.0000000
-0.2191745 1.0000000 1.0293140 1.0000000
-0.2191009 1.0000000 1.0934499 1.0000000
-0.2177414 1.0000000 1.0461471 1.0000000
-0.2169511 1.0000000 1.0289277 1.0000000
-0.2169329 1.0000000 1.0620975 1.0000000
-0.2164160 1.0000000 1.0405362 1.0000000
-0.2162240 1.0000000 1.0386858 1.0000000
-0.2159641 1.0000000 1.0339921 1.0000000
-0.2148893 1.0000000 1.0852511 1.0000000
-0.2143796 1.0000000 1.0908498 1.0000000
-0.2139798 1.0000000 1.0518145 1.0000000
-0.2139155 1.0000000 1.0699835 1.0000000
-0.2136456 1.0000000 1.0248949 1.0000000
-0.2131458 1.0000000 1.0271436 1.0000000
-0.2127778 1.0000000 1.0325320 1.0000000
-0.2127263 1.0000000 0.9872621 1.0000000
-0.2125688 1.0000000 1.0213996 1.0000000
-0.2122562 1.0000000 1.0340351 1.0000000
-0.2120398 1.0000000 1.0429691 1.0000000
-0.2113655 1.0000000 1.0887167 1.0000000
-0.2109348 1.0000000 1.0579515 1.0000000
-0.2107218 1.0000000 1.0786542 1.0000000
-0.2090931 1.0000000 1.0193938 1.0000000
-0.2090230 1.0000000 1.0499303 1.0000000
-0.2084291 1.0000000 1.0833451 1.0000000
-0.2081472 1.0000000 1.0602355 1.0000000
-0.2077460 1.0000000 1.0833408 1.0000000
-0.2077305 1.0000000 1.0765983 1.0000000
-0.2077013 1.0000000 1.0345690 1.0000000
-0.2076621 1.0000000 1.0646163 1.0000000
-0.2073242 1.0000000 1.0221475 1.0000000
-0.2072943 1.0000000 1.0071514 1.0000000
-0.2070442 1.0000000 1.0495320 1.0000000
-0.2068904 1.0000000 1.0385456 1.0000000
-0.2062581 1.0000000 1.0684709 1.0000000
-0.2050959 1.0000000 1.0488966 1.0000000
-0.2046380 1.0000000 1.0399740 1.0000000
-0.2043809 1.0000000 1.0612834 1.0000000
-0.2033909 1.0000000 1.0354154 1.0000000
-0.2033305 1.0000000 1.0303662 1.0000000
-0.2031990 1.0000000 1.0553293 1.0000000
-0.2028397 1.0000000 1.0525258 1.0000000
-0.2024286 1.0000000 1.0376440 1.0000000
-0.2022990 1.0000000 1.0143664 1.0000000
-0.2000245 1.0000000 1.0307501 1.0000000
-0.1992149 1.0000000 1.0394234 1.0000000
-0.1983975 1.0000000 1.0396962 1.0000000
-0.1981642 1.0000000 1.0535186 1.0000000
-0.1981491 1.0000000 1.0491086 1.0000000
-0.1969704 1.0000000 1.0415505 1.0000000
-0.1967044 1.0000000 1.0651879 1.0000000
-0.1955418 1.0000000 1.0482701 1.0000000
-0.1951132 1.0000000 1.0585639 1.0000000
-0.1937634 1.0000000 1.0570241 1.0000000
-0.1933490 1.0000000 1.0548519 1.0000000
-0.1931884 1.0000000 1.0888895 1.0000000
-0.1930986 1.0000000 1.0965288 1.0000000
-0.1926401 1.0000000 1.0326123 1.0000000
-0.1923166 1.0000000 1.0231406 1.0000000
-0.1923118 1.0000000 1.0724830 1.0000000
-0.1914853 1.0000000 1.0081441 1.0000000
-0.1911697 1.0000000 1.0407822 1.0000000
-0.1906086 1.0000000 1.0583477 1.0000000
-0.1905394 1.0000000 1.0470283 1.0000000
-0.1901947 1.0000000 1.0244268 1.0000000
-0.1880774 1.0000000 1.0085841 1.0000000
-0.1869589 1.0000000 1.0427591 1.0000000
-0.1861325 1.0000000 1.0337730 1.0000000
-0.1855384 1.0000000 1.0562622 1.0000000
-0.1851944 1.0000000 1.0424986 1.0000000
-0.1843596 1.0000000 1.0330832 1.0000000
-0.1832512 1.0000000 1.0506689 1.0000000
-0.1830630 1.0000000 1.0784366 1.0000000
-0.1829606 1.0000000 1.0681540 1.0000000
-0.1829462 1.0000000 1.0495549 1.0000000
-0.1825927 1.0000000 1.0275321 1.0000000
-0.1815886 1.0000000 1.0383224 1.0000000
-0.1814352 1.0000000 1.0676569 1.0000000
-0.1806233 1.0000000 1.0836933 1.0000000
-0.1805824 1.0000000 1.0006467 1.0000000
-0.1794490 1.0000000 1.0457917 1.0000000
-0.1793400 1.0000000 1.0761442 1.0000000
-0.1792752 1.0000000 1.0614312 1.0000000
-0.1789895 1.0000000 1.0380111 1.0000000
-0.1777392 1.0000000 1.0214884 1.0000000
-0.1769713 1.0000000 1.0752601 1.0000000
-0.1767853 1.0000000 1.0798361 1.0000000
-0.1767581 1.0000000 1.0144856 1.0000000
-0.1766487 1.0000000 1.0331459 1.0000000
-0.1763485 1.0000000 1.0197835 1.0000000
-0.1760466 1.0000000 1.0707590 1.0000000
-0.1757817 1.0000000 1.0627734 1.0000000
-0.1756739 1.0000000 1.0184268 1.0000000
-0.1756244 1.0000000 1.0456937 1.0000000
-0.1754633 1.0000000 1.0693017 1.0000000
-0.1754518 1.0000000 1.0518052 1.0000000
-0.1753963 1.0000000 1.0387137 1.0000000
-0.1738798 1.0000000 1.0328227 1.0000000
-0.1738451 1.0000000 1.0360868 1.0000000
-0.1737265 1.0000000 0.9964652 1.0000000
-0.1735207 1.0000000 1.0491624 1.0000000
-0.1702846 1.0000000 1.0289260 1.0000000
-0.1697164 1.0000000 1.0571296 1.0000000
-0.1694688 1.0000000 1.0422871 1.0000000
-0.1688176 1.0000000 1.0351744 1.0000000
-0.1685600 1.0000000 1.0445583 1.0000000
-0.1683629 1.0000000 1.0570891 1.0000000
-0.1680718 1.0000000 1.0471279 1.0000000
-0.1669953 1.0000000 1.0231316 1.0000000
-0.1666820 1.0000000 1.0405632 1.0000000
-0.1664372 1.0000000 1.0549869 1.0000000
-0.1662270 1.0000000 1.0296887 1.0000000
-0.1661930 1.0000000 1.0427928 1.0000000
-0.1661403 1.0000000 1.0368068 1.0000000
-0.1650438 1.0000000 1.0478579 1.0000000
-0.1649939 1.0000000 1.0472823 1.0000000
-0.1639934 1.0000000 1.0513591 1.0000000
-0.1636149 1.0000000 1.0394003 1.0000000
-0.1635564 1.0000000 1.0805610 1.0000000
-0.1620166 1.0000000 1.0469225 1.0000000
-0.1619736 1.0000000 1.0210548 1.0000000
-0.1618697 1.0000000 1.0426388 1.0000000
-0.1612752 1.0000000 1.0150993 1.0000000
-0.1609189 1.0000000 1.0496742 1.0000000
-0.1608412 1.0000000 1.0952632 1.0000000
-0.1598842 1.0000000 1.0450384 1.0000000
-0.1595969 1.0000000 1.0605743 1.0000000
-0.1592142 1.0000000 1.0532831 1.0000000
-0.1584528 1.0000000 1.0623379 1.0000000
-0.1579934 1.0000000 1.0831230 1.0000000
-0.1578471 1.0000000 1.0680359 1.0000000
-0.1574711 1.0000000 1.0446217 1.0000000
-0.1573932 1.0000000 1.0750289 1.0000000
-0.1571555 1.0000000 1.0477155 1.0000000
-0.1565366 1.0000000 1.0681942 1.0000000
-0.1564528 1.0000000 1.0888805 1.0000000
-0.1564019 1.0000000 1.0308890 1.0000000
-0.1563224 1.0000000 1.0173932 1.0000000
-0.1560816 1.0000000 1.0694652 1.0000000
-0.1559317 1.0000000 1.0344386 1.0000000
-0.1544422 1.0000000 1.0732929 1.0000000
-0.1541672 1.0000000 1.0218727 1.0000000
-0.1533946 1.0000000 1.0552957 1.0000000
-0.1533924 1.0000000 1.0441317 1.0000000
-0.1528856 1.0000000 1.0257547 1.0000000
-0.1518921 1.0000000 1.0576047 1.0000000
-0.1513395 1.0000000 1.0265498 1.0000000
-0.1511607 1.0000000 1.0402376 1.0000000
-0.1494811 1.0000000 1.0237033 1.0000000
-0.1486519 1.0000000 1.0328102 1.0000000
-0.1479595 1.0000000 1.0635155 1.0000000
-0.1473450 1.0000000 1.0732010 1.0000000
-0.1465116 1.0000000 1.0304224 1.0000000
-0.1442847 1.0000000 1.0606558 1.0000000
-0.1437869 1.0000000 1.0141272 1.0000000
-0.1427173 1.0000000 1.0637523 1.0000000
-0.1413037 1.0000000 1.0496486 1.0000000
-0.1412947 1.0000000 1.0371352 1.0000000
-0.1398372 1.0000000 1.0796264 1.0000000
-0.1396801 1.0000000 1.0220068 1.0000000
-0.1389581 1.0000000 1.0311767 1.0000000
-0.1376758 1.0000000 1.0718956 1.0000000
-0.1372087 1.0000000 1.0853672 1.0000000
-0.1355210 1.0000000 1.0067706 1.0000000
-0.1353862 1.0000000 1.0517717 1.0000000
-0.1350090 1.0000000 1.0286077 1.0000000
-0.1347281 1.0000000 1.0332674 1.0000000
-0.1344503 1.0000000 1.0866280 1.0000000
-0.1329238 1.0000000 1.0901586 1.0000000
-0.1328159 1.0000000 1.0531631 1.0000000
-0.1326153 1.0000000 1.0169063 1.0000000
-0.1324259 1.0000000 1.0647807 1.0000000
-0.1323655 1.0000000 1.0680211 1.0000000
-0.1320632 1.0000000 1.0469481 1.0000000
-0.1316288 1.0000000 1.0406707 1.0000000
-0.1315484 1.0000000 1.0679946 1.0000000
-0.1309875 1.0000000 1.0305674 1.0000000
-0.1309496 1.0000000 1.0567379 1.0000000
-0.1293255 1.0000000 1.0605404 1.0000000
-0.1285630 1.0000000 1.0722260 1.0000000
-0.1281722 1.0000000 1.0627022 1.0000000
-0.1271314 1.0000000 1.0329781 1.0000000
-0.1268913 1.0000000 1.0610010 1.0000000
-0.1261939 1.0000000 1.0568203 1.0000000
-0.1261561 1.0000000 1.0415043 1.0000000
-0.1260711 1.0000000 1.0486170 1.0000000
-0.1259603 1.0000000 1.0365038 1.0000000
-0.1258559 1.0000000 1.0571035 1.0000000
-0.1255247 1.0000000 1.0231547 1.0000000
-0.1253323 1.0000000 1.0228627 1.0000000
-0.1245771 1.0000000 1.0377926 1.0000000
-0.1242848 1.0000000 1.0475867 1.0000000
-0.1233583 1.0000000 1.0460210 1.0000000
-0.1221667 1.0000000 1.0392373 1.0000000
-0.1214726 1.0000000 1.0466806 1.0000000
-0.1199023 1.0000000 1.0752182 1.0000000
-0.1198524 1.0000000 1.0656125 1.0000000
-0.1188573 1.0000000 1.0182959 1.0000000
-0.1178788 1.0000000 1.0559458 1.0000000
-0.1166233 1.0000000 1.0740932 1.0000000
-0.1163076 1.0000000 1.0210282 1.0000000
-0.1161420 1.0000000 1.0656289 1.0000000
-0.1159710 1.0000000 1.0661182 1.0000000
-0.1154530 1.0000000 1.0549239 1.0000000
-0.1153782 1.0000000 0.9888125 1.0000000
-0.1151901 1.0000000 1.0584431 1.0000000
-0.1151493 1.0000000 1.0325015 1.0000000
-0.1145267 1.0000000 1.0359954 1.0000000
-0.1139294 1.0000000 1.0458532 1.0000000
-0.1135878 1.0000000 1.0409489 1.0000000
-0.1132828 1.0000000 0.9931029 1.0000000
-0.1128413 1.0000000 1.0899259 1.0000000
-0.1124475 1.0000000 0.9988535 1.0000000
-0.1113634 1.0000000 1.0415205 1.0000000
-0.1111809 1.0000000 1.0517990 1.0000000
-0.1107759 1.0000000 1.0481031 1.0000000
-0.1102326 1.0000000 1.0073119 1.0000000
-0.1101925 1.0000000 1.0570497 1.0000000
-0.1096095 1.0000000 1.0201838 1.0000000
-0.1089751 1.0000000 1.0684421 1.0000000
-0.1085999 1.0000000 1.0275822 1.0000000
-0.1085107 1.0000000 1.0430921 1.0000000
-0.1074279 1.0000000 1.0399427 1.0000000
-0.1071546 1.0000000 1.0277512 1.0000000
-0.1068448 1.0000000 1.0596860 1.0000000
-0.1058424 1.0000000 1.0525126 1.0000000
-0.1051375 1.0000000 1.0506321 1.0000000
-0.1050081 1.0000000 1.0430985 1.0000000
-0.1045667 1.0000000 1.0322868 1.0000000
-0.1042023 1.0000000 1.0480086 1.0000000
-0.1037840 1.0000000 1.0363236 1.0000000
-0.1035502 1.0000000 1.0288297 1.0000000
-0.1030558 1.0000000 1.0653755 1.0000000
-0.1016206 1.0000000 1.0504230 1.0000000
-0.1012361 1.0000000 1.0831875 1.0000000
-0.1011951 1.0000000 1.0417348 1.0000000
-0.1009027 1.0000000 1.0509118 1.0000000
-0.0993567 1.0000000 1.0668928 1.0000000
-0.0992421 1.0000000 1.0486267 1.0000000
-0.0985716 1.0000000 1.0734808 1.0000000
-0.0984524 1.0000000 1.0652271 1.0000000
-0.0979063 1.0000000 1.0655951 1.0000000
-0.0976241 1.0000000 1.0553124 1.0000000
-0.0973128 1.0000000 1.0741423 1.0000000
-0.0963347 1.0000000 1.0501061 1.0000000
-0.0963025 1.0000000 1.0294861 1.0000000
-0.0962363 1.0000000 1.0413464 1.0000000
-0.0959219 1.0000000 1.0519699 1.0000000
-0.0954236 1.0000000 1.0587740 1.0000000
-0.0948006 1.0000000 1.0348668 1.0000000
-0.0946896 1.0000000 1.0224079 1.0000000
-0.0945560 1.0000000 1.0482848 1.0000000
-0.0944978 1.0000000 1.0526298 1.0000000
-0.0925825 1.0000000 1.0478831 1.0000000
-0.0920082 1.0000000 1.0629743 1.0000000
-0.0913750 1.0000000 1.0574718 1.0000000
-0.0899459 1.0000000 1.0775686 1.0000000
-0.0895869 1.0000000 1.0315253 1.0000000
-0.0894625 1.0000000 1.0263886 1.0000000
-0.0890956 1.0000000 1.0910934 1.0000000
-0.0890001 1.0000000 1.0305538 1.0000000
-0.0888662 1.0000000 1.0210928 1.0000000
-0.0885194 1.0000000 1.0312660 1.0000000
-0.0880459 1.0000000 1.0261784 1.0000000
-0.0880231 1.0000000 1.0643120 1.0000000
-0.0874138 1.0000000 1.0522447 1.0000000
-0.0858567 1.0000000 1.0318468 1.0000000
-0.0858033 1.0000000 1.0375735 1.0000000
-0.0855683 1.0000000 1.0978497 1.0000000
-0.0836801 1.0000000 1.0199625 1.0000000
-0.0833947 1.0000000 1.0548320 1.0000000
-0.0832925 1.0000000 1.0165980 1.0000000
-0.0831913 1.0000000 1.0552139 1.0000000
-0.0827397 1.0000000 1.0419666 1.0000000
-0.0821541 1.0000000 1.0307993 1.0000000
-0.0821497 1.0000000 1.0612727 1.0000000
-0.0811223 1.0000000 1.0419217 1.0000000
-0.0793146 1.0000000 1.0614906 1.0000000
-0.0793097 1.0000000 1.0231012 1.0000000
-0.0791528 1.0000000 1.0451734 1.0000000
-0.0780560 1.0000000 1.0966403 1.0000000
-0.0774563 1.0000000 1.0693356 1.0000000
-0.0774069 1.0000000 1.0164136 1.0000000
-0.0773344 1.0000000 1.0347754 1.0000000
-0.0760533 1.0000000 1.0348041 1.0000000
-0.0757459 1.0000000 1.0457017 1.0000000
-0.0754607 1.0000000 1.0399654 1.0000000
-0.0743580 1.0000000 1.0667824 1.0000000
-0.0742678 1.0000000 1.0266202 1.0000000
-0.0719582 1.0000000 1.0519097 1.0000000
-0.0708961 1.0000000 1.0509111 1.0000000
-0.0707957 1.0000000 1.0582731 1.0000000
-0.0703736 1.0000000 1.0525735 1.0000000
-0.0703590 1.0000000 1.0431328 1.0000000
-0.0694059 1.0000000 1.0369184 1.0000000
-0.0692701 1.0000000 1.0395093 1.0000000
-0.0686219 1.0000000 1.0283810 1.0000000
-0.0681633 1.0000000 1.0200270 1.0000000
-0.0665636 1.0000000 1.0933387 1.0000000
-0.0651383 1.0000000 1.0291605 1.0000000
-0.0649117 1.0000000 1.0314031 1.0000000
-0.0647181 1.0000000 1.0503536 1.0000000
-0.0641061 1.0000000 1.1064817 1.0000000
-0.0636808 1.0000000 1.0084461 1.0000000
-0.0631221 1.0000000 1.0568167 1.0000000
-0.0628972 1.0000000 1.0260388 1.0000000
-0.0628247 1.0000000 1.0660282 1.0000000
-0.0614850 1.0000000 1.0471581 1.0000000
-0.0611757 1.0000000 1.0572752 1.0000000
-0.0611316 1.0000000 1.0513021 1.0000000
-0.0603943 1.0000000 1.0480505 1.0000000
-0.0589418 1.0000000 1.0488540 1.0000000
-0.0570045 1.0000000 1.0221984 1.0000000
-0.0569958 1.0000000 1.0912140 1.0000000
-0.0569291 1.0000000 1.0103193 1.0000000
-0.0556732 1.0000000 1.0321736 1.0000000
-0.0555517 1.0000000 1.0140024 1.0000000
-0.0552720 1.0000000 1.0279455 1.0000000
-0.0549348 1.0000000 1.0222860 1.0000000
-0.0537346 1.0000000 1.0266037 1.0000000
-0.0525011 1.0000000 1.0137788 1.0000000
-0.0519775 1.0000000 1.0405106 1.0000000
-0.0511555 1.0000000 1.0323934 1.0000000
-0.0505726 1.0000000 1.0153895 1.0000000
-0.0504907 1.0000000 1.0453526 1.0000000
-0.0503515 1.0000000 1.0532857 1.0000000
-0.0501678 1.0000000 1.0532759 1.0000000
-0.0501310 1.0000000 1.0074708 1.0000000
-0.0500788 1.0000000 1.0367845 1.0000000
-0.0498410 1.0000000 1.0571537 1.0000000
-0.0495177 1.0000000 1.0556328 1.0000000
-0.0493897 1.0000000 1.0391730 1.0000000
-0.0487811 1.0000000 1.0786349 1.0000000
-0.0484696 1.0000000 1.0592021 1.0000000
-0.0484417 1.0000000 1.0576737 1.0000000
-0.0484130 1.0000000 1.0568984 1.0000000
-0.0479978 1.0000000 1.0635199 1.0000000
-0.0479076 1.0000000 1.0476461 1.0000000
-0.0473350 1.0000000 1.0569152 1.0000000
-0.0470299 1.0000000 1.0555401 1.0000000
-0.0464185 1.0000000 1.0495820 1.0000000
-0.0463845 1.0000000 1.0843069 1.0000000
-0.0456041 1.0000000 1.0449802 1.0000000
-0.0444033 1.0000000 1.0555625 1.0000000
-0.0441184 1.0000000 1.0408146 1.0000000
-0.0432526 1.0000000 1.0482658 1.0000000
-0.0421818 1.0000000 1.0779025 1.0000000
-0.0415593 1.0000000 1.0561086 1.0000000
-0.0415262 1.0000000 1.0732095 1.0000000
-0.0414576 1.0000000 1.0611698 1.0000000
-0.0410124 1.0000000 1.0218474 1.0000000
-0.0403687 1.0000000 1.0635472 1.0000000
-0.0401367 1.0000000 1.0602073 1.0000000
-0.0396554 1.0000000 1.0400124 1.0000000
-0.0395958 1.0000000 1.0696940 1.0000000
-0.0370653 1.0000000 1.0261127 1.0000000
-0.0358219 1.0000000 1.0477862 1.0000000
-0.0345049 1.0000000 1.0471633 1.0000000
-0.0340940 1.0000000 1.0294615 1.0000000
-0.0339411 1.0000000 1.0045321 1.0000000
-0.0336671 1.0000000 1.0397266 1.0000000
-0.0334257 1.0000000 1.0471559 1.0000000
-0.0321295 1.0000000 1.0206965 1.0000000
-0.0319442 1.0000000 1.0507574 1.0000000
-0.0318066 1.0000000 1.0015084 1.0000000
-0.0315449 1.0000000 1.0484668 1.0000000
-0.0311584 1.0000000 1.0412866 1.0000000
-0.0307339 1.0000000 1.0466738 1.0000000
-0.0302474 1.0000000 1.0507479 1.0000000
-0.0296902 1.0000000 1.0347000 1.0000000
-0.0294146 1.0000000 1.0714126 1.0000000
-0.0289257 1.0000000 1.0633344 1.0000000
-0.0289150 1.0000000 1.0528736 1.0000000
-0.0286289 1.0000000 1.0365924 1.0000000
-0.0279578 1.0000000 1.0446985 1.0000000
-0.0274172 1.0000000 1.0544097 1.0000000
-0.0260852 1.0000000 1.0247849 1.0000000
-0.0257212 1.0000000 1.0395997 1.0000000
-0.0256060 1.0000000 1.0564804 1.0000000
-0.0255354 1.0000000 1.0399070 1.0000000
-0.0249666 1.0000000 1.0475679 1.0000000
-0.0248744 1.0000000 1.0439051 1.0000000
-0.0246890 1.0000000 1.0299761 1.0000000
-0.0244639 1.0000000 1.0440676 1.0000000
-0.0243482 1.0000000 1.0165028 1.0000000
-0.0240454 1.0000000 1.0330104 1.0000000
-0.0239063 1.0000000 1.0274119 1.0000000
-0.0236247 1.0000000 1.0267440 1.0000000
-0.0225610 1.0000000 1.0617145 1.0000000
-0.0224429 1.0000000 1.0204383 1.0000000
-0.0223466 1.0000000 1.0842446 1.0000000
-0.0222423 1.0000000 1.0024023 1.0000000
-0.0216931 1.0000000 1.0203483 1.0000000
-0.0216515 1.0000000 1.0635104 1.0000000
-0.0216179 1.0000000 1.0531624 1.0000000
-0.0211149 1.0000000 1.0443295 1.0000000
-0.0204937 1.0000000 1.0485556 1.0000000
-0.0202671 1.0000000 1.0677452 1.0000000
-0.0185752 1.0000000 1.0553199 1.0000000
-0.0185131 1.0000000 1.0495012 1.0000000
-0.0182717 1.0000000 1.0216320 1.0000000
-0.0180861 1.0000000 1.0183121 1.0000000
-0.0180684 1.0000000 1.0547495 1.0000000
-0.0177504 1.0000000 1.0522026 1.0000000
-0.0166516 1.0000000 1.0747573 1.0000000
-0.0163600 1.0000000 1.0438423 1.0000000
-0.0161473 1.0000000 1.0638897 1.0000000
-0.0155253 1.0000000 1.0275480 1.0000000
-0.0154652 1.0000000 1.0403356 1.0000000
-0.0153873 1.0000000 1.0463453 1.0000000
-0.0141470 1.0000000 1.0480807 1.0000000
-0.0138518 1.0000000 1.0374845 1.0000000
-0.0138367 1.0000000 1.0339727 1.0000000
-0.0138357 1.0000000 1.0336535 1.0000000
-0.0136375 1.0000000 1.0376852 1.0000000
-0.0136330 1.0000000 1.0415244 1.0000000
-0.0135477 1.0000000 1.0414084 1.0000000
-0.0132495 1.0000000 1.0446486 1.0000000
-0.0131485 1.0000000 1.0436615 1.0000000
-0.0127162 1.0000000 1.0055317 1.0000000
-0.0125170 1.0000000 1.0176164 1.0000000
-0.0116617 1.0000000 1.0616012 1.0000000
-0.0104040 1.0000000 1.0423420 1.0000000
-0.0100472 1.0000000 1.0808543 1.0000000
-0.0087247 1.0000000 1.0370320 1.0000000
-0.0085234 1.0000000 1.0705109 1.0000000
-0.0084579 1.0000000 1.0137554 1.0000000
-0.0074933 1.0000000 1.0903910 1.0000000
-0.0055592 1.0000000 1.0024503 1.0000000
-0.0050899 1.0000000 1.0797765 1.0000000
-0.0046069 1.0000000 1.0484208 1.0000000
-0.0045824 1.0000000 1.0503588 1.0000000
-0.0045800 1.0000000 1.0548911 1.0000000
-0.0037311 1.0000000 1.0448317 1.0000000
-0.0028640 1.0000000 1.0709252 1.0000000
-0.0021279 1.0000000 1.0502525 1.0000000
-0.0020753 1.0000000 1.0522135 1.0000000
-0.0017028 1.0000000 1.0590158 1.0000000
-0.0009359 1.0000000 1.0497242 1.0000000
-0.0005298 1.0000000 1.0186057 1.0000000
-0.0004154 1.0000000 1.0216477 1.0000000
-0.0001646 1.0000000 1.0651908 1.0000000
0.0008012 1.0000000 1.0316970 1.0000000
0.0008452 1.0000000 1.0156647 1.0000000
0.0021941 1.0000000 1.0415700 1.0000000
0.0040751 1.0000000 1.0087113 1.0000000
0.0049072 1.0000000 1.0217681 1.0000000
0.0052674 1.0000000 1.0281865 1.0000000
0.0054303 1.0000000 1.0624304 1.0000000
0.0055044 1.0000000 1.0185146 1.0000000
0.0057707 1.0000000 1.0603772 1.0000000
0.0066409 1.0000000 1.0633656 1.0000000
0.0067088 1.0000000 1.0589721 1.0000000
0.0072906 1.0000000 1.0693009 1.0000000
0.0085606 1.0000000 0.9993928 1.0000000
0.0085877 1.0000000 1.0746809 1.0000000
0.0088751 1.0000000 1.0759290 1.0000000
0.0089853 1.0000000 1.0523649 1.0000000
0.0095931 1.0000000 1.0513024 1.0000000
0.0101117 1.0000000 1.0481715 1.0000000
0.0115354 1.0000000 1.0896339 1.0000000
0.0133661 1.0000000 1.0380548 1.0000000
0.0144228 1.0000000 1.0388810 1.0000000
0.0146091 1.0000000 1.0459541 1.0000000
0.0153775 1.0000000 1.0507058 1.0000000
0.0158621 1.0000000 1.0355108 1.0000000
0.0159297 1.0000000 1.0412057 1.0000000
0.0164548 1.0000000 1.0586102 1.0000000
0.0170351 1.0000000 1.0399223 1.0000000
0.0181838 1.0000000 1.0427185 1.0000000
0.0183378 1.0000000 1.0651113 1.0000000
0.0184716 1.0000000 1.0288218 1.0000000
0.0189773 1.0000000 1.0607368 1.0000000
0.0227667 1.0000000 1.0565183 1.0000000
0.0228045 1.0000000 1.0721239 1.0000000
0.0230220 1.0000000 1.0484496 1.0000000
0.0231136 1.0000000 1.0335510 1.0000000
0.0234703 1.0000000 1.0758826 1.0000000
0.0236693 1.0000000 1.0559777 1.0000000
0.0240505 1.0000000 1.0656642 1.0000000
0.0251787 1.0000000 1.0582310 1.0000000
0.0259910 1.0000000 1.0374499 1.0000000
0.0264681 1.0000000 1.0212217 1.0000000
0.0272967 1.0000000 1.0268446 1.0000000
0.0275362 1.0000000 1.0600142 1.0000000
0.0279296 1.0000000 1.0559785 1.0000000
0.0279533 1.0000000 1.0319758 1.0000000
0.0280236 1.0000000 1.0753413 1.0000000
0.0291314 1.0000000 1.0467954 1.0000000
0.0291532 1.0000000 1.0541260 1.0000000
0.0295010 1.0000000 1.0559369 1.0000000
0.0298294 1.0000000 1.0762534 1.0000000
0.0300315 1.0000000 1.0564038 1.0000000
0.0307061 1.0000000 1.0959076 1.0000000
0.0313077 1.0000000 1.0797464 1.0000000
0.0316942 1.0000000 1.0326482 1.0000000
0.0325713 1.0000000 1.0661082 1.0000000
0.0343189 1.0000000 1.0710681 1.0000000
0.0350159 1.0000000 1.0622170 1.0000000
0.0351472 1.0000000 1.0193816 1.0000000
0.0353977 1.0000000 1.0545934 1.0000000
0.0358958 1.0000000 1.0743078 1.0000000
0.0366412 1.0000000 1.0747364 1.0000000
0.0373216 1.0000000 1.0377698 1.0000000
0.0378010 1.0000000 1.0336023 1.0000000
0.0380261 1.0000000 1.0375926 1.0000000
0.0380281 1.0000000 1.0642221 1.0000000
0.0386034 1.0000000 1.0569686 1.0000000
0.0392104 1.0000000 1.0426788 1.0000000
0.0395572 1.0000000 1.0747851 1.0000000
0.0397577 1.0000000 1.0340907 1.0000000
0.0398606 1.0000000 1.0446008 1.0000000
0.0401180 1.0000000 1.0066456 1.0000000
0.0406388 1.0000000 1.0105215 1.0000000
0.0406597 1.0000000 1.0069753 1.0000000
0.0408188 1.0000000 1.0172160 1.0000000
0.0424025 1.0000000 1.0519008 1.0000000
0.0424798 1.0000000 1.0566201 1.0000000
0.0428560 1.0000000 1.0922782 1.0000000
0.0431575 1.0000000 1.0394631 1.0000000
0.0445152 1.0000000 1.0474093 1.0000000
0.0446118 1.0000000 1.0526001 1.0000000
0.0448573 1.0000000 1.0358927 1.0000000
0.0453003 1.0000000 1.0484593 1.0000000
0.0453153 1.0000000 1.0576821 1.0000000
0.0457132 1.0000000 1.0331093 1.0000000
0.0457712 1.0000000 1.0618431 1.0000000
0.0462298 1.0000000 1.0516084 1.0000000
0.0464265 1.0000000 1.0459693 1.0000000
0.0466331 1.0000000 1.0676739 1.0000000
0.0477402 1.0000000 1.0275242 1.0000000
0.0482689 1.0000000 0.9940302 1.0000000
0.0483954 1.0000000 1.0731846 1.0000000
0.0485578 1.0000000 1.0254986 1.0000000
0.0486194 1.0000000 1.0292225 1.0000000
0.0492181 1.0000000 1.0405245 1.0000000
0.0499650 1.0000000 1.0776329 1.0000000
0.0501490 1.0000000 1.0387088 1.0000000
0.0502259 1.0000000 1.0983501 1.0000000
0.0504518 1.0000000 1.0526248 1.0000000
0.0504531 1.0000000 1.0133233 1.0000000
0.0507540 1.0000000 1.0567862 1.0000000
0.0511788 1.0000000 1.0741226 1.0000000
0.0512678 1.0000000 1.0685873 1.0000000
0.0519486 1.0000000 1.1199912 1.0000000
0.0521965 1.0000000 1.0350520 1.0000000
0.0529366 1.0000000 1.0411621 1.0000000
0.0536352 1.0000000 1.0625446 1.0000000
0.0540705 1.0000000 1.0530379 1.0000000
0.0540794 1.0000000 1.0337815 1.0000000
0.0545532 1.0000000 1.0508086 1.0000000
0.0546565 1.0000000 1.0770410 1.0000000
0.0547854 1.0000000 1.0358932 1.0000000
0.0552466 1.0000000 1.0635819 1.0000000
0.0572965 1.0000000 1.0517564 1.0000000
0.0576865 1.0000000 1.0647262 1.0000000
0.0577942 1.0000000 1.0289374 1.0000000
0.0578130 1.0000000 1.0484699 1.0000000
0.0580735 1.0000000 1.0498962 1.0000000
0.0581388 1.0000000 1.0874343 1.0000000
0.0591397 1.0000000 1.0618074 1.0000000
0.0600905 1.0000000 1.0535884 1.0000000
0.0600969 1.0000000 1.0427201 1.0000000
0.0600980 1.0000000 1.0446306 1.0000000
0.0604172 1.0000000 1.0521828 1.0000000
0.0610617 1.0000000 1.0662993 1.0000000
0.0616373 1.0000000 1.0686178 1.0000000
0.0617722 1.0000000 1.0560832 1.0000000
0.0632142 1.0000000 1.0591700 1.0000000
0.0644219 1.0000000 1.0502595 1.0000000
0.0646625 1.0000000 1.0437134 1.0000000
0.0647196 1.0000000 1.0770332 1.0000000
0.0647618 1.0000000 1.0652857 1.0000000
0.0655370 1.0000000 1.0449098 1.0000000
0.0659708 1.0000000 1.0790343 1.0000000
0.0662042 1.0000000 1.0350449 1.0000000
0.0677509 1.0000000 1.0510902 1.0000000
0.0683877 1.0000000 1.0373518 1.0000000
0.0692237 1.0000000 1.0662242 1.0000000
0.0694426 1.0000000 0.9918691 1.0000000
0.0697255 1.0000000 1.0510509 1.0000000
0.0699048 1.0000000 1.0797914 1.0000000
0.0706659 1.0000000 1.0464496 1.0000000
0.0710776 1.0000000 1.0559842 1.0000000
0.0718740 1.0000000 1.0637395 1.0000000
0.0722338 1.0000000 1.0531921 1.0000000
0.0724903 1.0000000 1.0277725 1.0000000
0.0728873 1.0000000 1.0569332 1.0000000
0.0733649 1.0000000 1.0512237 1.0000000
0.0741810 1.0000000 0.9831925 1.0000000
0.0743296 1.0000000 1.0337652 1.0000000
0.0743765 1.0000000 1.0659652 1.0000000
0.0752153 1.0000000 1.0298024 1.0000000
0.0759932 1.0000000 1.0418173 1.0000000
0.0759972 1.0000000 1.0580199 1.0000000
0.0762812 1.0000000 1.0084647 1.0000000
0.0767785 1.0000000 1.0561659 1.0000000
0.0772624 1.0000000 1.0787324 1.0000000
0.0780182 1.0000000 1.0452917 1.0000000
0.0782136 1.0000000 1.0322843 1.0000000
0.0782263 1.0000000 1.0564067 1.0000000
0.0782543 1.0000000 1.0687920 1.0000000
0.0782866 1.0000000 1.0762608 1.0000000
0.0798636 1.0000000 1.0355620 1.0000000
0.0809964 1.0000000 1.0520657 1.0000000
0.0811335 1.0000000 1.0166007 1.0000000
0.0822206 1.0000000 1.0535703 1.0000000
0.0829416 1.0000000 1.0983404 1.0000000
0.0835959 1.0000000 1.0307387 1.0000000
0.0842817 1.0000000 1.0105624 1.0000000
0.0845154 1.0000000 1.0591278 1.0000000
0.0849951 1.0000000 1.0567788 1.0000000
0.0854350 1.0000000 1.0563207 1.0000000
0.0856005 1.0000000 1.0504997 1.0000000
0.0861388 1.0000000 1.0857898 1.0000000
0.0868635 1.0000000 1.0249580 1.0000000
0.0873691 1.0000000 1.0581670 1.0000000
0.0887954 1.0000000 1.0353441 1.0000000
0.0893925 1.0000000 1.0688445 1.0000000
0.0911635 1.0000000 1.0572897 1.0000000
0.0913027 1.0000000 1.0450233 1.0000000
0.0914908 1.0000000 1.0727242 1.0000000
0.0915730 1.0000000 0.9959591 1.0000000
0.0917052 1.0000000 1.0915280 1.0000000
0.0917730 1.0000000 1.0556847 1.0000000
0.0920050 1.0000000 1.0568799 1.0000000
0.0923204 1.0000000 1.0157831 1.0000000
0.0938589 1.0000000 1.0631494 1.0000000
0.0938622 1.0000000 1.0416877 1.0000000
0.0946833 1.0000000 1.0414594 1.0000000
0.0951594 1.0000000 1.0467520 1.0000000
0.0953448 1.0000000 1.0557250 1.0000000
0.0964355 1.0000000 1.0658736 1.0000000
0.0972006 1.0000000 1.0430592 1.0000000
0.0972208 1.0000000 1.0450384 1.0000000
0.0975902 1.0000000 1.0864089 1.0000000
0.0976134 1.0000000 1.0374600 1.0000000
0.0988834 1.0000000 1.0649300 1.0000000
0.0993553 1.0000000 1.0468544 1.0000000
0.0997561 1.0000000 1.0441911 1.0000000
0.1014994 1.0000000 1.0048988 1.0000000
0.1016388 1.0000000 1.0332709 1.0000000
0.1020989 1.0000000 1.0531913 1.0000000
0.1022031 1.0000000 1.0168923 1.0000000
0.1025735 1.0000000 1.0598893 1.0000000
0.1039729 1.0000000 1.0237744 1.0000000
0.1042942 1.0000000 1.0750266 1.0000000
0.1051686 1.0000000 1.0528175 1.0000000
0.1052473 1.0000000 1.0654730 1.0000000
0.1053257 1.0000000 1.0723025 1.0000000
0.1054096 1.0000000 1.0621535 1.0000000
0.1061073 1.0000000 1.0429602 1.0000000
0.1064250 1.0000000 1.0408181 1.0000000
0.1068596 1.0000000 1.0510431 1.0000000
0.1082955 1.0000000 1.0830745 1.0000000
0.1085534 1.0000000 1.0768519 1.0000000
0.1093028 1.0000000 1.0106494 1.0000000
0.1093756 1.0000000 1.0556745 1.0000000
0.1099773 1.0000000 1.0556562 1.0000000
0.1109150 1.0000000 1.0221508 1.0000000
0.1111223 1.0000000 1.0870493 1.0000000
0.1115174 1.0000000 1.0600658 1.0000000
0.1115875 1.0000000 1.0563508 1.0000000
0.1117717 1.0000000 1.0380053 1.0000000
0.1119602 1.0000000 1.0718268 1.0000000
0.1121891 1.0000000 1.0424510 1.0000000
0.1129748 1.0000000 1.0724093 1.0000000
0.1146427 1.0000000 1.0713272 1.0000000
0.1150246 1.0000000 1.0825793 1.0000000
0.1161263 1.0000000 1.0335710 1.0000000
0.1167340 1.0000000 1.0924487 1.0000000
0.1171746 1.0000000 1.0640583 1.0000000
0.1174053 1.0000000 1.0404854 1.0000000
0.1176064 1.0000000 1.0421684 1.0000000
0.1177331 1.0000000 1.0271250 1.0000000
0.1201609 1.0000000 1.0586856 1.0000000
0.1207282 1.0000000 1.0583289 1.0000000
0.1210273 1.0000000 1.0305778 1.0000000
0.1214619 1.0000000 1.0284501 1.0000000
0.1215528 1.0000000 1.0669913 1.0000000
0.1218206 1.0000000 1.0459327 1.0000000
0.1222082 1.0000000 1.0744699 1.0000000
0.1223266 1.0000000 1.0668165 1.0000000
0.1225688 1.0000000 1.0376918 1.0000000
0.1244203 1.0000000 1.0377191 1.0000000
0.1244981 1.0000000 1.0335297 1.0000000
0.1248901 1.0000000 1.0397057 1.0000000
0.1251300 1.0000000 1.0558261 1.0000000
0.1259343 1.0000000 1.0830639 1.0000000
0.1269468 1.0000000 1.0323583 1.0000000
0.1270682 1.0000000 1.0287394 1.0000000
0.1276099 1.0000000 1.0663441 1.0000000
0.1277052 1.0000000 1.0661266 1.0000000
0.1300881 1.0000000 1.0525111 1.0000000
0.1305220 1.0000000 1.0777902 1.0000000
0.1310247 1.0000000 1.0365327 1.0000000
0.1311973 1.0000000 1.0846064 1.0000000
0.1317855 1.0000000 1.0340533 1.0000000
0.1324467 1.0000000 1.0470952 1.0000000
0.1325329 1.0000000 1.0303580 1.0000000
0.1325547 1.0000000 1.0321312 1.0000000
0.1332383 1.0000000 1.0389071 1.0000000
0.1335528 1.0000000 1.0503104 1.0000000
0.1340109 1.0000000 1.0206375 1.0000000
0.1353192 1.0000000 1.0295641 1.0000000
0.1354291 1.0000000 1.0316818 1.0000000
0.1357586 1.0000000 1.0378049 1.0000000
0.1359728 1.0000000 1.0679722 1.0000000
0.1363134 1.0000000 1.0591582 1.0000000
0.1372762 1.0000000 1.0384502 1.0000000
0.1377373 1.0000000 1.0598703 1.0000000
0.1378662 1.0000000 1.0371455 1.0000000
0.1380643 1.0000000 1.0522860 1.0000000
0.1391514 1.0000000 1.0701805 1.0000000
0.1405242 1.0000000 1.0514848 1.0000000
0.1406184 1.0000000 1.0566064 1.0000000
0.1412520 1.0000000 1.0580676 1.0000000
0.1425250 1.0000000 1.0308693 1.0000000
0.1425291 1.0000000 1.0569145 1.0000000
0.1432501 1.0000000 1.0612789 1.0000000
0.1436502 1.0000000 1.0258940 1.0000000
0.1443697 1.0000000 1.0528920 1.0000000
0.1454125 1.0000000 1.0024424 1.0000000
0.1457341 1.0000000 1.0475063 1.0000000
0.1460407 1.0000000 1.0399690 1.0000000
0.1481522 1.0000000 1.0431488 1.0000000
0.1487244 1.0000000 1.0542183 1.0000000
0.1488713 1.0000000 1.0224212 1.0000000
0.1497775 1.0000000 1.0513936 1.0000000
0.1504469 1.0000000 1.0507012 1.0000000
0.1506139 1.0000000 1.0563024 1.0000000
0.1509102 1.0000000 1.0584097 1.0000000
0.1513300 1.0000000 1.0388651 1.0000000
0.1516320 1.0000000 1.0171579 1.0000000
0.1517908 1.0000000 1.0488251 1.0000000
0.1518142 1.0000000 1.0526898 1.0000000
0.1540644 1.0000000 1.0830758 1.0000000
0.1543490 1.0000000 1.0592828 1.0000000
0.1544643 1.0000000 1.0517873 1.0000000
0.1548657 1.0000000 1.0428654 1.0000000
0.1549641 1.0000000 1.0434258 1.0000000
0.1555231 1.0000000 1.0398480 1.0000000
0.1557999 1.0000000 1.0475471 1.0000000
0.1562917 1.0000000 1.0334021 1.0000000
0.1563020 1.0000000 1.0240626 1.0000000
0.1566396 1.0000000 1.0269543 1.0000000
0.1572364 1.0000000 1.0372284 1.0000000
0.1581270 1.0000000 1.0354839 1.0000000
0.1585994 1.0000000 0.9834269 1.0000000
0.1587409 1.0000000 1.0394434 1.0000000
0.1596601 1.0000000 1.0621979 1.0000000
0.1601102 1.0000000 1.0933244 1.0000000
0.1606428 1.0000000 1.0222683 1.0000000
0.1609100 1.0000000 1.0446664 1.0000000
0.1612837 1.0000000 1.0396511 1.0000000
0.1632164 1.0000000 1.0576447 1.0000000
0.1645851 1.0000000 1.0376918 1.0000000
0.1648538 1.0000000 1.0368937 1.0000000
0.1670450 1.0000000 1.0466597 1.0000000
0.1677906 1.0000000 1.0447927 1.0000000
0.1684792 1.0000000 1.0613126 1.0000000
0.1685719 1.0000000 1.0675836 1.0000000
0.1689550 1.0000000 1.0894321 1.0000000
0.1698045 1.0000000 1.0314879 1.0000000
0.1701839 1.0000000 1.0237699 1.0000000
0.1702707 1.0000000 1.0425084 1.0000000
0.1703122 1.0000000 1.0657882 1.0000000
0.1703130 1.0000000 1.0112381 1.0000000
0.1710828 1.0000000 1.0289906 1.0000000
0.1711698 1.0000000 1.0340486 1.0000000
0.1723381 1.0000000 1.0442705 1.0000000
0.1730560 1.0000000 1.0600691 1.0000000
0.1731797 1.0000000 1.1047323 1.0000000
0.1736250 1.0000000 1.0272616 1.0000000
0.1736671 1.0000000 1.0318537 1.0000000
0.1748587 1.0000000 1.0674106 1.0000000
0.1753436 1.0000000 1.0240654 1.0000000
0.1754738 1.0000000 1.0761070 1.0000000
0.1773587 1.0000000 1.0612845 1.0000000
0.1775261 1.0000000 1.0481232 1.0000000
0.1778602 1.0000000 1.0329915 1.0000000
0.1801669 1.0000000 1.0882954 1.0000000
0.1802468 1.0000000 1.0535114 1.0000000
0.1804030 1.0000000 1.0401974 1.0000000
0.1811379 1.0000000 1.0544075 1.0000000
0.1826402 1.0000000 1.0122864 1.0000000
0.1826484 1.0000000 1.0619598 1.0000000
0.1826507 1.0000000 1.0761742 1.0000000
0.1846127 1.0000000 1.0128631 1.0000000
0.1850493 1.0000000 1.0458361 1.0000000
0.1863677 1.0000000 1.0451869 1.0000000
0.1864248 1.0000000 1.0519296 1.0000000
0.1874137 1.0000000 1.0685623 1.0000000
0.1875133 1.0000000 1.0102551 1.0000000
0.1876912 1.0000000 1.0321646 1.0000000
0.1880055 1.0000000 1.0486822 1.0000000
0.1884642 1.0000000 1.0726848 1.0000000
0.1886434 1.0000000 1.0507425 1.0000000
0.1888345 1.0000000 1.0531537 1.0000000
0.1897593 1.0000000 1.0433232 1.0000000
0.1898746 1.0000000 1.0679734 1.0000000
0.1903654 1.0000000 1.0638447 1.0000000
0.1906401 1.0000000 1.0312270 1.0000000
0.1909675 1.0000000 1.0380360 1.0000000
0.1910377 1.0000000 1.0425822 1.0000000
0.1914754 1.0000000 1.0193770 1.0000000
0.1918201 1.0000000 1.0481582 1.0000000
0.1924625 1.0000000 1.0042929 1.0000000
0.1924684 1.0000000 1.0304746 1.0000000
0.1925608 1.0000000 1.0119224 1.0000000
0.1927596 1.0000000 1.0465250 1.0000000
0.1958127 1.0000000 0.9995024 1.0000000
0.1966107 1.0000000 1.0559147 1.0000000
0.1966657 1.0000000 1.0490561 1.0000000
0.1981224 1.0000000 1.0338966 1.0000000
0.1983832 1.0000000 1.0131384 1.0000000
0.1991458 1.0000000 1.0509735 1.0000000
0.1991921 1.0000000 1.0831222 1.0000000
0.1992123 1.0000000 1.0676753 1.0000000
0.1993806 1.0000000 1.0519189 1.0000000
0.1997277 1.0000000 1.0657763 1.0000000
0.1998608 1.0000000 1.0494334 1.0000000
0.1998958 1.0000000 1.0830397 1.0000000
0.1999479 1.0000000 1.0703051 1.0000000
0.2001636 1.0000000 1.0713362 1.0000000
0.2004209 1.0000000 1.0597584 1.0000000
0.2005412 1.0000000 1.0569402 1.0000000
0.2010624 1.0000000 1.1051842 1.0000000
0.2024154 1.0000000 1.0394687 1.0000000
0.2030083 1.0000000 1.0546764 1.0000000
0.2032359 1.0000000 1.0332169 1.0000000
0.2037200 1.0000000 1.0104296 1.0000000
0.2037324 1.0000000 1.0411605 1.0000000
0.2039015 1.0000000 1.0188858 1.0000000
0.2046807 1.0000000 1.0485583 1.0000000
0.2051351 1.0000000 1.0886590 1.0000000
0.2052134 1.0000000 1.0145894 1.0000000
0.2060698 1.0000000 1.0662222 1.0000000
0.2062694 1.0000000 1.0630174 1.0000000
0.2063213 1.0000000 1.0642603 1.0000000
0.2073287 1.0000000 1.0401534 1.0000000
0.2083757 1.0000000 1.0485965 1.0000000
0.2102464 1.0000000 1.0483889 1.0000000
0.2110349 1.0000000 1.0772220 1.0000000
0.2114974 1.0000000 1.0380265 1.0000000
0.2117593 1.0000000 1.0159724 1.0000000
0.2122328 1.0000000 1.0197563 1.0000000
0.2126343 1.0000000 1.0105896 1.0000000
0.2137824 1.0000000 1.0222222 1.0000000
0.2147226 1.0000000 1.0356538 1.0000000
0.2153948 1.0000000 1.0319139 1.0000000
0.2161860 1.0000000 1.0581271 1.0000000
0.2169424 1.0000000 1.0220081 1.0000000
0.2177233 1.0000000 1.0213661 1.0000000
0.2190829 1.0000000 1.0418253 1.0000000
0.2192547 1.0000000 1.0663031 1.0000000
0.2193035 1.0000000 1.0141037 1.0000000
0.2195443 1.0000000 1.0295513 1.0000000
0.2196797 1.0000000 1.0320095 1.0000000
0.2198308 1.0000000 1.0721755 1.0000000
0.2202399 1.0000000 1.0240375 1.0000000
0.2203854 1.0000000 1.0582923 1.0000000
0.2209267 1.0000000 1.0262429 1.0000000
0.2210378 1.0000000 1.0722852 1.0000000
0.2214942 1.0000000 1.0540659 1.0000000
0.2216041 1.0000000 1.0193106 1.0000000
0.2216079 1.0000000 1.0378285 1.0000000
0.2219658 1.0000000 1.0488870 1.0000000
0.2226621 1.0000000 1.0673829 1.0000000
0.2228452 1.0000000 1.0526627 1.0000000
0.2231425 1.0000000 1.0930566 1.0000000
0.2231813 1.0000000 1.0761744 1.0000000
0.2235103 1.0000000 1.0768431 1.0000000
0.2238543 1.0000000 1.0423394 1.0000000
0.2241999 1.0000000 1.0356632 1.0000000
0.2250255 1.0000000 1.0625778 1.0000000
0.2256058 1.0000000 1.1089719 1.0000000
0.2273860 1.0000000 1.0315288 1.0000000
0.2276150 1.0000000 1.0644509 1.0000000
0.2276939 1.0000000 1.0324192 1.0000000
0.2280207 1.0000000 1.0460805 1.0000000
0.2287795 1.0000000 1.0687925 1.0000000
0.2297422 1.0000000 1.0788078 1.0000000
0.2298356 1.0000000 1.0505367 1.0000000
0.2300369 1.0000000 1.0536247 1.0000000
0.2302896 1.0000000 1.1013588 1.0000000
0.2308976 1.0000000 1.0424844 1.0000000
0.2312992 1.0000000 1.0226563 1.0000000
0.2322376 1.0000000 1.0384367 1.0000000
0.2327465 1.0000000 1.0453051 1.0000000
0.2327735 1.0000000 1.0111493 1.0000000
0.2331902 1.0000000 1.0704612 1.0000000
0.2333610 1.0000000 1.0315955 1.0000000
0.2336680 1.0000000 1.0513192 1.0000000
0.2339660 1.0000000 1.0789974 1.0000000
0.2347633 1.0000000 1.0776603 1.0000000
0.2349538 1.0000000 1.0690815 1.0000000
0.2349725 1.0000000 1.0492197 1.0000000
0.2354504 1.0000000 1.0500679 1.0000000
0.2360009 1.0000000 1.1006070 1.0000000
0.2361572 1.0000000 1.0333023 1.0000000
0.2367950 1.0000000 1.0555335 1.0000000
0.2376626 1.0000000 1.0668667 1.0000000
0.2377440 1.0000000 1.0221313 1.0000000
0.2386537 1.0000000 1.0242472 1.0000000
0.2387632 1.0000000 1.1182946 1.0000000
0.2388832 1.0000000 0.9960949 1.0000000
0.2391965 1.0000000 1.0728794 1.0000000
0.2394040 1.0000000 1.0870480 1.0000000
0.2401594 1.0000000 1.0577805 1.0000000
0.2409855 1.0000000 1.0420520 1.0000000
0.2422871 1.0000000 1.0332780 1.0000000
0.2427256 1.0000000 1.0134741 1.0000000
0.2427521 1.0000000 1.0457831 1.0000000
0.2433181 1.0000000 1.0502199 1.0000000
0.2437579 1.0000000 1.0374662 1.0000000
0.2437700 1.0000000 0.9790062 1.0000000
0.2439777 1.0000000 1.0793601 1.0000000
0.2441275 1.0000000 1.0622238 1.0000000
0.2450923 1.0000000 1.0618280 1.0000000
0.2457141 1.0000000 1.0886460 1.0000000
0.2459471 1.0000000 1.0664330 1.0000000
0.2462669 1.0000000 1.0433165 1.0000000
0.2465180 1.0000000 1.0539766 1.0000000
0.2469618 1.0000000 1.0414480 1.0000000
0.2469624 1.0000000 1.0747886 1.0000000
0.2471728 1.0000000 1.0617978 1.0000000
0.2472834 1.0000000 1.0438131 1.0000000
0.2473638 1.0000000 0.9979152 1.0000000
0.2477387 1.0000000 0.9967974 1.0000000
0.2477473 1.0000000 1.0453422 1.0000000
0.2487856 1.0000000 1.0763423 1.0000000
0.2490300 1.0000000 1.0596818 1.0000000
0.2498429 1.0000000 1.0385004 1.0000000
0.2498895 1.0000000 1.0791398 1.0000000
0.2503064 1.0000000 1.0747203 1.0000000
0.2506565 1.0000000 1.0423952 1.0000000
0.2508496 1.0000000 1.0281232 1.0000000
0.2508510 1.0000000 1.0426339 1.0000000
0.2512268 1.0000000 1.0617568 1.0000000
0.2512681 1.0000000 1.0720548 1.0000000
0.2515787 1.0000000 1.0680473 1.0000000
0.2518632 1.0000000 1.0167137 1.0000000
0.2537031 1.0000000 1.0701243 1.0000000
0.2546523 1.0000000 1.0146617 1.0000000
0.2549757 1.0000000 1.0543272 1.0000000
0.2552628 1.0000000 1.0924130 1.0000000
0.2559205 1.0000000 1.1218262 1.0000000
0.2559378 1.0000000 1.0483537 1.0000000
0.2561788 1.0000000 1.0195063 1.0000000
0.2567694 1.0000000 1.0853669 1.0000000
0.2569063 1.0000000 1.1132920 1.0000000
0.2576649 1.0000000 1.0624510 1.0000000
0.2578679 1.0000000 1.0857603 1.0000000
0.2583344 1.0000000 1.0666883 1.0000000
0.2585513 1.0000000 1.0576685 1.0000000
0.2588056 1.0000000 1.0600166 1.0000000
0.2591092 1.0000000 1.0595612 1.0000000
0.2595830 1.0000000 1.0434468 1.0000000
0.2599508 1.0000000 1.0675322 1.0000000
0.2609452 1.0000000 1.0259504 1.0000000
0.2612113 1.0000000 1.0517272 1.0000000
0.2615311 1.0000000 1.0412435 1.0000000
0.2616460 1.0000000 1.0053473 1.0000000
0.2619653 1.0000000 1.0144328 1.0000000
0.2623011 1.0000000 1.0396728 1.0000000
0.2635339 1.0000000 1.0314928 1.0000000
0.2638905 1.0000000 1.0214657 1.0000000
0.2645855 1.0000000 1.1004014 1.0000000
0.2655782 1.0000000 1.0250665 1.0000000
0.2656255 1.0000000 1.0694973 1.0000000
0.2657336 1.0000000 1.0944627 1.0000000
0.2657374 1.0000000 1.0389276 1.0000000
0.2658148 1.0000000 1.0531412 1.0000000
0.2663384 1.0000000 1.0495553 1.0000000
0.2677289 1.0000000 1.0920096 1.0000000
0.2680692 1.0000000 1.0363654 1.0000000
0.2682541 1.0000000 1.0585962 1.0000000
0.2688131 1.0000000 1.0485015 1.0000000
0.2705543 1.0000000 1.0175078 1.0000000
0.2706671 1.0000000 1.0495931 1.0000000
0.2713575 1.0000000 1.0661905 1.0000000
0.2727720 1.0000000 1.0440972 1.0000000
0.2731662 1.0000000 0.9989850 1.0000000
0.2732227 1.0000000 1.0722081 1.0000000
0.2742447 1.0000000 1.0367429 1.0000000
0.2742720 1.0000000 1.0493760 1.0000000
0.2745170 1.0000000 1.0145388 1.0000000
0.2748146 1.0000000 1.0162253 1.0000000
0.2748808 1.0000000 1.0543840 1.0000000
0.2758894 1.0000000 1.0622246 1.0000000
0.2762978 1.0000000 1.0385981 1.0000000
0.2766112 1.0000000 1.0457770 1.0000000
0.2775495 1.0000000 1.0526326 1.0000000
0.2776556 1.0000000 1.0650787 1.0000000
0.2778016 1.0000000 1.0055334 1.0000000
0.2779736 1.0000000 1.0705081 1.0000000
0.2781286 1.0000000 1.0394627 1.0000000
0.2785685 1.0000000 1.0423623 1.0000000
0.2788816 1.0000000 0.9872561 1.0000000
0.2789820 1.0000000 1.0586333 1.0000000
0.2810902 1.0000000 1.0926871 1.0000000
0.2814152 1.0000000 1.0550815 1.0000000
0.2814488 1.0000000 1.0550820 1.0000000
0.2819106 1.0000000 1.0103713 1.0000000
0.2821494 1.0000000 1.0408375 1.0000000
0.2824448 1.0000000 1.0763982 1.0000000
0.2832348 1.0000000 1.0605359 1.0000000
0.2835985 1.0000000 1.0342983 1.0000000
0.2841354 1.0000000 1.0446270 1.0000000
0.2842912 1.0000000 0.9848625 1.0000000
0.2846725 1.0000000 1.0007030 1.0000000
0.2848160 1.0000000 1.0900106 1.0000000
0.2850114 1.0000000 1.0520001 1.0000000
0.2854843 1.0000000 1.0554168 1.0000000
0.2862892 1.0000000 1.0349231 1.0000000
0.2876072 1.0000000 1.0451710 1.0000000
0.2876795 1.0000000 1.0514896 1.0000000
0.2887684 1.0000000 0.9995718 1.0000000
0.2890927 1.0000000 1.0532344 1.0000000
0.2891864 1.0000000 1.0073336 1.0000000
0.2894038 1.0000000 1.0501400 1.0000000
0.2897055 1.0000000 1.0637187 1.0000000
0.2899792 1.0000000 1.0517284 1.0000000
0.2901775 1.0000000 1.0401247 1.0000000
0.2906567 1.0000000 1.0344749 1.0000000
0.2913603 1.0000000 1.0355415 1.0000000
0.2918550 1.0000000 0.9796091 1.0000000
0.2919755 1.0000000 1.0631407 1.0000000
0.2927183 1.0000000 1.0556308 1.0000000
0.2928258 1.0000000 1.0554262 1.0000000
0.2946007 1.0000000 1.0692930 1.0000000
0.2946863 1.0000000 1.0577211 1.0000000
0.2946890 1.0000000 1.0623336 1.0000000
0.2957199 1.0000000 1.0436831 1.0000000
0.2959461 1.0000000 1.0266255 1.0000000
0.2959972 1.0000000 1.0267149 1.0000000
0.2961771 1.0000000 1.0664566 1.0000000
0.2969666 1.0000000 1.0837917 1.0000000
0.2973935 1.0000000 1.0164128 1.0000000
0.2974687 1.0000000 1.0275798 1.0000000
0.3004727 1.0000000 1.0792227 1.0000000
0.3011000 1.0000000 1.0027462 1.0000000
0.3011287 1.0000000 1.0494621 1.0000000
0.3011377 1.0000000 1.1248035 1.0000000
0.3019264 1.0000000 1.0500930 1.0000000
0.3020198 1.0000000 1.0141689 1.0000000
0.3023967 1.0000000 1.0157036 1.0000000
0.3030346 1.0000000 1.0717731 1.0000000
0.3031027 1.0000000 1.0360858 1.0000000
0.3038907 1.0000000 1.0054797 1.0000000
0.3045705 1.0000000 1.0636848 1.0000000
0.3047555 1.0000000 1.0479301 1.0000000
0.3050500 1.0000000 1.0368799 1.0000000
0.3050604 1.0000000 0.9973736 1.0000000
0.3051347 1.0000000 1.1051261 1.0000000
0.3079836 1.0000000 1.1465461 1.0000000
0.3087785 1.0000000 1.0719182 1.0000000
0.3091985 1.0000000 1.0610266 1.0000000
0.3097002 1.0000000 1.0307297 1.0000000
0.3101023 1.0000000 1.0704995 1.0000000
0.3109804 1.0000000 1.0619557 1.0000000
0.3118360 1.0000000 1.0521656 1.0000000
0.3126003 1.0000000 1.0392085 1.0000000
0.3132237 1.0000000 1.0168086 1.0000000
0.3136515 1.0000000 1.0143575 1.0000000
0.3137440 1.0000000 1.0546338 1.0000000
0.3143383 1.0000000 1.0877621 1.0000000
0.3145022 1.0000000 1.0897919 1.0000000
0.3149635 1.0000000 1.0583207 1.0000000
0.3156993 1.0000000 1.0010208 1.0000000
0.3159081 1.0000000 1.0601815 1.0000000
0.3159313 1.0000000 1.0396006 1.0000000
0.3162742 1.0000000 1.0116653 1.0000000
0.3163799 1.0000000 1.0999049 1.0000000
0.3166769 1.0000000 1.0376476 1.0000000
0.3168672 1.0000000 1.0491809 1.0000000
0.3173195 1.0000000 1.0836307 1.0000000
0.3174318 1.0000000 1.0893537 1.0000000
0.3181919 1.0000000 1.0300198 1.0000000
0.3185844 1.0000000 1.0546362 1.0000000
0.3187774 1.0000000 1.1303300 1.0000000
0.3197761 1.0000000 1.0928492 1.0000000
0.3198201 1.0000000 1.0357362 1.0000000
0.3203546 1.0000000 1.0185539 1.0000000
0.3205063 1.0000000 1.0405372 1.0000000
0.3215162 1.0000000 1.0101401 1.0000000
0.3224166 1.0000000 1.0938282 1.0000000
0.3226367 1.0000000 1.0451477 1.0000000
0.3233671 1.0000000 1.0032145 1.0000000
0.3235553 1.0000000 1.0872959 1.0000000
0.3235802 1.0000000 1.0282023 1.0000000
0.3236590 1.0000000 1.0561033 1.0000000
0.3239005 1.0000000 1.0065031 1.0000000
0.3240235 1.0000000 1.0365585 1.0000000
0.3243117 1.0000000 1.0370203 1.0000000
0.3245270 1.0000000 1.0803042 1.0000000
0.3255455 1.0000000 1.0654089 1.0000000
0.3256652 1.0000000 1.0333514 1.0000000
0.3259518 1.0000000 1.0411553 1.0000000
0.3264520 1.0000000 1.0626831 1.0000000
0.3266000 1.0000000 1.0779313 1.0000000
0.3268920 1.0000000 0.9861057 1.0000000
0.3271137 1.0000000 1.0691844 1.0000000
0.3272741 1.0000000 1.0782607 1.0000000
0.3273903 1.0000000 1.0457331 1.0000000
0.3274074 1.0000000 1.1005431 1.0000000
0.3275475 1.0000000 1.0283144 1.0000000
0.3290644 1.0000000 1.0696452 1.0000000
0.3304218 1.0000000 1.0879286 1.0000000
0.3309556 1.0000000 1.0212058 1.0000000
0.3311684 1.0000000 1.0056402 1.0000000
0.3314791 1.0000000 1.0319655 1.0000000
0.3315545 1.0000000 1.0413525 1.0000000
0.3318417 1.0000000 1.0410010 1.0000000
0.3324188 1.0000000 1.0122127 1.0000000
0.3325842 1.0000000 1.0504944 1.0000000
0.3329706 1.0000000 1.0655322 1.0000000
0.3331522 1.0000000 1.0422236 1.0000000
0.3339023 1.0000000 1.0379388 1.0000000
0.3343523 1.0000000 0.9527641 1.0000000
0.3346414 1.0000000 0.9990512 1.0000000
0.3348425 1.0000000 1.0855916 1.0000000
0.3352233 1.0000000 1.0796500 1.0000000
0.3359533 1.0000000 1.0407064 1.0000000
0.3370707 1.0000000 1.0456758 1.0000000
0.3371245 1.0000000 1.0395374 1.0000000
0.3374350 1.0000000 1.0777492 1.0000000
0.3378080 1.0000000 0.9991921 1.0000000
0.3378348 1.0000000 1.0758648 1.0000000
0.3379737 1.0000000 1.0471582 1.0000000
0.3379781 1.0000000 1.0389536 1.0000000
0.3380686 1.0000000 1.0422144 1.0000000
0.3381831 1.0000000 1.0205011 1.0000000
0.3384508 1.0000000 1.0277628 1.0000000
0.3391735 1.0000000 1.0794013 1.0000000
0.3406637 1.0000000 1.0818334 1.0000000
0.3407199 1.0000000 1.0361021 1.0000000
0.3408709 1.0000000 1.0521752 1.0000000
0.3415565 1.0000000 1.0239944 1.0000000
0.3416413 1.0000000 1.0262998 1.0000000
0.3424280 1.0000000 1.0306160 1.0000000
0.3429083 1.0000000 1.0296859 1.0000000
0.3432345 1.0000000 1.0314057 1.0000000
0.3440751 1.0000000 0.9695767 1.0000000
0.3444357 1.0000000 0.9984479 1.0000000
0.3446639 1.0000000 1.0851239 1.0000000
0.3447859 1.0000000 1.0969027 1.0000000
0.3448156 1.0000000 1.0279555 1.0000000
0.3452661 1.0000000 1.0364552 1.0000000
0.3454980 1.0000000 1.0682828 1.0000000
0.3463672 1.0000000 1.0195074 1.0000000
0.3463960 1.0000000 0.9984041 1.0000000
0.3474459 1.0000000 1.0357635 1.0000000
0.3474595 1.0000000 1.0490399 1.0000000
0.3475242 1.0000000 1.0699958 1.0000000
0.3478910 1.0000000 1.0539718 1.0000000
0.3482288 1.0000000 1.0424760 1.0000000
0.3498373 1.0000000 1.0716163 1.0000000
0.3512855 1.0000000 1.0810488 1.0000000
0.3515412 1.0000000 1.0344362 1.0000000
0.3545498 1.0000000 1.0529850 1.0000000
0.3546326 1.0000000 1.0666023 1.0000000
0.3548628 1.0000000 1.0828220 1.0000000
0.3549047 1.0000000 1.0089678 1.0000000
0.3565847 1.0000000 1.0088208 1.0000000
0.3568289 1.0000000 1.0484317 1.0000000
0.3570348 1.0000000 1.0260743 1.0000000
0.3576064 1.0000000 1.0423876 1.0000000
0.3577123 1.0000000 1.0193813 1.0000000
0.3577913 1.0000000 1.0455230 1.0000000
0.3586711 1.0000000 1.0611641 1.0000000
0.3602691 1.0000000 1.0476237 1.0000000
0.3617950 1.0000000 1.0638441 1.0000000
0.3618052 1.0000000 1.0690199 1.0000000
0.3618743 1.0000000 1.0342681 1.0000000
0.3630239 1.0000000 1.0137404 1.0000000
0.3638978 1.0000000 1.0854677 1.0000000
0.3641311 1.0000000 1.0873959 1.0000000
0.3641723 1.0000000 1.0228146 1.0000000
0.3649344 1.0000000 0.9881441 1.0000000
0.3649452 1.0000000 1.0260784 1.0000000
0.3653806 1.0000000 1.0157630 1.0000000
0.3654402 1.0000000 1.0401204 1.0000000
0.3659177 1.0000000 1.0876076 1.0000000
0.3666811 1.0000000 1.0422037 1.0000000
0.3671563 1.0000000 0.9947403 1.0000000
0.3671952 1.0000000 1.0461475 1.0000000
0.3672203 1.0000000 1.0576977 1.0000000
0.3678922 1.0000000 1.0504940 1.0000000
0.3683572 1.0000000 1.0274079 1.0000000
0.3685786 1.0000000 1.0693888 1.0000000
0.3693407 1.0000000 1.0573852 1.0000000
0.3696736 1.0000000 1.0630275 1.0000000
0.3713119 1.0000000 1.0788414 1.0000000
0.3713274 1.0000000 1.1148704 1.0000000
0.3715658 1.0000000 1.0504466 1.0000000
0.3721611 1.0000000 1.0681183 1.0000000
0.3725260 1.0000000 1.0673802 1.0000000
0.3732640 1.0000000 1.0595108 1.0000000
0.3737743 1.0000000 1.1115675 1.0000000
0.3738791 1.0000000 1.0338682 1.0000000
0.3745939 1.0000000 1.0866816 1.0000000
0.3754347 1.0000000 1.0667143 1.0000000
0.3759566 1.0000000 0.9957644 1.0000000
0.3763391 1.0000000 1.0947699 1.0000000
0.3770213 1.0000000 1.0881737 1.0000000
0.3779430 1.0000000 1.0369586 1.0000000
0.3789662 1.0000000 1.0503523 1.0000000
0.3795066 1.0000000 1.0781249 1.0000000
0.3800918 1.0000000 1.0711397 1.0000000
0.3802591 1.0000000 1.0607772 1.0000000
0.3803090 1.0000000 1.0428055 1.0000000
0.3808811 1.0000000 1.0135055 1.0000000
0.3809069 1.0000000 1.0523944 1.0000000
0.3809733 1.0000000 1.0389074 1.0000000
0.3811837 1.0000000 1.0369826 1.0000000
0.3814582 1.0000000 0.9653519 1.0000000
0.3822529 1.0000000 1.0099264 1.0000000
0.3827178 1.0000000 0.9999824 1.0000000
0.3827749 1.0000000 1.0696607 1.0000000
0.3828734 1.0000000 1.0832557 1.0000000
0.3830451 1.0000000 1.0351659 1.0000000
0.3834348 1.0000000 1.0735291 1.0000000
0.3843996 1.0000000 1.0196197 1.0000000
0.3851950 1.0000000 1.1091614 1.0000000
0.3866250 1.0000000 1.0002439 1.0000000
0.3869499 1.0000000 1.0622468 1.0000000
0.3872968 1.0000000 0.9934633 1.0000000
0.3875010 1.0000000 1.0250780 1.0000000
0.3879475 1.0000000 1.0306492 1.0000000
0.3884516 1.0000000 1.0501839 1.0000000
0.3888989 1.0000000 1.0617923 1.0000000
0.3889680 1.0000000 1.0571241 1.0000000
0.3896469 1.0000000 1.0495233 1.0000000
0.3897828 1.0000000 1.0772920 1.0000000
0.3901818 1.0000000 0.9888865 1.0000000
0.3903478 1.0000000 1.0299628 1.0000000
0.3905917 1.0000000 1.0373638 1.0000000
0.3909107 1.0000000 1.0039318 1.0000000
0.3912107 1.0000000 1.0362426 1.0000000
0.3918212 1.0000000 1.1075411 1.0000000
0.3921546 1.0000000 1.0859843 1.0000000
0.3939008 1.0000000 1.0551037 1.0000000
0.3941862 1.0000000 1.0387040 1.0000000
0.3943834 1.0000000 1.1294503 1.0000000
0.3948626 1.0000000 1.0408355 1.0000000
0.3981548 1.0000000 1.0930907 1.0000000
0.3985988 1.0000000 1.0314478 1.0000000
0.3986493 1.0000000 1.1449436 1.0000000
0.3988293 1.0000000 1.1004048 1.0000000
0.3994935 1.0000000 1.0582427 1.0000000
0.3995442 1.0000000 1.0566143 1.0000000
0.4003399 1.0000000 1.0196259 1.0000000
0.4015784 1.0000000 1.0853443 1.0000000
0.4017230 1.0000000 1.0259686 1.0000000
0.4027005 1.0000000 1.0376492 1.0000000
0.4030560 1.0000000 1.1215798 1.0000000
0.4042942 1.0000000 1.0522948 1.0000000
0.4044520 1.0000000 1.0583138 1.0000000
0.4046235 1.0000000 1.0212936 1.0000000
0.4047184 1.0000000 1.0392409 1.0000000
0.4048257 1.0000000 1.0530840 1.0000000
0.4050846 1.0000000 1.0540365 1.0000000
0.4054430 1.0000000 1.0433879 1.0000000
0.4055933 1.0000000 1.1071981 1.0000000
0.4063488 1.0000000 1.0732909 1.0000000
0.4070400 1.0000000 1.0586302 1.0000000
0.4075996 1.0000000 1.0646034 1.0000000
0.4081894 1.0000000 1.0422489 1.0000000
0.4096432 1.0000000 1.0678969 1.0000000
0.4108137 1.0000000 1.0016980 1.0000000
0.4118210 1.0000000 1.0258173 1.0000000
0.4123488 1.0000000 1.0667274 1.0000000
0.4124973 1.0000000 1.0879950 1.0000000
0.4134728 1.0000000 1.0526903 1.0000000
0.4136431 1.0000000 1.0211796 1.0000000
0.4138984 1.0000000 1.0516206 1.0000000
0.4139924 1.0000000 1.0862686 1.0000000
0.4144185 1.0000000 1.0235478 1.0000000
0.4148640 1.0000000 1.0621772 1.0000000
0.4151907 1.0000000 1.0392248 1.0000000
0.4156247 1.0000000 1.0615351 1.0000000
0.4158070 1.0000000 1.1262391 1.0000000
0.4159783 1.0000000 1.0717395 1.0000000
0.4172282 1.0000000 1.0250506 1.0000000
0.4173831 1.0000000 1.0620341 1.0000000
0.4174883 1.0000000 1.1426955 1.0000000
0.4182578 1.0000000 1.0345273 1.0000000
0.4184351 1.0000000 1.0058630 1.0000000
0.4192119 1.0000000 1.0076298 1.0000000
0.4192533 1.0000000 1.1142857 1.0000000
0.4193024 1.0000000 1.0462561 1.0000000
0.4200211 1.0000000 1.1058576 1.0000000
0.4200300 1.0000000 1.0350363 1.0000000
0.4203356 1.0000000 1.0921698 1.0000000
0.4204906 1.0000000 1.0296736 1.0000000
0.4208619 1.0000000 1.0522751 1.0000000
0.4212721 1.0000000 0.9959239 1.0000000
0.4214362 1.0000000 1.0483747 1.0000000
0.4219021 1.0000000 1.1126258 1.0000000
0.4222991 1.0000000 1.0201367 1.0000000
0.4228959 1.0000000 1.0663303 1.0000000
0.4240125 1.0000000 1.0463888 1.0000000
0.4241740 1.0000000 1.0697358 1.0000000
0.4247455 1.0000000 1.0438834 1.0000000
0.4247585 1.0000000 1.0542339 1.0000000
0.4248073 1.0000000 1.0339077 1.0000000
0.4249055 1.0000000 1.0347805 1.0000000
0.4249825 1.0000000 1.0225079 1.0000000
0.4258454 1.0000000 1.1029360 1.0000000
0.4258946 1.0000000 1.0800871 1.0000000
0.4266134 1.0000000 1.0189548 1.0000000
0.4270185 1.0000000 0.9803492 1.0000000
0.4278222 1.0000000 1.0503606 1.0000000
0.4285377 1.0000000 1.0954925 1.0000000
0.4295934 1.0000000 0.9866951 1.0000000
0.4298634 1.0000000 1.0071235 1.0000000
0.4305325 1.0000000 1.0808857 1.0000000
0.4310418 1.0000000 1.0300550 1.0000000
0.4310935 1.0000000 1.0892672 1.0000000
0.4325370 1.0000000 1.0117271 1.0000000
0.4327383 1.0000000 1.0262911 1.0000000
0.4345122 1.0000000 1.1060586 1.0000000
0.4346623 1.0000000 1.0053082 1.0000000
0.4367281 1.0000000 0.9841505 1.0000000
0.4371158 1.0000000 1.0535203 1.0000000
0.4373190 1.0000000 1.0491335 1.0000000
0.4376944 1.0000000 1.0250796 1.0000000
0.4387825 1.0000000 1.0897942 1.0000000
0.4394942 1.0000000 1.0570165 1.0000000
0.4401510 1.0000000 1.0637807 1.0000000
0.4402950 1.0000000 1.0683777 1.0000000
0.4410128 1.0000000 1.0821919 1.0000000
0.4416258 1.0000000 1.0445992 1.0000000
0.4433024 1.0000000 1.0231071 1.0000000
0.4441323 1.0000000 1.0911053 1.0000000
0.4449334 1.0000000 1.0875889 1.0000000
0.4451119 1.0000000 1.0616878 1.0000000
0.4453384 1.0000000 1.0466606 1.0000000
0.4462529 1.0000000 0.9793563 1.0000000
0.4464046 1.0000000 1.1030055 1.0000000
0.4466612 1.0000000 1.1045037 1.0000000
0.4467649 1.0000000 1.1222632 1.0000000
0.4469780 1.0000000 1.1222849 1.0000000
0.4470794 1.0000000 1.0816811 1.0000000
0.4474405 1.0000000 1.0819697 1.0000000
0.4474590 1.0000000 1.0486466 1.0000000
0.4483561 1.0000000 1.0115117 1.0000000
0.4492092 1.0000000 1.0261322 1.0000000
0.4495202 1.0000000 1.0232025 1.0000000
0.4495555 1.0000000 1.0224749 1.0000000
0.4514244 1.0000000 1.0689499 1.0000000
0.4517386 1.0000000 1.0308630 1.0000000
0.4518026 1.0000000 0.9746243 1.0000000
0.4519143 1.0000000 0.9871707 1.0000000
0.4529564 1.0000000 1.0585439 1.0000000
0.4540132 1.0000000 1.0194601 1.0000000
0.4542183 1.0000000 0.9970264 1.0000000
0.4543331 1.0000000 1.0582887 1.0000000
0.4546316 1.0000000 1.0453211 1.0000000
0.4549467 1.0000000 1.0477581 1.0000000
0.4556261 1.0000000 1.0473496 1.0000000
0.4560133 1.0000000 0.9756103 1.0000000
0.4560991 1.0000000 1.0448289 1.0000000
0.4566773 1.0000000 1.0448097 1.0000000
0.4571942 1.0000000 1.0761294 1.0000000
0.4573305 1.0000000 1.0226023 1.0000000
0.4587628 1.0000000 1.0651585 1.0000000
0.4588380 1.0000000 1.0786547 1.0000000
0.4596529 1.0000000 1.0713423 1.0000000
0.4596635 1.0000000 1.0147555 1.0000000
0.4600697 1.0000000 0.9723900 1.0000000
0.4603165 1.0000000 0.9624815 1.0000000
0.4629824 1.0000000 1.0603092 1.0000000
0.4651747 1.0000000 1.0963162 1.0000000
0.4651932 1.0000000 1.0396014 1.0000000
0.4664854 1.0000000 1.0824928 1.0000000
0.4670714 1.0000000 1.0155127 1.0000000
0.4680335 1.0000000 1.0485743 1.0000000
0.4683854 1.0000000 1.0190477 1.0000000
0.4711448 1.0000000 1.0135248 1.0000000
0.4714396 1.0000000 1.0728185 1.0000000
0.4715780 1.0000000 1.0940076 1.0000000
0.4731272 1.0000000 1.0383387 1.0000000
0.4740019 1.0000000 1.0501504 1.0000000
0.4740814 1.0000000 1.0733125 1.0000000
0.4741331 1.0000000 1.0055726 1.0000000
0.4754023 1.0000000 1.1240478 1.0000000
0.4765446 1.0000000 1.0540070 1.0000000
0.4768625 1.0000000 1.0157372 1.0000000
0.4770259 1.0000000 1.1271365 1.0000000
0.4773794 1.0000000 1.1017981 1.0000000
0.4776036 1.0000000 1.0240509 1.0000000
0.4777965 1.0000000 1.0823421 1.0000000
0.4787738 1.0000000 1.0792561 1.0000000
0.4791440 1.0000000 1.0646701 1.0000000
0.4798057 1.0000000 0.9991717 1.0000000
0.4804498 1.0000000 1.0317001 1.0000000
0.4806445 1.0000000 1.1731519 1.0000000
0.4809385 1.0000000 1.1031785 1.0000000
0.4812553 1.0000000 0.9972448 1.0000000
0.4815655 1.0000000 1.0488497 1.0000000
0.4819506 1.0000000 1.0747743 1.0000000
0.4820707 1.0000000 1.0767923 1.0000000
0.4822097 1.0000000 1.0482376 1.0000000
0.4827044 1.0000000 1.0054905 1.0000000
0.4827858 1.0000000 1.0433922 1.0000000
0.4833275 1.0000000 1.0876283 1.0000000
0.4833439 1.0000000 1.0360629 1.0000000
0.4833556 1.0000000 1.0584260 1.0000000
0.4836155 1.0000000 0.9844407 1.0000000
0.4838529 1.0000000 1.0730585 1.0000000
0.4840449 1.0000000 1.1456886 1.0000000
0.4846663 1.0000000 1.0414924 1.0000000
0.4846824 1.0000000 0.9893193 1.0000000
0.4850608 1.0000000 1.0455931 1.0000000
0.4851809 1.0000000 1.0838268 1.0000000
0.4852218 1.0000000 1.0918249 1.0000000
0.4856897 1.0000000 1.0049197 1.0000000
0.4865130 1.0000000 1.0503980 1.0000000
0.4866326 1.0000000 1.0829826 1.0000000
0.4875219 1.0000000 1.0453167 1.0000000
0.4877368 1.0000000 0.9766468 1.0000000
0.4879628 1.0000000 1.1356594 1.0000000
0.4900195 1.0000000 1.0134257 1.0000000
0.4909240 1.0000000 1.0119490 1.0000000
0.4911003 1.0000000 1.0920228 1.0000000
0.4917143 1.0000000 1.1071162 1.0000000
0.4943018 1.0000000 1.0490975 1.0000000
0.4947861 1.0000000 1.0510572 1.0000000
0.4951458 1.0000000 1.0435333 1.0000000
0.4963626 1.0000000 1.0165094 1.0000000
0.4973600 1.0000000 0.9724338 1.0000000
0.4977846 1.0000000 1.0444780 1.0000000
0.4979598 1.0000000 1.0174655 1.0000000
0.4982209 1.0000000 1.0813962 1.0000000
0.4992606 1.0000000 1.0606947 1.0000000
0.4995194 1.0000000 1.1026381 1.0000000
0.4999081 1.0000000 1.0745986 1.0000000
0.5001134 1.0000000 1.0000278 1.0000000
0.5003265 1.0000000 1.0834615 1.0000000
0.5030493 1.0000000 1.0238138 1.0000000
0.5040500 1.0000000 1.0372909 1.0000000
0.5043218 1.0000000 1.0713813 1.0000000
0.5043480 1.0000000 0.9783266 1.0000000
0.5047099 1.0000000 1.0281455 1.0000000
0.5057122 1.0000000 1.0485795 1.0000000
0.5062074 1.0000000 0.9979885 1.0000000
0.5063105 1.0000000 1.0601971 1.0000000
0.5067457 1.0000000 1.0101336 1.0000000
0.5070876 1.0000000 0.9603413 1.0000000
0.5085118 1.0000000 1.0482334 1.0000000
0.5087452 1.0000000 1.0154980 1.0000000
0.5093085 1.0000000 1.1169681 1.0000000
0.5099617 1.0000000 1.0000101 1.0000000
0.5100436 1.0000000 1.0689587 1.0000000
0.5108853 1.0000000 1.0635011 1.0000000
0.5124323 1.0000000 1.0452305 1.0000000
0.5129370 1.0000000 1.0389889 1.0000000
0.5134670 1.0000000 1.1202161 1.0000000
0.5138029 1.0000000 1.1021780 1.0000000
0.5141005 1.0000000 1.0550868 1.0000000
0.5145357 1.0000000 1.0003086 1.0000000
0.5146823 1.0000000 1.0527972 1.0000000
0.5164623 1.0000000 0.9513687 1.0000000
0.5170481 1.0000000 1.0704800 1.0000000
0.5171001 1.0000000 1.0573292 1.0000000
0.5171346 1.0000000 1.0491589 1.0000000
0.5179100 1.0000000 1.0492172 1.0000000
0.5189831 1.0000000 1.0048300 1.0000000
0.5194355 1.0000000 1.0882852 1.0000000
0.5200668 1.0000000 1.1526664 1.0000000
0.5203311 1.0000000 0.9870096 1.0000000
0.5204243 1.0000000 0.9802633 1.0000000
0.5207342 1.0000000 1.0286928 1.0000000
0.5212799 1.0000000 1.0248953 1.0000000
0.5212980 1.0000000 1.0688461 1.0000000
0.5216256 1.0000000 1.0173139 1.0000000
0.5217679 1.0000000 1.0037841 1.0000000
0.5230751 1.0000000 1.0634632 1.0000000
0.5249368 1.0000000 1.0242849 1.0000000
0.5254168 1.0000000 1.0587057 1.0000000
0.5255061 1.0000000 1.0461809 1.0000000
0.5256567 1.0000000 1.0232516 1.0000000
0.5257904 1.0000000 1.0734874 1.0000000
0.5262111 1.0000000 1.0685321 1.0000000
0.5265769 1.0000000 0.9901783 1.0000000
0.5271796 1.0000000 1.0127814 1.0000000
0.5288091 1.0000000 1.0941829 1.0000000
0.5289301 1.0000000 1.0173053 1.0000000
0.5297295 1.0000000 1.0506879 1.0000000
0.5305738 1.0000000 1.0149769 1.0000000
0.5309278 1.0000000 1.0802519 1.0000000
0.5313360 1.0000000 1.0229779 1.0000000
0.5320590 1.0000000 1.0898336 1.0000000
0.5325048 1.0000000 1.1354892 1.0000000
0.5328796 1.0000000 1.1369837 1.0000000
0.5340050 1.0000000 1.0661634 1.0000000
0.5341661 1.0000000 1.0359391 1.0000000
0.5342778 1.0000000 1.0562017 1.0000000
0.5345239 1.0000000 1.0015828 1.0000000
0.5348688 1.0000000 1.0857339 1.0000000
0.5350137 1.0000000 1.0314713 1.0000000
0.5357979 1.0000000 0.9883745 1.0000000
0.5359240 1.0000000 1.1127129 1.0000000
0.5363956 1.0000000 1.0315074 1.0000000
0.5365222 1.0000000 1.0798023 1.0000000
0.5366878 1.0000000 0.9327680 1.0000000
0.5368778 1.0000000 1.0617824 1.0000000
0.5369812 1.0000000 1.0293865 1.0000000
0.5374657 1.0000000 1.1282276 1.0000000
0.5381517 1.0000000 0.9863431 1.0000000
0.5405519 1.0000000 1.0139981 1.0000000
0.5407581 1.0000000 1.0681421 1.0000000
0.5412997 1.0000000 1.0113646 1.0000000
0.5414119 1.0000000 1.0824778 1.0000000
0.5415830 1.0000000 0.9698385 1.0000000
0.5417482 1.0000000 1.0809412 1.0000000
0.5419844 1.0000000 0.9745738 1.0000000
0.5419992 1.0000000 1.0825042 1.0000000
0.5421549 1.0000000 1.0683499 1.0000000
0.5435789 1.0000000 1.1620461 1.0000000
0.5441816 1.0000000 1.0868734 1.0000000
0.5447436 1.0000000 1.0880921 1.0000000
0.5469099 1.0000000 0.9924379 1.0000000
0.5474588 1.0000000 1.0338167 1.0000000
0.5476072 1.0000000 1.1660277 1.0000000
0.5480212 1.0000000 0.9083485 1.0000000
0.5481384 1.0000000 1.0044570 1.0000000
0.5487336 1.0000000 1.0973668 1.0000000
0.5489685 1.0000000 1.0522826 1.0000000
0.5492194 1.0000000 0.9778528 1.0000000
0.5498975 1.0000000 1.0767748 1.0000000
0.5500663 1.0000000 1.1251685 1.0000000
0.5501378 1.0000000 1.0545271 1.0000000
0.5508187 1.0000000 1.0446118 1.0000000
0.5510795 1.0000000 0.9452480 1.0000000
0.5511376 1.0000000 1.0909096 1.0000000
0.5512480 1.0000000 1.1325313 1.0000000
0.5515880 1.0000000 0.9810755 1.0000000
0.5519506 1.0000000 1.0060536 1.0000000
0.5529928 1.0000000 1.0663677 1.0000000
0.5531243 1.0000000 1.0879747 1.0000000
0.5535943 1.0000000 1.0304350 1.0000000
0.5537849 1.0000000 1.0314052 1.0000000
0.5539551 1.0000000 1.0420549 1.0000000
0.5548187 1.0000000 1.0011799 1.0000000
0.5553126 1.0000000 1.1101187 1.0000000
0.5577363 1.0000000 1.0353680 1.0000000
0.5579342 1.0000000 1.1051585 1.0000000
0.5580899 1.0000000 0.9644511 1.0000000
0.5591373 1.0000000 1.0481277 1.0000000
0.5597454 1.0000000 1.0844700 1.0000000
0.5600556 1.0000000 0.9870867 1.0000000
0.5602338 1.0000000 1.0789182 1.0000000
0.5602410 1.0000000 1.0512195 1.0000000
0.5619704 1.0000000 1.0758237 1.0000000
0.5619764 1.0000000 1.0500832 1.0000000
0.5626504 1.0000000 1.0880424 1.0000000
0.5634692 1.0000000 1.1282059 1.0000000
0.5642177 1.0000000 1.1268918 1.0000000
0.5662940 1.0000000 1.0791229 1.0000000
0.5666993 1.0000000 1.1090831 1.0000000
0.5670346 1.0000000 0.9793174 1.0000000
0.5680090 1.0000000 1.0577377 1.0000000
0.5684637 1.0000000 1.0154355 1.0000000
0.5689089 1.0000000 1.1439243 1.0000000
0.5697738 1.0000000 1.0368142 1.0000000
0.5703528 1.0000000 0.9881352 1.0000000
0.5706756 1.0000000 1.0679415 1.0000000
0.5711202 1.0000000 1.0345112 1.0000000
0.5711371 1.0000000 1.0680767 1.0000000
0.5711544 1.0000000 1.1016061 1.0000000
0.5715112 1.0000000 1.0515398 1.0000000
0.5715726 1.0000000 1.0288226 1.0000000
0.5723762 1.0000000 1.0740473 1.0000000
0.5728543 1.0000000 1.0714641 1.0000000
0.5728652 1.0000000 1.0681066 1.0000000
0.5730085 1.0000000 1.1326374 1.0000000
0.5731618 1.0000000 0.9724803 1.0000000
0.5732093 1.0000000 1.1011994 1.0000000
0.5734999 1.0000000 1.0318403 1.0000000
0.5749802 1.0000000 1.0022411 1.0000000
0.5750833 1.0000000 1.0157000 1.0000000
0.5754405 1.0000000 1.1014265 1.0000000
0.5754819 1.0000000 1.0736068 1.0000000
0.5758248 1.0000000 1.1479245 1.0000000
0.5761912 1.0000000 1.0099600 1.0000000
0.5764151 1.0000000 0.9858966 1.0000000
0.5768376 1.0000000 1.0937124 1.0000000
0.5774690 1.0000000 1.0557484 1.0000000
0.5774898 1.0000000 1.1236790 1.0000000
0.5782631 1.0000000 1.0247257 1.0000000
0.5793088 1.0000000 1.0507469 1.0000000
0.5817058 1.0000000 1.0830830 1.0000000
0.5818761 1.0000000 1.0866473 1.0000000
0.5819260 1.0000000 1.0668934 1.0000000
0.5822669 1.0000000 1.0739058 1.0000000
0.5824076 1.0000000 1.0542577 1.0000000
0.5825563 1.0000000 1.0175585 1.0000000
0.5826836 1.0000000 1.0551103 1.0000000
0.5826916 1.0000000 1.0310404 1.0000000
0.5828252 1.0000000 1.0449113 1.0000000
0.5831732 1.0000000 1.0506747 1.0000000
0.5837764 1.0000000 1.1463869 1.0000000
0.5839194 1.0000000 1.0933390 1.0000000
0.5841046 1.0000000 0.9467877 1.0000000
0.5845920 1.0000000 1.0641618 1.0000000
0.5847528 1.0000000 0.9899613 1.0000000
0.5850113 1.0000000 1.1869525 1.0000000
0.5863073 1.0000000 1.0477865 1.0000000
0.5867035 1.0000000 1.0720454 1.0000000
0.5873312 1.0000000 0.9432656 1.0000000
0.5875341 1.0000000 1.1326096 1.0000000
0.5877609 1.0000000 0.9580099 1.0000000
0.5884310 1.0000000 1.0570484 1.0000000
0.5889275 1.0000000 1.0415245 1.0000000
0.5890918 1.0000000 0.9427489 1.0000000
0.5902206 1.0000000 1.0223240 1.0000000
0.5918579 1.0000000 1.0523003 1.0000000
0.5930885 1.0000000 0.9536695 1.0000000
0.5942418 1.0000000 1.1019339 1.0000000
0.5946167 1.0000000 1.1306939 1.0000000
0.5949322 1.0000000 1.0520053 1.0000000
0.5958466 1.0000000 1.1183027 1.0000000
0.5960987 1.0000000 1.1467039 1.0000000
0.5961009 1.0000000 0.9940329 1.0000000
0.5962965 1.0000000 1.1043110 1.0000000
0.5968247 1.0000000 1.0081689 1.0000000
0.5974693 1.0000000 1.1258857 1.0000000
0.5974708 1.0000000 1.0169624 1.0000000
0.5977011 1.0000000 1.0940895 1.0000000
0.5979790 1.0000000 1.0461377 1.0000000
0.5984652 1.0000000 0.9999247 1.0000000
0.5986106 1.0000000 0.9881453 1.0000000
0.5988217 1.0000000 1.1247218 1.0000000
0.5993204 1.0000000 0.9620030 1.0000000
0.5994348 1.0000000 1.0347786 1.0000000
0.6002141 1.0000000 1.0055372 1.0000000
0.6002198 1.0000000 0.9537775 1.0000000
0.6006381 1.0000000 1.0374878 1.0000000
0.6008738 1.0000000 1.0467719 1.0000000
0.6010361 1.0000000 1.0196145 1.0000000
0.6011418 1.0000000 0.9418885 1.0000000
0.6014123 1.0000000 1.0371255 1.0000000
0.6021325 1.0000000 0.9689613 1.0000000
0.6031255 1.0000000 1.0143592 1.0000000
0.6063974 1.0000000 0.9491435 1.0000000
0.6069097 1.0000000 1.0284461 1.0000000
0.6071642 1.0000000 1.0477297 1.0000000
0.6071745 1.0000000 1.0471542 1.0000000
0.6076559 1.0000000 1.0815667 1.0000000
0.6077576 1.0000000 0.9759426 1.0000000
0.6078090 1.0000000 1.0146237 1.0000000
0.6083009 1.0000000 1.0020190 1.0000000
0.6084131 1.0000000 1.0990327 1.0000000
0.6087062 1.0000000 0.9817424 1.0000000
0.6090765 1.0000000 1.0685175 1.0000000
0.6096014 1.0000000 1.0834551 1.0000000
0.6101297 1.0000000 1.0982265 1.0000000
0.6105707 1.0000000 1.0501315 1.0000000
0.6118804 1.0000000 1.1472630 1.0000000
0.6130681 1.0000000 1.1581637 1.0000000
0.6133989 1.0000000 0.9844314 1.0000000
0.6136574 1.0000000 0.9909873 1.0000000
0.6140994 1.0000000 1.0737411 1.0000000
0.6143937 1.0000000 1.1049451 1.0000000
0.6145703 1.0000000 1.1143129 1.0000000
0.6147558 1.0000000 0.9627972 1.0000000
0.6157653 1.0000000 1.0073803 1.0000000
0.6161261 1.0000000 1.0141653 1.0000000
0.6166389 1.0000000 1.0644001 1.0000000
0.6172729 1.0000000 1.1418494 1.0000000
0.6173492 1.0000000 1.0386811 1.0000000
0.6175965 1.0000000 1.0883306 1.0000000
0.6184223 1.0000000 0.9943348 1.0000000
0.6192253 1.0000000 1.1227920 1.0000000
0.6192267 1.0000000 1.0466408 1.0000000
0.6194020 1.0000000 0.9421196 1.0000000
0.6195456 1.0000000 1.0047247 1.0000000
0.6203877 1.0000000 0.9538928 1.0000000
0.6207482 1.0000000 0.9711580 1.0000000
0.6213969 1.0000000 0.9898725 1.0000000
0.6222085 1.0000000 0.9952382 1.0000000
0.6224819 1.0000000 1.0723288 1.0000000
0.6227242 1.0000000 1.1091337 1.0000000
0.6229827 1.0000000 1.1447695 1.0000000
0.6230779 1.0000000 1.1590430 1.0000000
0.6231558 1.0000000 1.0316462 1.0000000
0.6234971 1.0000000 1.0717774 1.0000000
0.6236280 1.0000000 1.0793447 1.0000000
0.6236475 1.0000000 1.0134549 1.0000000
0.6245959 1.0000000 1.0655144 1.0000000
0.6247312 1.0000000 1.0217112 1.0000000
0.6254623 1.0000000 0.9724073 1.0000000
0.6255717 1.0000000 1.0239339 1.0000000
0.6258890 1.0000000 1.0954638 1.0000000
0.6261741 1.0000000 1.0935418 1.0000000
0.6262435 1.0000000 1.0713839 1.0000000
0.6269315 1.0000000 1.1270629 1.0000000
0.6276725 1.0000000 1.0817962 1.0000000
0.6280671 1.0000000 1.0282964 1.0000000
0.6283269 1.0000000 1.0099750 1.0000000
0.6289017 1.0000000 1.0544410 1.0000000
0.6295748 1.0000000 1.0303423 1.0000000
0.6300926 1.0000000 1.0599567 1.0000000
0.6301569 1.0000000 1.0722564 1.0000000
0.6304893 1.0000000 1.0840066 1.0000000
0.6311432 1.0000000 1.0331484 1.0000000
0.6325447 1.0000000 1.0393761 1.0000000
0.6328894 1.0000000 1.0269952 1.0000000
0.6332395 1.0000000 1.0389012 1.0000000
0.6336253 1.0000000 1.1310706 1.0000000
0.6341232 1.0000000 1.0193735 1.0000000
0.6341487 1.0000000 1.0264532 1.0000000
0.6355130 1.0000000 1.1043168 1.0000000
0.6357425 1.0000000 1.0784591 1.0000000
0.6362141 1.0000000 1.0328845 1.0000000
0.6372559 1.0000000 0.9454392 1.0000000
0.6383219 1.0000000 1.0106760 1.0000000
0.6387718 1.0000000 1.1012173 1.0000000
0.6407221 1.0000000 1.0062213 1.0000000
0.6413613 1.0000000 1.1427795 1.0000000
0.6422816 1.0000000 1.0452984 1.0000000
0.6424517 1.0000000 0.9032790 1.0000000
0.6433153 1.0000000 1.0317474 1.0000000
0.6444596 1.0000000 0.9453082 1.0000000
0.6459227 1.0000000 1.0996051 1.0000000
0.6466243 1.0000000 1.0888046 1.0000000
0.6467760 1.0000000 1.0313387 1.0000000
0.6477658 1.0000000 1.1519384 1.0000000
0.6490471 1.0000000 1.0158698 1.0000000
0.6492372 1.0000000 0.9452263 1.0000000
0.6502151 1.0000000 0.9979085 1.0000000
0.6505458 1.0000000 1.1110881 1.0000000
0.6507399 1.0000000 0.9528531 1.0000000
0.6508410 1.0000000 1.0316831 1.0000000
0.6512048 1.0000000 1.0656119 1.0000000
0.6512276 1.0000000 1.0747890 1.0000000
0.6514297 1.0000000 1.0154597 1.0000000
0.6516270 1.0000000 1.0179839 1.0000000
0.6516531 1.0000000 1.0768956 1.0000000
0.6517211 1.0000000 1.1008697 1.0000000
0.6519261 1.0000000 1.1366192 1.0000000
0.6519766 1.0000000 1.0894516 1.0000000
0.6525218 1.0000000 1.0949127 1.0000000
0.6547216 1.0000000 0.9931816 1.0000000
0.6551341 1.0000000 1.1022946 1.0000000
0.6552148 1.0000000 0.9610725 1.0000000
0.6555109 1.0000000 1.1666253 1.0000000
0.6563223 1.0000000 1.1149776 1.0000000
0.6564068 1.0000000 0.9926561 1.0000000
0.6572331 1.0000000 1.0604398 1.0000000
0.6572807 1.0000000 1.0559997 1.0000000
0.6575124 1.0000000 1.0281730 1.0000000
0.6576030 1.0000000 1.0210745 1.0000000
0.6578002 1.0000000 1.1334110 1.0000000
0.6588678 1.0000000 1.0670963 1.0000000
0.6596931 1.0000000 0.9569386 1.0000000
0.6609544 1.0000000 1.2092924 1.0000000
0.6617059 1.0000000 1.1068552 1.0000000
0.6628662 1.0000000 0.8668936 1.0000000
0.6635184 1.0000000 1.0862494 1.0000000
0.6636060 1.0000000 1.1248372 1.0000000
0.6637671 1.0000000 1.1657010 1.0000000
0.6644708 1.0000000 1.0888163 1.0000000
0.6655118 1.0000000 1.0578836 1.0000000
0.6656430 1.0000000 1.1165665 1.0000000
0.6658772 1.0000000 1.0109751 1.0000000
0.6663996 1.0000000 1.0653656 1.0000000
0.6670453 1.0000000 1.0466606 1.0000000
0.6671993 1.0000000 0.9404600 1.0000000
0.6674183 1.0000000 0.9139808 1.0000000
0.6676647 1.0000000 1.1006864 1.0000000
0.6679263 1.0000000 1.1062251 1.0000000
0.6686710 1.0000000 1.0323106 1.0000000
0.6690663 1.0000000 1.0274672 1.0000000
0.6693264 1.0000000 1.0145082 1.0000000
0.6693868 1.0000000 1.0473051 1.0000000
0.6693986 1.0000000 1.1310187 1.0000000
0.6694689 1.0000000 1.0228418 1.0000000
0.6696105 1.0000000 0.9195136 1.0000000
0.6697061 1.0000000 1.0418768 1.0000000
0.6698559 1.0000000 1.1638373 1.0000000
0.6715718 1.0000000 1.0071297 1.0000000
0.6717460 1.0000000 1.0789798 1.0000000
0.6717629 1.0000000 1.0787174 1.0000000
0.6726327 1.0000000 1.1733825 1.0000000
0.6738812 1.0000000 1.0150383 1.0000000
0.6738950 1.0000000 1.0538984 1.0000000
0.6745787 1.0000000 1.0865067 1.0000000
0.6745818 1.0000000 0.9682005 1.0000000
0.6752943 1.0000000 1.1080326 1.0000000
0.6753697 1.0000000 1.0330665 1.0000000
0.6756403 1.0000000 1.1043006 1.0000000
0.6757434 1.0000000 1.0158593 1.0000000
0.6763358 1.0000000 0.9598146 1.0000000
0.6765534 1.0000000 1.0166849 1.0000000
0.6766541 1.0000000 0.9917593 1.0000000
0.6768164 1.0000000 1.1435383 1.0000000
0.6770920 1.0000000 0.9766792 1.0000000
0.6771365 1.0000000 1.1556528 1.0000000
0.6779952 1.0000000 1.1515119 1.0000000
0.6783801 1.0000000 0.9824277 1.0000000
0.6792620 1.0000000 1.0946042 1.0000000
0.6793228 1.0000000 1.0426865 1.0000000
0.6800319 1.0000000 1.0258600 1.0000000
0.6801249 1.0000000 1.0384729 1.0000000
0.6805410 1.0000000 1.0468934 1.0000000
0.6807867 1.0000000 1.0480685 1.0000000
0.6824520 1.0000000 0.9732704 1.0000000
0.6842771 1.0000000 1.1334087 1.0000000
0.6847722 1.0000000 1.0678126 1.0000000
0.6855556 1.0000000 1.1434002 1.0000000
0.6859785 1.0000000 1.1035291 1.0000000
0.6860640 1.0000000 1.0119720 1.0000000
0.6871458 1.0000000 0.9871612 1.0000000
0.6876810 1.0000000 1.1275665 1.0000000
0.6880447 1.0000000 0.9689176 1.0000000
0.6888263 1.0000000 0.8782867 1.0000000
0.6890742 1.0000000 1.0868419 1.0000000
0.6892634 1.0000000 1.1704844 1.0000000
0.6903013 1.0000000 1.1001959 1.0000000
0.6905715 1.0000000 1.0983829 1.0000000
0.6911924 1.0000000 0.9598762 1.0000000
0.6914736 1.0000000 1.0872093 1.0000000
0.6917427 1.0000000 1.1261820 1.0000000
0.6923952 1.0000000 1.1644150 1.0000000
0.6927137 1.0000000 1.0335023 1.0000000
0.6933786 1.0000000 1.0553793 1.0000000
0.6937031 1.0000000 1.0797988 1.0000000
0.6944398 1.0000000 1.0548241 1.0000000
0.6961153 1.0000000 0.9534133 1.0000000
0.6961268 1.0000000 0.8783834 1.0000000
0.6968746 1.0000000 1.0537815 1.0000000
0.6972244 1.0000000 1.0518917 1.0000000
0.6973073 1.0000000 1.1466253 1.0000000
0.6973966 1.0000000 1.0253042 1.0000000
0.6981450 1.0000000 1.1672875 1.0000000
0.6986721 1.0000000 1.0009453 1.0000000
0.6987708 1.0000000 0.9720634 1.0000000
0.6989280 1.0000000 1.0985217 1.0000000
0.6993282 1.0000000 1.0181629 1.0000000
0.6994703 1.0000000 1.0062343 1.0000000
0.7003853 1.0000000 1.1067996 1.0000000
0.7007636 1.0000000 1.0246534 1.0000000
0.7010322 1.0000000 1.0466734 1.0000000
0.7013235 1.0000000 1.0262184 1.0000000
0.7022722 1.0000000 1.0043546 1.0000000
0.7028580 1.0000000 1.0017576 1.0000000
0.7036043 1.0000000 1.0700791 1.0000000
0.7036640 1.0000000 1.0327657 1.0000000
0.7038937 1.0000000 1.1455747 1.0000000
0.7039615 1.0000000 1.0064628 1.0000000
0.7049216 1.0000000 1.1134825 1.0000000
0.7054133 1.0000000 0.9203938 1.0000000
0.7055791 1.0000000 0.9584281 1.0000000
0.7076607 1.0000000 0.9491279 1.0000000
0.7083928 1.0000000 1.1165366 1.0000000
0.7092335 1.0000000 0.9310831 1.0000000
0.7096429 1.0000000 1.0900235 1.0000000
0.7104502 1.0000000 1.1436948 1.0000000
0.7107888 1.0000000 1.0142829 1.0000000
0.7108457 1.0000000 0.9429861 1.0000000
0.7109900 1.0000000 1.0940931 1.0000000
0.7113086 1.0000000 1.1068896 1.0000000
0.7116547 1.0000000 1.0434380 1.0000000
0.7123235 1.0000000 1.1546573 1.0000000
0.7127252 1.0000000 1.0283418 1.0000000
0.7127577 1.0000000 1.0484887 1.0000000
0.7127938 1.0000000 1.0647145 1.0000000
0.7131596 1.0000000 1.0506457 1.0000000
0.7131796 1.0000000 1.1139119 1.0000000
0.7144266 1.0000000 1.0641387 1.0000000
0.7153137 1.0000000 1.0713178 1.0000000
0.7154130 1.0000000 1.0999097 1.0000000
0.7160029 1.0000000 1.1209849 1.0000000
0.7165625 1.0000000 1.1054811 1.0000000
0.7182258 1.0000000 1.0832384 1.0000000
0.7187547 1.0000000 1.0038077 1.0000000
0.7190432 1.0000000 1.0917408 1.0000000
0.7192092 1.0000000 0.9998675 1.0000000
0.7192244 1.0000000 0.9915812 1.0000000
0.7192942 1.0000000 1.1080355 1.0000000
0.7193244 1.0000000 1.0214883 1.0000000
0.7198464 1.0000000 1.0738060 1.0000000
0.7213456 1.0000000 1.1118881 1.0000000
0.7215761 1.0000000 1.0580958 1.0000000
0.7221433 1.0000000 1.0762839 1.0000000
0.7225981 1.0000000 1.0585487 1.0000000
0.7234010 1.0000000 1.0219698 1.0000000
0.7234635 1.0000000 0.9176185 1.0000000
0.7235173 1.0000000 1.0605886 1.0000000
0.7237968 1.0000000 1.0343488 1.0000000
0.7246235 1.0000000 1.1403731 1.0000000
0.7248948 1.0000000 0.8478857 1.0000000
0.7250637 1.0000000 1.0241053 1.0000000
0.7251052 1.0000000 1.0475074 1.0000000
0.7251556 1.0000000 1.0769206 1.0000000
0.7253854 1.0000000 1.0280101 1.0000000
0.7256600 1.0000000 0.9904005 1.0000000
0.7262354 1.0000000 1.1802575 1.0000000
0.7266640 1.0000000 1.0584815 1.0000000
0.7269423 1.0000000 1.1579116 1.0000000
0.7273262 1.0000000 1.1001037 1.0000000
0.7273546 1.0000000 1.0766194 1.0000000
0.7274075 1.0000000 0.9361437 1.0000000
0.7290760 1.0000000 0.9824225 1.0000000
0.7292325 1.0000000 1.1696675 1.0000000
0.7292368 1.0000000 1.0462502 1.0000000
0.7294545 1.0000000 1.0341722 1.0000000
0.7306534 1.0000000 1.0128112 1.0000000
0.7306822 1.0000000 1.0117062 1.0000000
0.7309489 1.0000000 1.0519390 1.0000000
0.7321378 1.0000000 0.9618950 1.0000000
0.7321693 1.0000000 1.0489480 1.0000000
0.7329971 1.0000000 1.0460331 1.0000000
0.7336728 1.0000000 1.1473614 1.0000000
0.7337185 1.0000000 1.2042804 1.0000000
0.7338420 1.0000000 1.0618951 1.0000000
0.7344040 1.0000000 1.0432438 1.0000000
0.7346713 1.0000000 0.9585611 1.0000000
0.7347393 1.0000000 1.1382910 1.0000000
0.7347417 1.0000000 1.1097153 1.0000000
0.7347941 1.0000000 0.9345247 1.0000000
0.7348853 1.0000000 1.2022202 1.0000000
0.7355699 1.0000000 0.9579831 1.0000000
0.7371210 1.0000000 0.9767674 1.0000000
0.7376784 1.0000000 1.1307913 1.0000000
0.7377153 1.0000000 1.0791396 1.0000000
0.7377320 1.0000000 1.1201258 1.0000000
0.7380549 1.0000000 0.9819649 1.0000000
0.7386184 1.0000000 1.1053669 1.0000000
0.7387711 1.0000000 0.9252942 1.0000000
0.7388322 1.0000000 1.0804840 1.0000000
0.7393145 1.0000000 0.9848299 1.0000000
0.7394873 1.0000000 1.1284455 1.0000000
0.7398480 1.0000000 1.1319722 1.0000000
0.7400825 1.0000000 1.0406926 1.0000000
0.7410685 1.0000000 0.9565792 1.0000000
0.7421297 1.0000000 1.0348265 1.0000000
0.7421880 1.0000000 1.1674582 1.0000000
0.7434896 1.0000000 1.0674966 1.0000000
0.7439747 1.0000000 1.0020815 1.0000000
0.7440758 1.0000000 1.0811538 1.0000000
0.7441020 1.0000000 1.0178100 1.0000000
0.7456941 1.0000000 1.1804218 1.0000000
0.7457678 1.0000000 1.0084081 1.0000000
0.7461333 1.0000000 1.1224290 1.0000000
0.7463230 1.0000000 1.0297589 1.0000000
0.7464764 1.0000000 1.0690191 1.0000000
0.7473407 1.0000000 1.0639826 1.0000000
0.7477016 1.0000000 0.9472681 1.0000000
0.7479512 1.0000000 1.1202401 1.0000000
0.7481496 1.0000000 1.0722944 1.0000000
0.7483122 1.0000000 0.9197424 1.0000000
0.7494280 1.0000000 1.1068116 1.0000000
0.7498133 1.0000000 1.0816694 1.0000000
0.7498440 1.0000000 1.1651315 1.0000000
0.7502634 1.0000000 0.9786174 1.0000000
0.7504704 1.0000000 1.1027823 1.0000000
0.7506466 1.0000000 1.0297581 1.0000000
0.7510277 1.0000000 1.1188526 1.0000000
0.7517703 1.0000000 1.0283955 1.0000000
0.7520640 1.0000000 1.1992293 1.0000000
0.7528421 1.0000000 1.0277655 1.0000000
0.7532032 1.0000000 1.0070505 1.0000000
0.7546550 1.0000000 0.9976885 1.0000000
0.7547444 1.0000000 1.0414631 1.0000000
0.7557230 1.0000000 1.1156976 1.0000000
0.7562799 1.0000000 0.8488400 1.0000000
0.7570724 1.0000000 1.0707973 1.0000000
0.7573270 1.0000000 1.0572705 1.0000000
0.7573718 1.0000000 0.9367430 1.0000000
0.7573937 1.0000000 0.9870366 1.0000000
0.7578393 1.0000000 1.0585015 1.0000000
0.7590231 1.0000000 1.1447807 1.0000000
0.7600857 1.0000000 0.9333864 1.0000000
0.7604381 1.0000000 1.0129238 1.0000000
0.7604457 1.0000000 1.1091390 1.0000000
0.7604816 1.0000000 1.0940547 1.0000000
0.7614048 1.0000000 0.9646936 1.0000000
0.7619949 1.0000000 0.9829399 1.0000000
0.7622092 1.0000000 1.0152708 1.0000000
0.7626897 1.0000000 1.0320521 1.0000000
0.7632142 1.0000000 1.0975492 1.0000000
0.7632181 1.0000000 0.8890550 1.0000000
0.7638159 1.0000000 0.9266380 1.0000000
0.7640584 1.0000000 1.2385265 1.0000000
0.7641476 1.0000000 1.0487760 1.0000000
0.7644862 1.0000000 0.9513136 1.0000000
0.7652293 1.0000000 1.0590511 1.0000000
0.7660809 1.0000000 1.0376792 1.0000000
0.7664527 1.0000000 0.8565603 1.0000000
0.7668166 1.0000000 0.9957362 1.0000000
0.7668214 1.0000000 1.0237029 1.0000000
0.7670550 1.0000000 1.0330217 1.0000000
0.7674505 1.0000000 0.9778437 1.0000000
0.7675651 1.0000000 1.0276134 1.0000000
0.7677522 1.0000000 1.0995161 1.0000000
0.7687520 1.0000000 1.0831033 1.0000000
0.7688395 1.0000000 1.1036468 1.0000000
0.7710014 1.0000000 0.9757808 1.0000000
0.7719926 1.0000000 1.0637689 1.0000000
0.7723197 1.0000000 0.9944204 1.0000000
0.7723440 1.0000000 1.1363410 1.0000000
0.7729708 1.0000000 1.0669514 1.0000000
0.7731594 1.0000000 1.0135991 1.0000000
0.7732561 1.0000000 1.0220315 1.0000000
0.7734581 1.0000000 1.0777115 1.0000000
0.7758198 1.0000000 1.0157268 1.0000000
0.7782033 1.0000000 1.0514396 1.0000000
0.7786618 1.0000000 1.0970858 1.0000000
0.7799622 1.0000000 1.0265158 1.0000000
0.7805227 1.0000000 1.0703599 1.0000000
0.7805378 1.0000000 1.0590715 1.0000000
0.7808655 1.0000000 1.1004915 1.0000000
0.7818302 1.0000000 1.0795467 1.0000000
0.7823240 1.0000000 1.0939456 1.0000000
0.7825023 1.0000000 1.1161554 1.0000000
0.7835704 1.0000000 1.0398524 1.0000000
0.7838156 1.0000000 1.0358549 1.0000000
0.7839638 1.0000000 1.2140404 1.0000000
0.7843265 1.0000000 0.9788553 1.0000000
0.7847414 1.0000000 1.0078535 1.0000000
0.7848063 1.0000000 1.1713844 1.0000000
0.7853235 1.0000000 0.9158643 1.0000000
0.7863663 1.0000000 0.8605715 1.0000000
0.7867924 1.0000000 0.8935337 1.0000000
0.7872028 1.0000000 1.1285655 1.0000000
0.7874305 1.0000000 1.0493237 1.0000000
0.7889631 1.0000000 1.0826526 1.0000000
0.7890336 1.0000000 1.0891896 1.0000000
0.7891181 1.0000000 1.1404510 1.0000000
0.7893600 1.0000000 1.0471511 1.0000000
0.7902522 1.0000000 1.1261497 1.0000000
0.7907826 1.0000000 1.0431077 1.0000000
0.7908576 1.0000000 0.9820917 1.0000000
0.7910196 1.0000000 1.0067116 1.0000000
0.7910524 1.0000000 0.9857949 1.0000000
0.7913324 1.0000000 1.0509716 1.0000000
0.7916721 1.0000000 1.1391592 1.0000000
0.7918481 1.0000000 0.9996843 1.0000000
0.7921213 1.0000000 0.8747687 1.0000000
0.7925766 1.0000000 1.0122083 1.0000000
0.7925802 1.0000000 1.0699461 1.0000000
0.7931916 1.0000000 1.0925104 1.0000000
0.7932968 1.0000000 1.0419685 1.0000000
0.7934388 1.0000000 1.1380197 1.0000000
0.7938339 1.0000000 1.0213663 1.0000000
0.7941280 1.0000000 1.1278224 1.0000000
0.7950657 1.0000000 1.0483452 1.0000000
0.7952722 1.0000000 0.8958654 1.0000000
0.7965529 1.0000000 0.9193472 1.0000000
0.7965991 1.0000000 1.1818076 1.0000000
0.7972873 1.0000000 1.0794246 1.0000000
0.7976555 1.0000000 1.0810668 1.0000000
0.7978343 1.0000000 0.9806825 1.0000000
0.7979165 1.0000000 1.1135223 1.0000000
0.7983181 1.0000000 0.9470864 1.0000000
0.7984798 1.0000000 1.0211798 1.0000000
0.7990343 1.0000000 1.0143526 1.0000000
0.7991559 1.0000000 1.1160037 1.0000000
0.7997311 1.0000000 1.1280984 1.0000000
0.8001179 1.0000000 1.1418316 1.0000000
0.8003007 1.0000000 1.0427881 1.0000000
0.8004872 1.0000000 0.9473601 1.0000000
0.8013575 1.0000000 1.0284197 1.0000000
0.8024870 1.0000000 1.1317572 1.0000000
0.8034121 1.0000000 0.9446069 1.0000000
0.8036860 1.0000000 0.9775602 1.0000000
0.8037381 1.0000000 1.1878304 1.0000000
0.8037895 1.0000000 0.8872421 1.0000000
0.8041403 1.0000000 1.1026016 1.0000000
0.8043859 1.0000000 1.1056225 1.0000000
0.8055261 1.0000000 1.1444981 1.0000000
0.8061208 1.0000000 1.0065222 1.0000000
0.8072583 1.0000000 0.8962580 1.0000000
0.8079933 1.0000000 0.9870744 1.0000000
0.8087147 1.0000000 1.0102554 1.0000000
0.8092439 1.0000000 1.1796574 1.0000000
0.8092845 1.0000000 1.0324458 1.0000000
0.8101495 1.0000000 1.0795794 1.0000000
0.8102028 1.0000000 0.9851367 1.0000000
0.8112324 1.0000000 1.0580313 1.0000000
0.8124358 1.0000000 1.0310812 1.0000000
0.8126785 1.0000000 1.0135364 1.0000000
0.8127244 1.0000000 1.2008743 1.0000000
0.8128130 1.0000000 1.1450571 1.0000000
0.8134056 1.0000000 1.0654593 1.0000000
0.8153870 1.0000000 0.9663445 1.0000000
0.8155909 1.0000000 1.1684063 1.0000000
0.8157016 1.0000000 1.0064402 1.0000000
0.8166379 1.0000000 0.9812449 1.0000000
0.8166845 1.0000000 1.0341630 1.0000000
0.8171529 1.0000000 1.0798715 1.0000000
0.8180107 1.0000000 1.1340458 1.0000000
0.8192080 1.0000000 0.9719654 1.0000000
0.8193907 1.0000000 1.0092462 1.0000000
0.8195724 1.0000000 0.9942844 1.0000000
0.8195882 1.0000000 1.0066776 1.0000000
0.8196284 1.0000000 0.9888858 1.0000000
0.8197351 1.0000000 1.1489687 1.0000000
0.8199617 1.0000000 0.9091895 1.0000000
0.8207353 1.0000000 1.0691296 1.0000000
0.8214812 1.0000000 1.1624128 1.0000000
0.8217050 1.0000000 1.0982999 1.0000000
0.8218204 1.0000000 1.1059890 1.0000000
0.8230141 1.0000000 1.0268804 1.0000000
0.8251809 1.0000000 0.9625687 1.0000000
0.8258901 1.0000000 1.1305159 1.0000000
0.8259856 1.0000000 1.0687868 1.0000000
0.8263217 1.0000000 1.0461187 1.0000000
0.8271948 1.0000000 1.1073504 1.0000000
0.8275332 1.0000000 0.9120334 1.0000000
0.8279127 1.0000000 0.9346019 1.0000000
0.8279164 1.0000000 1.0653191 1.0000000
0.8288370 1.0000000 1.0942753 1.0000000
0.8291822 1.0000000 1.1771917 1.0000000
0.8296431 1.0000000 0.9936786 1.0000000
0.8297001 1.0000000 1.0325337 1.0000000
0.8297649 1.0000000 0.9694868 1.0000000
0.8302758 1.0000000 0.9597922 1.0000000
0.8319840 1.0000000 0.9165137 1.0000000
0.8323407 1.0000000 1.1195714 1.0000000
0.8323520 1.0000000 1.1527146 1.0000000
0.8324598 1.0000000 1.0810632 1.0000000
0.8330900 1.0000000 0.9049968 1.0000000
0.8339355 1.0000000 1.0622547 1.0000000
0.8339437 1.0000000 1.0110871 1.0000000
0.8344559 1.0000000 1.1275805 1.0000000
0.8347258 1.0000000 0.9923818 1.0000000
0.8353516 1.0000000 1.0025418 1.0000000
0.8367344 1.0000000 1.0572820 1.0000000
0.8376428 1.0000000 1.0523239 1.0000000
0.8377364 1.0000000 0.9203490 1.0000000
0.8389462 1.0000000 0.9439033 1.0000000
0.8389844 1.0000000 0.9790285 1.0000000
0.8392798 1.0000000 1.1260147 1.0000000
0.8392994 1.0000000 1.0092566 1.0000000
0.8404214 1.0000000 1.1171003 1.0000000
0.8407148 1.0000000 1.0089169 1.0000000
0.8415809 1.0000000 1.1066396 1.0000000
0.8423884 1.0000000 0.9660500 1.0000000
0.8430506 1.0000000 0.8918435 1.0000000
0.8460903 1.0000000 0.9031960 1.0000000
0.8462293 1.0000000 0.9835283 1.0000000
0.8465008 1.0000000 1.0613293 1.0000000
0.8482642 1.0000000 1.0254910 1.0000000
0.8483141 1.0000000 1.1177464 1.0000000
0.8484217 1.0000000 0.9451361 1.0000000
0.8488359 1.0000000 1.0789462 1.0000000
0.8488851 1.0000000 0.9571310 1.0000000
0.8494218 1.0000000 1.0756696 1.0000000
0.8495808 1.0000000 1.0450525 1.0000000
0.8503802 1.0000000 0.9807820 1.0000000
0.8508541 1.0000000 0.9702232 1.0000000
0.8511575 1.0000000 1.1167060 1.0000000
0.8513435 1.0000000 1.1684851 1.0000000
0.8516010 1.0000000 0.8457611 1.0000000
0.8517125 1.0000000 0.9698846 1.0000000
0.8521557 1.0000000 1.1302175 1.0000000
0.8523474 1.0000000 0.9178607 1.0000000
0.8530482 1.0000000 1.1032988 1.0000000
0.8533790 1.0000000 1.1689103 1.0000000
0.8559434 1.0000000 1.0451237 1.0000000
0.8559909 1.0000000 0.8690885 1.0000000
0.8567610 1.0000000 0.9647059 1.0000000
0.8587711 1.0000000 1.0129614 1.0000000
0.8594540 1.0000000 1.0819016 1.0000000
0.8597164 1.0000000 0.9570571 1.0000000
0.8604855 1.0000000 0.9374234 1.0000000
0.8610652 1.0000000 0.9836905 1.0000000
0.8618661 1.0000000 1.1086983 1.0000000
0.8630442 1.0000000 1.0641204 1.0000000
0.8635321 1.0000000 0.9748287 1.0000000
0.8635667 1.0000000 0.8575883 1.0000000
0.8638023 1.0000000 1.0822016 1.0000000
0.8641415 1.0000000 0.9079855 1.0000000
0.8642372 1.0000000 0.8575587 1.0000000
0.8646019 1.0000000 1.1380345 1.0000000
0.8651864 1.0000000 1.1291948 1.0000000
0.8653318 1.0000000 1.1407313 1.0000000
0.8653593 1.0000000 1.1799065 1.0000000
0.8654034 1.0000000 0.9513853 1.0000000
0.8657121 1.0000000 0.8541551 1.0000000
0.8662428 1.0000000 0.8767258 1.0000000
0.8673187 1.0000000 1.1744335 1.0000000
0.8678801 1.0000000 1.0353846 1.0000000
0.8689792 1.0000000 0.9531773 1.0000000
0.8699046 1.0000000 1.0249144 1.0000000
0.8700351 1.0000000 1.2199419 1.0000000
0.8702691 1.0000000 1.0198634 1.0000000
0.8706028 1.0000000 1.1301046 1.0000000
0.8708525 1.0000000 1.0836686 1.0000000
0.8722652 1.0000000 1.2048759 1.0000000
0.8730950 1.0000000 1.0259362 1.0000000
0.8735860 1.0000000 1.0811224 1.0000000
0.8736418 1.0000000 1.0265413 1.0000000
0.8738446 1.0000000 1.0116597 1.0000000
0.8751902 1.0000000 0.9463999 1.0000000
0.8756829 1.0000000 1.1495303 1.0000000
0.8776985 1.0000000 1.0900892 1.0000000
0.8782890 1.0000000 0.9606360 1.0000000
0.8787114 1.0000000 1.0563895 1.0000000
0.8789061 1.0000000 0.9752745 1.0000000
0.8819528 1.0000000 1.0379257 1.0000000
0.8832090 1.0000000 0.9934570 1.0000000
0.8836782 1.0000000 1.0568729 1.0000000
0.8838640 1.0000000 1.0730198 1.0000000
0.8846587 1.0000000 1.0509609 1.0000000
0.8863019 1.0000000 1.0116191 1.0000000
0.8863729 1.0000000 1.2120129 1.0000000
0.8866742 1.0000000 1.2047003 1.0000000
0.8871229 1.0000000 0.9632572 1.0000000
0.8872991 1.0000000 0.9427265 1.0000000
0.8882413 1.0000000 0.9136143 1.0000000
0.8885274 1.0000000 0.9115257 1.0000000
0.8885375 1.0000000 0.9803090 1.0000000
0.8887975 1.0000000 0.9759221 1.0000000
0.8889424 1.0000000 1.0275327 1.0000000
0.8897415 1.0000000 1.1443874 1.0000000
0.8903787 1.0000000 1.2719937 1.0000000
0.8904977 1.0000000 0.9163350 1.0000000
0.8905393 1.0000000 0.9905963 1.0000000
0.8919078 1.0000000 1.0994206 1.0000000
0.8923027 1.0000000 1.0649417 1.0000000
0.8928884 1.0000000 0.8671154 1.0000000
0.8929471 1.0000000 1.0328481 1.0000000
0.8933571 1.0000000 0.9529970 1.0000000
0.8937454 1.0000000 1.0914655 1.0000000
0.8948401 1.0000000 1.0104770 1.0000000
0.8951142 1.0000000 1.0091119 1.0000000
0.8953166 1.0000000 1.0381179 1.0000000
0.8955189 1.0000000 1.0700818 1.0000000
0.8960211 1.0000000 1.0357963 1.0000000
0.8964119 1.0000000 1.1251522 1.0000000
0.8967160 1.0000000 0.9494690 1.0000000
0.8967233 1.0000000 0.8974122 1.0000000
0.8975365 1.0000000 1.2100676 1.0000000
0.8979429 1.0000000 0.9760382 1.0000000
0.8983103 1.0000000 1.0849612 1.0000000
0.8988137 1.0000000 0.8457512 1.0000000
0.8988827 1.0000000 1.0408098 1.0000000
0.9009361 1.0000000 1.0738719 1.0000000
0.9021278 1.0000000 1.1995673 1.0000000
0.9023771 1.0000000 1.1931116 1.0000000
0.9024115 1.0000000 1.1577488 1.0000000
0.9024442 1.0000000 0.9241449 1.0000000
0.9025373 1.0000000 1.1545377 1.0000000
0.9027838 1.0000000 1.1304360 1.0000000
0.9030674 1.0000000 1.0798885 1.0000000
0.9035317 1.0000000 0.9488194 1.0000000
0.9037608 1.0000000 1.0462460 1.0000000
0.9045069 1.0000000 1.0035405 1.0000000
0.9056380 1.0000000 1.0688832 1.0000000
0.9057025 1.0000000 1.1426653 1.0000000
0.9061929 1.0000000 0.9161224 1.0000000
0.9062787 1.0000000 1.0484177 1.0000000
0.9067489 1.0000000 0.9088285 1.0000000
0.9067690 1.0000000 1.3020669 1.0000000
0.9073705 1.0000000 0.8895945 1.0000000
0.9074126 1.0000000 1.1480863 1.0000000
0.9078783 1.0000000 0.9936870 1.0000000
0.9079121 1.0000000 1.1735026 1.0000000
0.9085335 1.0000000 0.7899057 1.0000000
0.9086694 1.0000000 1.0836748 1.0000000
0.9098528 1.0000000 1.1129581 1.0000000
0.9113871 1.0000000 1.1491734 1.0000000
0.9118768 1.0000000 0.9966400 1.0000000
0.9120278 1.0000000 1.0295880 1.0000000
0.9120398 1.0000000 0.9802320 1.0000000
0.9124954 1.0000000 1.0405019 1.0000000
0.9139690 1.0000000 1.0006885 1.0000000
0.9146608 1.0000000 1.0333239 1.0000000
0.9148105 1.0000000 0.8535593 1.0000000
0.9154103 1.0000000 1.0057679 1.0000000
0.9165779 1.0000000 0.9361007 1.0000000
0.9166740 1.0000000 0.9282413 1.0000000
0.9167362 1.0000000 1.0814546 1.0000000
0.9170583 1.0000000 0.9816165 1.0000000
0.9174485 1.0000000 0.8230192 1.0000000
0.9192590 1.0000000 1.1521693 1.0000000
0.9198713 1.0000000 1.1512155 1.0000000
0.9198838 1.0000000 1.1973218 1.0000000
0.9208573 1.0000000 1.0604755 1.0000000
0.9211839 1.0000000 1.0797151 1.0000000
0.9214004 1.0000000 1.0429968 1.0000000
0.9225643 1.0000000 1.0138491 1.0000000
0.9226388 1.0000000 1.1901911 1.0000000
0.9228329 1.0000000 0.9595131 1.0000000
0.9244955 1.0000000 1.0220544 1.0000000
0.9244993 1.0000000 1.0559692 1.0000000
0.9250646 1.0000000 1.1109328 1.0000000
0.9252862 1.0000000 1.2163677 1.0000000
0.9253033 1.0000000 1.0932114 1.0000000
0.9259002 1.0000000 0.9741951 1.0000000
0.9260306 1.0000000 1.0123362 1.0000000
0.9261512 1.0000000 1.0851644 1.0000000
0.9269809 1.0000000 0.9028727 1.0000000
0.9271336 1.0000000 1.2625335 1.0000000
0.9273568 1.0000000 0.7601788 1.0000000
0.9285416 1.0000000 0.9506493 1.0000000
0.9287673 1.0000000 0.8117711 1.0000000
0.9294153 1.0000000 1.0695735 1.0000000
0.9294355 1.0000000 0.6587590 1.0000000
0.9299494 1.0000000 1.1426919 1.0000000
0.9301281 1.0000000 1.2880256 1.0000000
0.9305690 1.0000000 0.8455054 1.0000000
0.9317327 1.0000000 1.1292717 1.0000000
0.9318016 1.0000000 0.9921954 1.0000000
0.9324173 1.0000000 1.0802404 1.0000000
0.9331424 1.0000000 0.9261438 1.0000000
0.9334064 1.0000000 0.8489613 1.0000000
0.9336851 1.0000000 1.0584173 1.0000000
0.9347467 1.0000000 0.9390063 1.0000000
0.9352196 1.0000000 1.0199766 1.0000000
0.9352672 1.0000000 0.8043791 1.0000000
0.9354761 1.0000000 1.2495245 1.0000000
0.9354819 1.0000000 1.1242134 1.0000000
0.9372544 1.0000000 1.2190544 1.0000000
0.9382833 1.0000000 1.0882803 1.0000000
0.9384007 1.0000000 0.8733454 1.0000000
0.9389028 1.0000000 1.0248500 1.0000000
0.9397399 1.0000000 0.8176820 1.0000000
0.9401946 1.0000000 1.1385684 1.0000000
0.9402979 1.0000000 1.0063397 1.0000000
0.9408441 1.0000000 1.1805415 1.0000000
0.9415680 1.0000000 0.9921689 1.0000000
0.9416963 1.0000000 1.0330387 1.0000000
0.9418942 1.0000000 1.1287061 1.0000000
0.9433012 1.0000000 1.1171810 1.0000000
0.9434160 1.0000000 1.0090474 1.0000000
0.9434716 1.0000000 0.9986430 1.0000000
0.9436129 1.0000000 1.2098840 1.0000000
0.9444560 1.0000000 1.1861263 1.0000000
0.9456759 1.0000000 0.9889383 1.0000000
0.9459426 1.0000000 1.0999001 1.0000000
0.9465989 1.0000000 0.9716289 1.0000000
0.9472693 1.0000000 1.1183121 1.0000000
0.9477930 1.0000000 1.1723168 1.0000000
0.9489168 1.0000000 1.0069791 1.0000000
0.9494341 1.0000000 0.8827904 1.0000000
0.9496151 1.0000000 1.2463963 1.0000000
0.9499887 1.0000000 1.1209660 1.0000000
0.9506609 1.0000000 0.9676575 1.0000000
0.9507119 1.0000000 0.9508615 1.0000000
0.9507554 1.0000000 1.0406882 1.0000000
0.9507675 1.0000000 1.2392308 1.0000000
0.9522430 1.0000000 1.0613661 1.0000000
0.9523022 1.0000000 0.9336452 1.0000000
0.9528305 1.0000000 0.9876824 1.0000000
0.9529930 1.0000000 1.1345224 1.0000000
0.9531410 1.0000000 1.1090950 1.0000000
0.9534717 1.0000000 1.1028599 1.0000000
0.9535659 1.0000000 0.9267533 1.0000000
0.9540450 1.0000000 1.0603157 1.0000000
0.9559890 1.0000000 0.8740289 1.0000000
0.9567574 1.0000000 0.9744693 1.0000000
0.9572068 1.0000000 1.3027773 1.0000000
0.9577040 1.0000000 1.0899637 1.0000000
0.9583040 1.0000000 1.0242283 1.0000000
0.9586082 1.0000000 0.9288954 1.0000000
0.9590733 1.0000000 1.0737672 1.0000000
0.9591199 1.0000000 1.1710520 1.0000000
0.9609735 1.0000000 1.1557902 1.0000000
0.9614399 1.0000000 0.9278333 1.0000000
0.9617988 1.0000000 0.8915050 1.0000000
0.9622086 1.0000000 1.0528783 1.0000000
0.9634829 1.0000000 0.9238956 1.0000000
0.9666866 1.0000000 1.0194653 1.0000000
0.9670401 1.0000000 1.0544963 1.0000000
0.9671728 1.0000000 0.8441048 1.0000000
0.9679289 1.0000000 1.1338778 1.0000000
0.9684026 1.0000000 0.9958451 1.0000000
0.9684443 1.0000000 1.0224765 1.0000000
0.9685231 1.0000000 0.9523631 1.0000000
0.9688478 1.0000000 1.1504893 1.0000000
0.9695770 1.0000000 1.1691984 1.0000000
0.9697738 1.0000000 1.1360525 1.0000000
0.9699709 1.0000000 1.3541000 1.0000000
0.9704360 1.0000000 0.9161034 1.0000000
0.9713814 1.0000000 1.0565522 1.0000000
0.9713990 1.0000000 1.1020570 1.0000000
0.9714168 1.0000000 1.1262023 1.0000000
0.9716904 1.0000000 1.0836412 1.0000000
0.9720319 1.0000000 1.0595586 1.0000000
0.9721125 1.0000000 1.0145911 1.0000000
0.9721258 1.0000000 0.9352384 1.0000000
0.9729811 1.0000000 1.1021684 1.0000000
0.9732053 1.0000000 0.9004273 1.0000000
0.9737354 1.0000000 0.9958349 1.0000000
0.9739207 1.0000000 0.9119568 1.0000000
0.9740165 1.0000000 1.1271580 1.0000000
0.9742117 1.0000000 1.0870802 1.0000000
0.9747987 1.0000000 0.8307481 1.0000000
0.9748417 1.0000000 1.0587773 1.0000000
0.9763633 1.0000000 1.0399602 1.0000000
0.9767098 1.0000000 1.1452271 1.0000000
0.9770221 1.0000000 0.8564926 1.0000000
0.9771831 1.0000000 1.1612316 1.0000000
0.9781658 1.0000000 0.9466544 1.0000000
0.9782563 1.0000000 0.9227543 1.0000000
0.9789592 1.0000000 0.9832586 1.0000000
0.9798989 1.0000000 1.1382353 1.0000000
0.9800614 1.0000000 1.0500942 1.0000000
0.9809091 1.0000000 1.0466073 1.0000000
0.9811192 1.0000000 1.0871472 1.0000000
0.9811246 1.0000000 1.1076003 1.0000000
0.9811625 1.0000000 1.1446727 1.0000000
0.9823066 1.0000000 1.0624467 1.0000000
0.9824282 1.0000000 0.9024001 1.0000000
0.9828870 1.0000000 0.9355945 1.0000000
0.9842302 1.0000000 1.0336433 1.0000000
0.9845331 1.0000000 1.1695089 1.0000000
0.9847224 1.0000000 1.1158608 1.0000000
0.9850799 1.0000000 1.0719051 1.0000000
0.9850905 1.0000000 1.2667423 1.0000000
0.9854727 1.0000000 0.9854299 1.0000000
0.9855234 1.0000000 1.1326291 1.0000000
0.9861896 1.0000000 0.9516860 1.0000000
0.9867394 1.0000000 0.9838731 1.0000000
0.9867485 1.0000000 1.1801854 1.0000000
0.9872162 1.0000000 0.9884905 1.0000000
0.9872820 1.0000000 0.9497913 1.0000000
0.9879329 1.0000000 1.1535316 1.0000000
0.9881369 1.0000000 0.8371820 1.0000000
0.9881490 1.0000000 0.8408176 1.0000000
0.9886683 1.0000000 0.9611487 1.0000000
0.9902468 1.0000000 1.0709530 1.0000000
0.9907610 1.0000000 1.0093715 1.0000000
0.9923031 1.0000000 1.0438252 1.0000000
0.9924268 1.0000000 1.1273375 1.0000000
0.9929215 1.0000000 0.8903736 1.0000000
0.9939992 1.0000000 1.0514194 1.0000000
0.9940583 1.0000000 1.0242234 1.0000000
0.9943229 1.0000000 1.1760721 1.0000000
0.9957196 1.0000000 0.9534881 1.0000000
0.9957674 1.0000000 0.9266027 1.0000000
0.9962965 1.0000000 0.9450407 1.0000000
0.9965510 1.0000000 1.2028929 1.0000000
0.9968627 1.0000000 1.1361566 1.0000000
0.9970066 1.0000000 1.0655815 1.0000000
0.9973787 1.0000000 0.9476526 1.0000000
0.9983474 1.0000000 0.8970635 1.0000000
1.0001189 1.0000000 1.0764175 1.0000000
1.0004643 1.0000000 1.1135322 1.0000000
1.0008724 1.0000000 1.0732914 1.0000000
1.0009809 1.0000000 1.1850786 1.0000000
1.0014440 1.0000000 1.0509849 1.0000000
1.0016373 1.0000000 1.1568313 1.0000000
1.0016912 1.0000000 0.9284822 1.0000000
1.0017665 1.0000000 1.0006129 1.0000000
1.0024796 1.0000000 1.1251270 1.0000000
1.0036334 1.0000000 0.9750514 1.0000000
1.0038501 1.0000000 1.1124897 1.0000000
1.0041088 1.0000000 1.1544397 1.0000000
1.0043291 1.0000000 1.2353502 1.0000000
1.0047730 1.0000000 1.1046121 1.0000000
1.0056748 1.0000000 1.0062638 1.0000000
1.0061390 1.0000000 1.0605995 1.0000000
1.0077967 1.0000000 1.0151517 1.0000000
1.0088226 1.0000000 1.0467014 1.0000000
1.0095078 1.0000000 0.9463331 1.0000000
1.0103552 1.0000000 1.0092453 1.0000000
1.0105622 1.0000000 0.9731694 1.0000000
1.0107016 1.0000000 1.0613319 1.0000000
1.0111741 1.0000000 1.1287969 1.0000000
1.0114029 1.0000000 0.9118313 1.0000000
1.0116916 1.0000000 0.9821503 1.0000000
1.0117106 1.0000000 0.9980379 1.0000000
1.0119189 1.0000000 1.1043961 1.0000000
1.0119292 1.0000000 1.2722012 1.0000000
1.0134239 1.0000000 0.9233475 1.0000000
1.0141197 1.0000000 0.8680727 1.0000000
1.0142649 1.0000000 1.1250078 1.0000000
1.0145329 1.0000000 0.9782927 1.0000000
1.0156505 1.0000000 1.1284770 1.0000000
1.0165284 1.0000000 1.0805312 1.0000000
1.0180232 1.0000000 1.1746279 1.0000000
1.0183423 1.0000000 1.1198584 1.0000000
1.0183620 1.0000000 0.9932577 1.0000000
1.0185013 1.0000000 1.0808650 1.0000000
1.0185239 1.0000000 1.0257123 1.0000000
1.0191036 1.0000000 1.1389246 1.0000000
1.0212788 1.0000000 1.0362825 1.0000000
1.0216938 1.0000000 0.9746193 1.0000000
1.0217408 1.0000000 0.9765430 1.0000000
1.0220779 1.0000000 1.1441547 1.0000000
1.0223294 1.0000000 1.0871338 1.0000000
1.0227883 1.0000000 0.9221095 1.0000000
1.0229344 1.0000000 1.0586279 1.0000000
1.0244862 1.0000000 1.0130896 1.0000000
1.0256103 1.0000000 1.0956502 1.0000000
1.0259539 1.0000000 1.1789009 1.0000000
1.0263614 1.0000000 0.9477486 1.0000000
1.0268442 1.0000000 0.9042058 1.0000000
1.0270728 1.0000000 1.0922055 1.0000000
1.0277405 1.0000000 0.7738441 1.0000000
1.0278615 1.0000000 0.9552122 1.0000000
1.0283624 1.0000000 1.1372857 1.0000000
1.0292472 1.0000000 1.2086286 1.0000000
1.0304383 1.0000000 1.0175709 1.0000000
1.0318199 1.0000000 0.8220097 1.0000000
1.0319265 1.0000000 1.0037774 1.0000000
1.0327524 1.0000000 1.0303714 1.0000000
1.0329107 1.0000000 1.0281964 1.0000000
1.0339822 1.0000000 1.1007653 1.0000000
1.0347436 1.0000000 0.9898984 1.0000000
1.0350143 1.0000000 1.0025933 1.0000000
1.0350342 1.0000000 1.2767186 1.0000000
1.0351868 1.0000000 1.0658019 1.0000000
1.0352594 1.0000000 1.0697104 1.0000000
1.0355144 1.0000000 0.9590292 1.0000000
1.0361995 1.0000000 1.1180192 1.0000000
1.0364770 1.0000000 1.0661019 1.0000000
1.0366066 1.0000000 0.9780692 1.0000000
1.0370582 1.0000000 0.9519456 1.0000000
1.0370607 1.0000000 1.1253881 1.0000000
1.0382805 1.0000000 1.2155598 1.0000000
1.0383549 1.0000000 1.0620478 1.0000000
1.0398835 1.0000000 1.1578729 1.0000000
1.0400537 1.0000000 1.1141691 1.0000000
1.0403899 1.0000000 0.8964637 1.0000000
1.0424298 1.0000000 1.0600188 1.0000000
1.0425688 1.0000000 1.0580044 1.0000000
1.0427480 1.0000000 1.1020790 1.0000000
1.0437773 1.0000000 0.9779630 1.0000000
1.0437824 1.0000000 1.0572628 1.0000000
1.0439648 1.0000000 0.8968751 1.0000000
1.0442172 1.0000000 1.0241426 1.0000000
1.0444297 1.0000000 1.0430716 1.0000000
1.0444775 1.0000000 0.9999675 1.0000000
1.0457844 1.0000000 1.0641996 1.0000000
1.0461629 1.0000000 1.0096250 1.0000000
1.0472131 1.0000000 1.0740566 1.0000000
1.0479417 1.0000000 1.0200143 1.0000000
1.0483300 1.0000000 1.1008390 1.0000000
1.0484859 1.0000000 1.0822352 1.0000000
1.0488722 1.0000000 1.1978262 1.0000000
1.0491091 1.0000000 0.8455185 1.0000000
1.0508793 1.0000000 1.1420013 1.0000000
1.0511163 1.0000000 0.9965445 1.0000000
1.0525670 1.0000000 0.9225323 1.0000000
1.0527670 1.0000000 0.9909192 1.0000000
1.0528316 1.0000000 1.3431999 1.0000000
1.0535557 1.0000000 1.0870120 1.0000000
1.0540184 1.0000000 1.0208471 1.0000000
1.0543039 1.0000000 1.1072548 1.0000000
1.0549890 1.0000000 0.9594218 1.0000000
1.0549956 1.0000000 0.9895250 1.0000000
1.0564879 1.0000000 1.0346106 1.0000000
1.0575661 1.0000000 0.8044046 1.0000000
1.0588562 1.0000000 1.0844388 1.0000000
1.0590791 1.0000000 1.1845788 1.0000000
1.0594682 1.0000000 0.9254017 1.0000000
1.0603405 1.0000000 0.8472364 1.0000000
1.0603741 1.0000000 1.0685842 1.0000000
1.0609062 1.0000000 0.8583754 1.0000000
1.0614654 1.0000000 0.8263853 1.0000000
1.0619957 1.0000000 1.0075318 1.0000000
1.0620343 1.0000000 1.0387199 1.0000000
1.0625357 1.0000000 0.8793720 1.0000000
1.0641628 1.0000000 1.1619605 1.0000000
1.0642464 1.0000000 1.0549548 1.0000000
1.0649497 1.0000000 1.1608723 1.0000000
1.0666432 1.0000000 0.9064862 1.0000000
1.0666852 1.0000000 1.0269700 1.0000000
1.0667623 1.0000000 1.1115889 1.0000000
1.0671113 1.0000000 0.9918628 1.0000000
1.0685870 1.0000000 1.0712131 1.0000000
1.0701167 1.0000000 1.0101833 1.0000000
1.0706636 1.0000000 0.9337414 1.0000000
1.0713529 1.0000000 1.1059356 1.0000000
1.0715203 1.0000000 1.0814200 1.0000000
1.0715509 1.0000000 0.9294220 1.0000000
1.0722011 1.0000000 0.9626022 1.0000000
1.0723594 1.0000000 0.8392597 1.0000000
1.0723905 1.0000000 1.0710978 1.0000000
1.0725227 1.0000000 1.0443208 1.0000000
1.0729192 1.0000000 1.0588617 1.0000000
1.0732947 1.0000000 0.8264943 1.0000000
1.0734918 1.0000000 0.8597497 1.0000000
1.0746913 1.0000000 0.9827610 1.0000000
1.0751456 1.0000000 1.1289377 1.0000000
1.0753206 1.0000000 0.9758608 1.0000000
1.0759811 1.0000000 1.1192010 1.0000000
1.0766949 1.0000000 0.9348259 1.0000000
1.0768416 1.0000000 0.9721512 1.0000000
1.0782213 1.0000000 1.0433710 1.0000000
1.0789318 1.0000000 1.0778416 1.0000000
1.0803325 1.0000000 1.1247465 1.0000000
1.0820195 1.0000000 0.9466931 1.0000000
1.0824722 1.0000000 1.0300664 1.0000000
1.0825217 1.0000000 1.1912338 1.0000000
1.0832150 1.0000000 1.0503784 1.0000000
1.0834469 1.0000000 0.9626440 1.0000000
1.0836233 1.0000000 0.9861571 1.0000000
1.0839763 1.0000000 0.9869600 1.0000000
1.0839896 1.0000000 1.0217277 1.0000000
1.0842303 1.0000000 1.1401126 1.0000000
1.0849227 1.0000000 1.0179412 1.0000000
1.0858865 1.0000000 0.9366734 1.0000000
1.0869291 1.0000000 0.8900745 1.0000000
1.0869519 1.0000000 0.9469793 1.0000000
1.0871698 1.0000000 1.0503665 1.0000000
1.0872405 1.0000000 1.0978081 1.0000000
1.0872699 1.0000000 0.9152173 1.0000000
1.0875611 1.0000000 1.0314996 1.0000000
1.0877894 1.0000000 1.0767840 1.0000000
1.0882588 1.0000000 1.1667128 1.0000000
1.0898173 1.0000000 1.0973306 1.0000000
1.0899351 1.0000000 1.0294493 1.0000000
1.0900914 1.0000000 1.1425284 1.0000000
1.0902271 1.0000000 1.0252171 1.0000000
1.0904291 1.0000000 1.3111299 1.0000000
1.0907626 1.0000000 0.9828132 1.0000000
1.0913731 1.0000000 1.0983208 1.0000000
1.0917301 1.0000000 1.2944320 1.0000000
1.0924890 1.0000000 1.1034217 1.0000000
1.0925605 1.0000000 1.0128732 1.0000000
1.0925970 1.0000000 0.9343048 1.0000000
1.0927327 1.0000000 1.0598913 1.0000000
1.0933233 1.0000000 1.1476699 1.0000000
1.0936217 1.0000000 1.0076091 1.0000000
1.0939468 1.0000000 1.0512432 1.0000000
1.0944459 1.0000000 0.9981454 1.0000000
1.0949730 1.0000000 1.1154051 1.0000000
1.0951665 1.0000000 1.0257313 1.0000000
1.0952622 1.0000000 1.0167335 1.0000000
1.0957692 1.0000000 0.9794918 1.0000000
1.0971891 1.0000000 0.9698419 1.0000000
1.0974732 1.0000000 0.9403108 1.0000000
1.0975319 1.0000000 0.8940649 1.0000000
1.0984319 1.0000000 0.8413422 1.0000000
1.0987863 1.0000000 0.9221654 1.0000000
1.0992714 1.0000000 1.0457190 1.0000000
1.0996263 1.0000000 1.0098208 1.0000000
1.0996671 1.0000000 0.8911125 1.0000000
1.0997271 1.0000000 0.9856586 1.0000000
1.1002739 1.0000000 0.7511339 1.0000000
1.1005327 1.0000000 0.8756713 1.0000000
1.1018844 1.0000000 0.9286745 1.0000000
1.1026632 1.0000000 1.0337894 1.0000000
1.1035020 1.0000000 1.0338898 1.0000000
1.1044811 1.0000000 1.0781115 1.0000000
1.1060463 1.0000000 1.1363796 1.0000000
1.1067731 1.0000000 0.8845585 1.0000000
1.1067779 1.0000000 1.0165304 1.0000000
1.1071973 1.0000000 1.1083382 1.0000000
1.1076188 1.0000000 0.9294656 1.0000000
1.1085855 1.0000000 0.9563711 1.0000000
1.1087719 1.0000000 1.0203431 1.0000000
1.1094318 1.0000000 0.8488663 1.0000000
1.1096921 1.0000000 1.0432609 1.0000000
1.1121584 1.0000000 1.0288041 1.0000000
1.1125720 1.0000000 1.0682906 1.0000000
1.1132745 1.0000000 0.7594749 1.0000000
1.1148832 1.0000000 0.9865210 1.0000000
1.1150608 1.0000000 1.0354462 1.0000000
1.1151231 1.0000000 0.9934114 1.0000000
1.1153845 1.0000000 0.9981252 1.0000000
1.1166230 1.0000000 1.2196585 1.0000000
1.1166958 1.0000000 0.9670519 1.0000000
1.1169092 1.0000000 1.0538783 1.0000000
1.1183926 1.0000000 0.8919396 1.0000000
1.1186596 1.0000000 1.0099635 1.0000000
1.1193422 1.0000000 1.0369595 1.0000000
1.1197653 1.0000000 1.0688961 1.0000000
1.1201274 1.0000000 1.2247531 1.0000000
1.1207128 1.0000000 0.8963587 1.0000000
1.1207991 1.0000000 1.0755259 1.0000000
1.1212425 1.0000000 1.0422676 1.0000000
1.1217132 1.0000000 1.0205956 1.0000000
1.1217815 1.0000000 1.1858526 1.0000000
1.1221432 1.0000000 1.1134060 1.0000000
1.1228955 1.0000000 1.0375306 1.0000000
1.1229244 1.0000000 0.9269234 1.0000000
1.1229884 1.0000000 0.6760796 1.0000000
1.1232121 1.0000000 0.9371621 1.0000000
1.1232907 1.0000000 1.1052446 1.0000000
1.1264150 1.0000000 0.9898109 1.0000000
1.1266547 1.0000000 1.1484562 1.0000000
1.1274586 1.0000000 1.0510847 1.0000000
1.1277604 1.0000000 0.7414205 1.0000000
1.1285515 1.0000000 1.2680083 1.0000000
1.1295748 1.0000000 1.0198602 1.0000000
1.1297786 1.0000000 1.0913911 1.0000000
1.1306121 1.0000000 0.8467411 1.0000000
1.1307183 1.0000000 0.9477753 1.0000000
1.1312408 1.0000000 0.9633778 1.0000000
1.1312472 1.0000000 1.0478887 1.0000000
1.1316552 1.0000000 0.9522721 1.0000000
1.1316555 1.0000000 0.9330162 1.0000000
1.1323844 1.0000000 1.0453525 1.0000000
1.1324793 1.0000000 0.9925357 1.0000000
1.1325966 1.0000000 0.8759734 1.0000000
1.1327167 1.0000000 0.9987562 1.0000000
1.1327769 1.0000000 0.9213509 1.0000000
1.1337514 1.0000000 1.0855106 1.0000000
1.1337805 1.0000000 0.9465880 1.0000000
1.1339127 1.0000000 1.0530174 1.0000000
1.1340796 1.0000000 0.9681176 1.0000000
1.1356971 1.0000000 0.8891920 1.0000000
1.1357324 1.0000000 0.9401928 1.0000000
1.1363436 1.0000000 1.1108781 1.0000000
1.1363936 1.0000000 0.9710803 1.0000000
1.1371051 1.0000000 1.0669817 1.0000000
1.1373877 1.0000000 0.9381367 1.0000000
1.1376514 1.0000000 1.0431038 1.0000000
1.1393022 1.0000000 0.8744061 1.0000000
1.1397113 1.0000000 0.9676906 1.0000000
1.1397436 1.0000000 1.0267594 1.0000000
1.1398355 1.0000000 1.0461954 1.0000000
1.1398941 1.0000000 0.9439375 1.0000000
1.1399071 1.0000000 1.0447017 1.0000000
1.1406977 1.0000000 0.9750474 1.0000000
1.1407314 1.0000000 1.1619027 1.0000000
1.1410147 1.0000000 1.0473005 1.0000000
1.1418802 1.0000000 1.0898859 1.0000000
1.1424484 1.0000000 1.1014540 1.0000000
1.1424886 1.0000000 0.8734960 1.0000000
1.1425764 1.0000000 0.9935660 1.0000000
1.1430177 1.0000000 0.9269366 1.0000000
1.1433311 1.0000000 0.9196763 1.0000000
1.1439330 1.0000000 1.1527964 1.0000000
1.1444642 1.0000000 1.0689663 1.0000000
1.1445162 1.0000000 1.0273064 1.0000000
1.1446209 1.0000000 0.9413691 1.0000000
1.1462277 1.0000000 0.8476485 1.0000000
1.1465864 1.0000000 0.9049380 1.0000000
1.1472811 1.0000000 1.0131333 1.0000000
1.1489619 1.0000000 1.0594830 1.0000000
1.1510364 1.0000000 0.8384951 1.0000000
1.1513261 1.0000000 1.0611187 1.0000000
1.1521461 1.0000000 1.0624856 1.0000000
1.1524288 1.0000000 1.1347890 1.0000000
1.1526446 1.0000000 0.9418397 1.0000000
1.1531875 1.0000000 1.0097448 1.0000000
1.1537988 1.0000000 1.1322459 1.0000000
1.1543456 1.0000000 0.9292870 1.0000000
1.1551724 1.0000000 0.9557490 1.0000000
1.1553282 1.0000000 1.1364015 1.0000000
1.1554945 1.0000000 0.8894505 1.0000000
1.1563057 1.0000000 0.9831457 1.0000000
1.1566705 1.0000000 0.9745753 1.0000000
1.1570558 1.0000000 1.1456478 1.0000000
1.1576096 1.0000000 0.7647267 1.0000000
1.1580045 1.0000000 1.0070974 1.0000000
1.1583200 1.0000000 0.8284915 1.0000000
1.1583689 1.0000000 1.0468856 1.0000000
1.1585725 1.0000000 0.9741319 1.0000000
1.1589562 1.0000000 1.0199923 1.0000000
1.1590399 1.0000000 0.9721521 1.0000000
1.1594158 1.0000000 0.9297776 1.0000000
1.1595215 1.0000000 0.8627683 1.0000000
1.1598192 1.0000000 0.8018510 1.0000000
1.1598504 1.0000000 1.0094574 1.0000000
1.1600878 1.0000000 0.8829937 1.0000000
1.1603977 1.0000000 0.8805618 1.0000000
1.1607280 1.0000000 0.8809693 1.0000000
1.1608029 1.0000000 0.8393789 1.0000000
1.1609680 1.0000000 1.0543157 1.0000000
1.1612295 1.0000000 1.0665063 1.0000000
1.1616192 1.0000000 1.1177853 1.0000000
1.1622565 1.0000000 1.2027561 1.0000000
1.1624050 1.0000000 1.0677951 1.0000000
1.1637078 1.0000000 0.8599387 1.0000000
1.1641111 1.0000000 0.9490404 1.0000000
1.1642208 1.0000000 0.9263075 1.0000000
1.1650518 1.0000000 1.1093889 1.0000000
1.1660627 1.0000000 0.7466559 1.0000000
1.1675601 1.0000000 0.8559749 1.0000000
1.1678822 1.0000000 0.8796154 1.0000000
1.1681450 1.0000000 1.2247361 1.0000000
1.1683239 1.0000000 1.1573038 1.0000000
1.1696873 1.0000000 0.9251851 1.0000000
1.1699214 1.0000000 0.8016272 1.0000000
1.1704159 1.0000000 0.9820498 1.0000000
1.1710592 1.0000000 1.0548633 1.0000000
1.1723540 1.0000000 0.9323885 1.0000000
1.1723627 1.0000000 0.8264682 1.0000000
1.1743278 1.0000000 0.8791664 1.0000000
1.1758796 1.0000000 0.9216056 1.0000000
1.1760637 1.0000000 0.9419039 1.0000000
1.1760889 1.0000000 0.7811023 1.0000000
1.1762800 1.0000000 0.9280048 1.0000000
1.1763123 1.0000000 0.7482416 1.0000000
1.1768222 1.0000000 0.9429316 1.0000000
1.1778813 1.0000000 0.9135562 1.0000000
1.1779023 1.0000000 1.0022617 1.0000000
1.1784810 1.0000000 0.8966815 1.0000000
1.1796191 1.0000000 1.1025038 1.0000000
1.1796514 1.0000000 0.8670428 1.0000000
1.1799052 1.0000000 0.9939804 1.0000000
1.1802227 1.0000000 1.1212952 1.0000000
1.1806064 1.0000000 0.9945404 1.0000000
1.1806650 1.0000000 0.9630623 1.0000000
1.1814578 1.0000000 0.9431565 1.0000000
1.1822571 1.0000000 0.9681575 1.0000000
1.1822850 1.0000000 0.9668997 1.0000000
1.1833721 1.0000000 0.7643023 1.0000000
1.1838945 1.0000000 0.9420290 1.0000000
1.1841300 1.0000000 1.0754803 1.0000000
1.1845702 1.0000000 1.0281362 1.0000000
1.1850034 1.0000000 0.8916622 1.0000000
1.1852418 1.0000000 0.8794128 1.0000000
1.1856871 1.0000000 0.7843210 1.0000000
1.1857515 1.0000000 1.1071273 1.0000000
1.1862213 1.0000000 0.9957740 1.0000000
1.1877078 1.0000000 0.7576738 1.0000000
1.1882559 1.0000000 1.1542154 1.0000000
1.1883558 1.0000000 0.8554748 1.0000000
1.1890634 1.0000000 1.0311013 1.0000000
1.1891022 1.0000000 0.9544713 1.0000000
1.1892030 1.0000000 1.0729631 1.0000000
1.1892666 1.0000000 1.0780447 1.0000000
1.1896532 1.0000000 0.9021266 1.0000000
1.1899937 1.0000000 0.8919002 1.0000000
1.1904428 1.0000000 1.0024618 1.0000000
1.1905933 1.0000000 0.8239499 1.0000000
1.1908656 1.0000000 1.1044799 1.0000000
1.1909598 1.0000000 0.7910353 1.0000000
1.1924608 1.0000000 0.9713478 1.0000000
1.1924709 1.0000000 0.9178907 1.0000000
1.1931104 1.0000000 0.9650082 1.0000000
1.1941695 1.0000000 0.9735905 1.0000000
1.1942979 1.0000000 1.0344313 1.0000000
1.1945295 1.0000000 0.9535272 1.0000000
1.1945766 1.0000000 0.7091760 1.0000000
1.1948344 1.0000000 1.0540131 1.0000000
1.1954156 1.0000000 0.9620856 1.0000000
1.1954446 1.0000000 1.0145858 1.0000000
1.1955863 1.0000000 0.9460243 1.0000000
1.1959200 1.0000000 1.0347355 1.0000000
1.1963970 1.0000000 0.9962183 1.0000000
1.1968484 1.0000000 1.0199481 1.0000000
1.1984921 1.0000000 1.2541952 1.0000000
1.1989722 1.0000000 0.9602560 1.0000000
1.1992906 1.0000000 1.0528892 1.0000000
1.1993103 1.0000000 0.9817278 1.0000000
1.1993245 1.0000000 1.0471490 1.0000000
1.2003175 1.0000000 1.1421749 1.0000000
1.2003611 1.0000000 0.9947740 1.0000000
1.2007711 1.0000000 0.9919789 1.0000000
1.2011554 1.0000000 0.9466539 1.0000000
1.2014169 1.0000000 0.7654532 1.0000000
1.2017229 1.0000000 1.0290288 1.0000000
1.2017607 1.0000000 1.2027929 1.0000000
1.2031679 1.0000000 0.7706511 1.0000000
1.2042707 1.0000000 0.9721596 1.0000000
1.2046134 1.0000000 0.8591241 1.0000000
1.2049498 1.0000000 0.8803979 1.0000000
1.2052746 1.0000000 0.8385639 1.0000000
1.2065888 1.0000000 0.9955843 1.0000000
1.2066749 1.0000000 0.8585280 1.0000000
1.2069309 1.0000000 0.9546583 1.0000000
1.2072813 1.0000000 0.9936780 1.0000000
1.2074189 1.0000000 1.0933471 1.0000000
1.2079040 1.0000000 0.8275949 1.0000000
1.2087451 1.0000000 0.8691980 1.0000000
1.2108753 1.0000000 0.8748897 1.0000000
1.2111329 1.0000000 0.8557380 1.0000000
1.2127943 1.0000000 1.0003599 1.0000000
1.2140316 1.0000000 1.1280270 1.0000000
1.2149444 1.0000000 0.9678908 1.0000000
1.2150044 1.0000000 0.9168445 1.0000000
1.2157774 1.0000000 0.7953430 1.0000000
1.2158184 1.0000000 0.9343321 1.0000000
1.2160151 1.0000000 0.7867240 1.0000000
1.2171589 1.0000000 0.7539426 1.0000000
1.2171932 1.0000000 0.9847132 1.0000000
1.2183766 1.0000000 1.0976933 1.0000000
1.2188560 1.0000000 0.8335947 1.0000000
1.2194215 1.0000000 1.0266107 1.0000000
1.2197422 1.0000000 1.1358910 1.0000000
1.2202062 1.0000000 1.0421339 1.0000000
1.2208303 1.0000000 1.1036840 1.0000000
1.2218353 1.0000000 0.8701637 1.0000000
1.2221939 1.0000000 0.7105400 1.0000000
1.2222851 1.0000000 0.8721048 1.0000000
1.2229282 1.0000000 1.0031442 1.0000000
1.2231185 1.0000000 1.0852799 1.0000000
1.2233028 1.0000000 0.9920803 1.0000000
1.2236586 1.0000000 0.9108430 1.0000000
1.2238814 1.0000000 0.9142360 1.0000000
1.2244408 1.0000000 1.0228110 1.0000000
1.2248134 1.0000000 0.8443948 1.0000000
1.2250470 1.0000000 1.0653020 1.0000000
1.2252444 1.0000000 1.1435543 1.0000000
1.2261060 1.0000000 1.0450360 1.0000000
1.2262596 1.0000000 0.9202744 1.0000000
1.2267721 1.0000000 0.9796837 1.0000000
1.2269498 1.0000000 1.0648219 1.0000000
1.2269831 1.0000000 1.0929574 1.0000000
1.2271094 1.0000000 1.0328043 1.0000000
1.2274002 1.0000000 1.1407802 1.0000000
1.2275825 1.0000000 1.0235275 1.0000000
1.2287266 1.0000000 0.9931164 1.0000000
1.2287847 1.0000000 0.8143907 1.0000000
1.2291852 1.0000000 0.9178418 1.0000000
1.2294174 1.0000000 1.0161947 1.0000000
1.2294812 1.0000000 0.9529168 1.0000000
1.2299615 1.0000000 0.9322925 1.0000000
1.2302785 1.0000000 0.9461924 1.0000000
1.2304476 1.0000000 0.9364844 1.0000000
1.2309291 1.0000000 0.8080087 1.0000000
1.2311178 1.0000000 0.7499342 1.0000000
1.2317369 1.0000000 1.1249843 1.0000000
1.2320357 1.0000000 0.8107127 1.0000000
1.2322114 1.0000000 0.8909296 1.0000000
1.2322253 1.0000000 0.7055614 1.0000000
1.2330438 1.0000000 0.8113462 1.0000000
1.2338004 1.0000000 0.9044315 1.0000000
1.2341030 1.0000000 0.9494686 1.0000000
1.2347012 1.0000000 0.8653108 1.0000000
1.2347537 1.0000000 0.8032595 1.0000000
1.2350473 1.0000000 1.0792023 1.0000000
1.2354765 1.0000000 0.9395167 1.0000000
1.2355394 1.0000000 0.6552152 1.0000000
1.2372495 1.0000000 0.9439360 1.0000000
1.2372920 1.0000000 1.0496302 1.0000000
1.2389871 1.0000000 0.8483745 1.0000000
1.2396642 1.0000000 0.9699094 1.0000000
1.2403046 1.0000000 0.9191312 1.0000000
1.2403686 1.0000000 0.8161027 1.0000000
1.2432323 1.0000000 1.1015977 1.0000000
1.2444915 1.0000000 1.0452515 1.0000000
1.2450181 1.0000000 0.8244803 1.0000000
1.2453777 1.0000000 1.1717060 1.0000000
1.2455848 1.0000000 1.0588183 1.0000000
1.2457013 1.0000000 1.0565776 1.0000000
1.2459136 1.0000000 0.7884384 1.0000000
1.2467399 1.0000000 0.9802348 1.0000000
1.2479053 1.0000000 0.9158644 1.0000000
1.2483003 1.0000000 0.9968484 1.0000000
1.2487763 1.0000000 0.8967833 1.0000000
1.2490851 1.0000000 0.8904995 1.0000000
1.2492242 1.0000000 0.9537266 1.0000000
1.2497590 1.0000000 0.8799367 1.0000000
1.2499001 1.0000000 0.6260612 1.0000000
1.2499196 1.0000000 0.8559023 1.0000000
1.2506359 1.0000000 0.8202539 1.0000000
1.2507005 1.0000000 0.8869562 1.0000000
1.2508495 1.0000000 1.0821950 1.0000000
1.2511753 1.0000000 0.9514540 1.0000000
1.2516238 1.0000000 0.9212343 1.0000000
1.2516706 1.0000000 0.8887539 1.0000000
1.2538025 1.0000000 1.1715552 1.0000000
1.2542232 1.0000000 0.8703575 1.0000000
1.2545908 1.0000000 0.7915269 1.0000000
1.2551136 1.0000000 0.9353812 1.0000000
1.2560838 1.0000000 0.8029682 1.0000000
1.2563967 1.0000000 0.8740992 1.0000000
1.2571854 1.0000000 0.7786188 1.0000000
1.2581887 1.0000000 0.8662511 1.0000000
1.2593416 1.0000000 0.9719770 1.0000000
1.2598537 1.0000000 0.9038438 1.0000000
1.2602826 1.0000000 0.9958619 1.0000000
1.2603915 1.0000000 0.8546039 1.0000000
1.2607382 1.0000000 1.0359646 1.0000000
1.2610980 1.0000000 0.9955673 1.0000000
1.2611878 1.0000000 0.9286815 1.0000000
1.2615202 1.0000000 0.6372778 1.0000000
1.2619010 1.0000000 0.9239468 1.0000000
1.2620792 1.0000000 0.7637837 1.0000000
1.2623825 1.0000000 0.8899925 1.0000000
1.2628082 1.0000000 0.9579831 1.0000000
1.2628574 1.0000000 0.8613693 1.0000000
1.2638281 1.0000000 0.8982161 1.0000000
1.2648504 1.0000000 0.8530682 1.0000000
1.2651078 1.0000000 0.8923271 1.0000000
1.2652510 1.0000000 0.9231868 1.0000000
1.2681134 1.0000000 1.0943961 1.0000000
1.2711587 1.0000000 0.8035147 1.0000000
1.2712959 1.0000000 1.0598099 1.0000000
1.2720076 1.0000000 0.7790012 1.0000000
1.2724774 1.0000000 0.7654819 1.0000000
1.2728358 1.0000000 1.1634961 1.0000000
1.2739436 1.0000000 0.7762093 1.0000000
1.2743789 1.0000000 0.9704323 1.0000000
1.2744599 1.0000000 0.8675978 1.0000000
1.2749587 1.0000000 1.0638185 1.0000000
1.2750653 1.0000000 0.9507524 1.0000000
1.2756153 1.0000000 1.0050838 1.0000000
1.2759662 1.0000000 0.7874271 1.0000000
1.2766787 1.0000000 0.6269520 1.0000000
1.2776627 1.0000000 0.9279060 1.0000000
1.2777694 1.0000000 1.0795703 1.0000000
1.2787058 1.0000000 0.9400620 1.0000000
1.2795150 1.0000000 0.8924319 1.0000000
1.2797664 1.0000000 0.8778124 1.0000000
1.2800214 1.0000000 1.0826560 1.0000000
1.2812058 1.0000000 1.1441998 1.0000000
1.2816301 1.0000000 0.7913848 1.0000000
1.2820034 1.0000000 0.8970669 1.0000000
1.2820826 1.0000000 0.9404499 1.0000000
1.2821074 1.0000000 0.7901036 1.0000000
1.2823611 1.0000000 0.7589620 1.0000000
1.2831566 1.0000000 1.0792436 1.0000000
1.2832526 1.0000000 1.0265266 1.0000000
1.2837249 1.0000000 1.0350398 1.0000000
1.2840463 1.0000000 0.8645527 1.0000000
1.2842384 1.0000000 0.9004996 1.0000000
1.2843577 1.0000000 1.0103028 1.0000000
1.2846815 1.0000000 1.0484985 1.0000000
1.2862404 1.0000000 0.9195933 1.0000000
1.2863703 1.0000000 1.0379363 1.0000000
1.2870151 1.0000000 0.9655437 1.0000000
1.2870482 1.0000000 0.9196816 1.0000000
1.2877247 1.0000000 0.9874486 1.0000000
1.2877263 1.0000000 1.0674862 1.0000000
1.2879349 1.0000000 0.7844549 1.0000000
1.2881077 1.0000000 0.8280481 1.0000000
1.2881079 1.0000000 1.0071587 1.0000000
1.2887056 1.0000000 0.9573377 1.0000000
1.2888325 1.0000000 1.0700031 1.0000000
1.2890917 1.0000000 0.7993406 1.0000000
1.2892603 1.0000000 0.8719786 1.0000000
1.2893421 1.0000000 0.9602149 1.0000000
1.2893453 1.0000000 0.8722569 1.0000000
1.2895584 1.0000000 0.8268169 1.0000000
1.2897126 1.0000000 1.0450989 1.0000000
1.2897829 1.0000000 0.9734106 1.0000000
1.2897880 1.0000000 0.7585329 1.0000000
1.2907013 1.0000000 1.2383996 1.0000000
1.2914394 1.0000000 0.6553147 1.0000000
1.2915914 1.0000000 0.6886285 1.0000000
1.2918529 1.0000000 0.7609105 1.0000000
1.2923291 1.0000000 0.7574627 1.0000000
1.2929874 1.0000000 1.0503530 1.0000000
1.2938089 1.0000000 1.1096448 1.0000000
1.2943621 1.0000000 0.6428134 1.0000000
1.2943850 1.0000000 1.1157897 1.0000000
1.2949998 1.0000000 0.7568117 1.0000000
1.2953464 1.0000000 0.6939372 1.0000000
1.2956591 1.0000000 0.7438888 1.0000000
1.2959455 1.0000000 1.0181516 1.0000000
1.2963645 1.0000000 0.9786579 1.0000000
1.2969715 1.0000000 1.0109172 1.0000000
1.2972700 1.0000000 1.1200483 1.0000000
1.2977076 1.0000000 1.1318341 1.0000000
1.2983612 1.0000000 1.0555935 1.0000000
1.2985558 1.0000000 0.7608808 1.0000000
1.2990079 1.0000000 0.8869515 1.0000000
1.2991867 1.0000000 0.7697116 1.0000000
1.2993048 1.0000000 0.7852446 1.0000000
1.2995042 1.0000000 0.9622106 1.0000000
1.2999975 1.0000000 0.6924947 1.0000000
1.3004049 1.0000000 0.5495167 1.0000000
1.3004334 1.0000000 1.0510522 1.0000000
1.3007304 1.0000000 1.1295568 1.0000000
1.3009418 1.0000000 0.7786837 1.0000000
1.3011105 1.0000000 0.9250259 1.0000000
1.3013385 1.0000000 1.0171837 1.0000000
1.3013998 1.0000000 1.1026354 1.0000000
1.3016547 1.0000000 0.7479936 1.0000000
1.3017750 1.0000000 1.0319456 1.0000000
1.3027710 1.0000000 0.9870556 1.0000000
1.3029577 1.0000000 0.7913189 1.0000000
1.3030157 1.0000000 0.9322059 1.0000000
1.3036761 1.0000000 0.8649797 1.0000000
1.3039391 1.0000000 0.8408486 1.0000000
1.3039900 1.0000000 0.7260525 1.0000000
1.3044121 1.0000000 1.0556177 1.0000000
1.3057893 1.0000000 1.1072840 1.0000000
1.3069650 1.0000000 1.0178460 1.0000000
1.3070655 1.0000000 0.8269431 1.0000000
1.3079558 1.0000000 1.0041074 1.0000000
1.3083176 1.0000000 0.6590118 1.0000000
1.3083207 1.0000000 0.7959351 1.0000000
1.3084455 1.0000000 0.9842117 1.0000000
1.3091284 1.0000000 0.9457763 1.0000000
1.3092107 1.0000000 0.8404561 1.0000000
1.3092673 1.0000000 0.8891092 1.0000000
1.3093324 1.0000000 0.9677813 1.0000000
1.3093996 1.0000000 0.9353823 1.0000000
1.3121601 1.0000000 0.6981309 1.0000000
1.3129118 1.0000000 0.8460048 1.0000000
1.3129285 1.0000000 1.0689950 1.0000000
1.3132349 1.0000000 0.8966000 1.0000000
1.3133170 1.0000000 0.6642110 1.0000000
1.3135934 1.0000000 0.8448394 1.0000000
1.3141862 1.0000000 0.7830279 1.0000000
1.3145931 1.0000000 0.9567920 1.0000000
1.3153896 1.0000000 0.8301486 1.0000000
1.3156624 1.0000000 0.9719760 1.0000000
1.3160229 1.0000000 0.9829435 1.0000000
1.3160692 1.0000000 0.8548788 1.0000000
1.3171978 1.0000000 0.8225380 1.0000000
1.3173737 1.0000000 0.7698577 1.0000000
1.3174297 1.0000000 0.9310802 1.0000000
1.3175548 1.0000000 1.0608623 1.0000000
1.3176967 1.0000000 0.6515017 1.0000000
1.3178531 1.0000000 1.0538824 1.0000000
1.3188801 1.0000000 0.8870741 1.0000000
1.3191655 1.0000000 1.0226733 1.0000000
1.3192806 1.0000000 0.7036589 1.0000000
1.3194296 1.0000000 1.1592901 1.0000000
1.3198263 1.0000000 1.0369464 1.0000000
1.3208702 1.0000000 1.2020166 1.0000000
1.3213922 1.0000000 0.8215167 1.0000000
1.3215818 1.0000000 0.6636417 1.0000000
1.3216057 1.0000000 0.7882246 1.0000000
1.3218778 1.0000000 0.5917093 1.0000000
1.3219932 1.0000000 0.8053317 1.0000000
1.3227495 1.0000000 0.8142606 1.0000000
1.3228336 1.0000000 0.8379410 1.0000000
1.3231635 1.0000000 0.7278660 1.0000000
1.3234644 1.0000000 0.9595342 1.0000000
1.3234720 1.0000000 0.9106985 1.0000000
1.3238636 1.0000000 0.7630518 1.0000000
1.3239994 1.0000000 0.9957541 1.0000000
1.3240541 1.0000000 0.6787253 1.0000000
1.3262908 1.0000000 0.7210964 1.0000000
1.3264065 1.0000000 0.8148928 1.0000000
1.3265039 1.0000000 0.9732617 1.0000000
1.3273492 1.0000000 0.7505918 1.0000000
1.3279390 1.0000000 0.9434347 1.0000000
1.3285916 1.0000000 0.8961080 1.0000000
1.3294162 1.0000000 0.7099357 1.0000000
1.3301364 1.0000000 0.7494162 1.0000000
1.3305860 1.0000000 1.0638492 1.0000000
1.3311362 1.0000000 1.1891163 1.0000000
1.3312042 1.0000000 0.9251954 1.0000000
1.3323595 1.0000000 0.9166758 1.0000000
1.3326293 1.0000000 0.8447190 1.0000000
1.3331295 1.0000000 0.8894167 1.0000000
1.3331548 1.0000000 0.9405907 1.0000000
1.3337892 1.0000000 0.8090428 1.0000000
1.3338643 1.0000000 1.0860501 1.0000000
1.3341248 1.0000000 0.7319156 1.0000000
1.3342468 1.0000000 0.8591802 1.0000000
1.3344087 1.0000000 0.9257362 1.0000000
1.3349612 1.0000000 1.0380040 1.0000000
1.3350835 1.0000000 0.6914144 1.0000000
1.3354183 1.0000000 1.0884406 1.0000000
1.3356079 1.0000000 0.8860305 1.0000000
1.3359944 1.0000000 0.8967334 1.0000000
1.3366954 1.0000000 0.8595125 1.0000000
1.3379182 1.0000000 0.9358723 1.0000000
1.3386719 1.0000000 0.7273222 1.0000000
1.3388085 1.0000000 1.0504060 1.0000000
1.3396590 1.0000000 1.0108832 1.0000000
1.3399414 1.0000000 1.0345665 1.0000000
1.3399612 1.0000000 1.1132771 1.0000000
1.3400197 1.0000000 0.6930145 1.0000000
1.3400262 1.0000000 0.9762790 1.0000000
1.3401283 1.0000000 1.1341891 1.0000000
1.3412267 1.0000000 0.7911376 1.0000000
1.3419920 1.0000000 0.6430180 1.0000000
1.3426008 1.0000000 0.8466519 1.0000000
1.3432998 1.0000000 0.7322600 1.0000000
1.3439130 1.0000000 0.7609304 1.0000000
1.3446920 1.0000000 0.6336848 1.0000000
1.3457530 1.0000000 1.1206016 1.0000000
1.3461566 1.0000000 0.7878698 1.0000000
1.3463292 1.0000000 0.8664671 1.0000000
1.3467249 1.0000000 0.8989573 1.0000000
1.3472211 1.0000000 0.7676249 1.0000000
1.3480599 1.0000000 0.7242405 1.0000000
1.3487604 1.0000000 1.0358118 1.0000000
1.3492495 1.0000000 0.9451351 1.0000000
1.3503870 1.0000000 0.5634730 1.0000000
1.3508699 1.0000000 0.8610683 1.0000000
1.3517066 1.0000000 0.8764581 1.0000000
1.3518927 1.0000000 0.7440674 1.0000000
1.3522655 1.0000000 1.0395990 1.0000000
1.3524813 1.0000000 1.0773809 1.0000000
1.3538399 1.0000000 0.8222634 1.0000000
1.3551023 1.0000000 0.7812337 1.0000000
1.3559950 1.0000000 0.9847219 1.0000000
1.3561234 1.0000000 1.0252183 1.0000000
1.3572314 1.0000000 0.8154829 1.0000000
1.3576872 1.0000000 0.6467011 1.0000000
1.3585133 1.0000000 0.9113028 1.0000000
1.3590195 1.0000000 0.8807824 1.0000000
1.3602192 1.0000000 0.9353249 1.0000000
1.3610342 1.0000000 0.8246362 1.0000000
1.3610456 1.0000000 1.0205483 1.0000000
1.3610495 1.0000000 1.0439912 1.0000000
1.3611711 1.0000000 0.8921255 1.0000000
1.3613020 1.0000000 1.1266530 1.0000000
1.3618106 1.0000000 0.7167710 1.0000000
1.3623771 1.0000000 0.9709646 1.0000000
1.3624444 1.0000000 0.8189304 1.0000000
1.3624795 1.0000000 0.7000070 1.0000000
1.3630081 1.0000000 0.9364861 1.0000000
1.3632143 1.0000000 1.0157894 1.0000000
1.3632555 1.0000000 0.9423097 1.0000000
1.3636071 1.0000000 0.8244985 1.0000000
1.3636493 1.0000000 0.8926230 1.0000000
1.3645956 1.0000000 0.8651338 1.0000000
1.3652236 1.0000000 0.5511265 1.0000000
1.3656044 1.0000000 0.9745363 1.0000000
1.3663901 1.0000000 0.8219653 1.0000000
1.3669596 1.0000000 1.0339416 1.0000000
1.3670424 1.0000000 0.9046876 1.0000000
1.3682494 1.0000000 0.7521703 1.0000000
1.3684910 1.0000000 0.6649358 1.0000000
1.3688368 1.0000000 1.0164933 1.0000000
1.3702303 1.0000000 0.9842896 1.0000000
1.3713209 1.0000000 0.9548013 1.0000000
1.3718106 1.0000000 1.0881224 1.0000000
1.3719420 1.0000000 1.0313777 1.0000000
1.3720145 1.0000000 0.9216175 1.0000000
1.3730292 1.0000000 0.9435755 1.0000000
1.3733297 1.0000000 1.1387653 1.0000000
1.3738313 1.0000000 1.1579350 1.0000000
1.3749205 1.0000000 1.0951087 1.0000000
1.3749918 1.0000000 0.6003643 1.0000000
1.3753206 1.0000000 0.9052413 1.0000000
1.3760624 1.0000000 0.7731972 1.0000000
1.3770567 1.0000000 0.7300626 1.0000000
1.3775208 1.0000000 0.9775317 1.0000000
1.3778298 1.0000000 0.5133274 1.0000000
1.3779601 1.0000000 1.0926336 1.0000000
1.3781254 1.0000000 0.8067319 1.0000000
1.3783097 1.0000000 0.9278213 1.0000000
1.3788678 1.0000000 0.9180479 1.0000000
1.3793922 1.0000000 0.7716338 1.0000000
1.3800310 1.0000000 0.9636798 1.0000000
1.3804660 1.0000000 1.1019840 1.0000000
1.3807208 1.0000000 0.8473355 1.0000000
1.3812755 1.0000000 0.7310784 1.0000000
1.3824074 1.0000000 0.7206273 1.0000000
1.3825947 1.0000000 0.7266407 1.0000000
1.3835207 1.0000000 0.8920911 1.0000000
1.3838893 1.0000000 0.7456623 1.0000000
1.3841470 1.0000000 0.5600003 1.0000000
1.3842553 1.0000000 0.9740171 1.0000000
1.3857533 1.0000000 0.7868157 1.0000000
1.3857793 1.0000000 0.8826061 1.0000000
1.3863038 1.0000000 0.6417866 1.0000000
1.3863807 1.0000000 1.1023626 1.0000000
1.3880063 1.0000000 1.0384656 1.0000000
1.3880581 1.0000000 0.6530250 1.0000000
1.3886317 1.0000000 0.8418379 1.0000000
1.3897835 1.0000000 1.0932244 1.0000000
1.3899836 1.0000000 1.0137989 1.0000000
1.3901404 1.0000000 0.6410401 1.0000000
1.3913259 1.0000000 0.6481751 1.0000000
1.3929558 1.0000000 0.7925214 1.0000000
1.3932989 1.0000000 0.9634019 1.0000000
1.3939850 1.0000000 0.6313681 1.0000000
1.3939862 1.0000000 0.7739679 1.0000000
1.3942716 1.0000000 0.7599310 1.0000000
1.3944825 1.0000000 0.9065650 1.0000000
1.3950206 1.0000000 1.0318042 1.0000000
1.3954788 1.0000000 0.6761823 1.0000000
1.3971028 1.0000000 0.8651719 1.0000000
1.3978992 1.0000000 0.9886202 1.0000000
1.3980349 1.0000000 0.7532420 1.0000000
1.3982443 1.0000000 0.8805603 1.0000000
1.3988704 1.0000000 0.8299942 1.0000000
1.3990404 1.0000000 0.9496652 1.0000000
1.3996796 1.0000000 0.7213890 1.0000000
1.3999185 1.0000000 0.8832351 1.0000000
1.4001054 1.0000000 0.8623795 1.0000000
1.4001841 1.0000000 0.6652607 1.0000000
1.4005185 1.0000000 0.8375577 1.0000000
1.4005687 1.0000000 0.5924951 1.0000000
1.4013808 1.0000000 0.8163917 1.0000000
1.4016838 1.0000000 0.8246552 1.0000000
1.4021749 1.0000000 0.9223607 1.0000000
1.4023337 1.0000000 0.8944108 1.0000000
1.4027583 1.0000000 0.7775026 1.0000000
1.4044519 1.0000000 0.5799123 1.0000000
1.4045470 1.0000000 0.8220029 1.0000000
1.4053608 1.0000000 0.5995644 1.0000000
1.4058301 1.0000000 0.9097310 1.0000000
1.4065220 1.0000000 1.0135363 1.0000000
1.4065249 1.0000000 0.6015225 1.0000000
1.4069559 1.0000000 1.0587335 1.0000000
1.4073213 1.0000000 0.6599754 1.0000000
1.4075461 1.0000000 1.1071351 1.0000000
1.4076468 1.0000000 0.7944050 1.0000000
1.4076824 1.0000000 0.9479280 1.0000000
1.4091461 1.0000000 0.8524196 1.0000000
1.4092705 1.0000000 0.7068973 1.0000000
1.4107163 1.0000000 0.9056147 1.0000000
1.4107963 1.0000000 0.7376487 1.0000000
1.4118238 1.0000000 0.9745255 1.0000000
1.4129523 1.0000000 0.6806911 1.0000000
1.4130399 1.0000000 0.8598121 1.0000000
1.4132650 1.0000000 0.9231700 1.0000000
1.4134562 1.0000000 0.8143204 1.0000000
1.4141316 1.0000000 0.9304760 1.0000000
1.4144053 1.0000000 0.7626135 1.0000000
1.4157954 1.0000000 0.7348113 1.0000000
1.4166642 1.0000000 0.8436427 1.0000000
1.4174878 1.0000000 1.0166457 1.0000000
1.4175737 1.0000000 1.0682319 1.0000000
1.4180108 1.0000000 0.5629559 1.0000000
1.4184841 1.0000000 0.7298008 1.0000000
1.4190527 1.0000000 1.0595324 1.0000000
1.4197897 1.0000000 0.8269805 1.0000000
1.4202638 1.0000000 0.8673377 1.0000000
1.4205750 1.0000000 0.6492600 1.0000000
1.4219946 1.0000000 0.6259734 1.0000000
1.4229177 1.0000000 0.8567982 1.0000000
1.4230044 1.0000000 0.6435870 1.0000000
1.4233985 1.0000000 0.8888670 1.0000000
1.4236986 1.0000000 0.8768971 1.0000000
1.4257422 1.0000000 0.7078552 1.0000000
1.4257672 1.0000000 0.9103204 1.0000000
1.4285427 1.0000000 0.7013579 1.0000000
1.4289006 1.0000000 0.9328446 1.0000000
1.4292581 1.0000000 0.6340877 1.0000000
1.4300788 1.0000000 0.7328466 1.0000000
1.4301612 1.0000000 0.9050115 1.0000000
1.4308112 1.0000000 0.6448598 1.0000000
1.4311334 1.0000000 0.7008458 1.0000000
1.4314261 1.0000000 0.9546953 1.0000000
1.4319577 1.0000000 0.8320962 1.0000000
1.4331987 1.0000000 0.6095818 1.0000000
1.4335770 1.0000000 0.8843782 1.0000000
1.4339315 1.0000000 0.5689175 1.0000000
1.4339856 1.0000000 0.7248824 1.0000000
1.4351520 1.0000000 0.9579801 1.0000000
1.4354100 1.0000000 0.9276905 1.0000000
1.4360079 1.0000000 0.8708099 1.0000000
1.4364882 1.0000000 0.7385813 1.0000000
1.4366620 1.0000000 0.5852602 1.0000000
1.4372531 1.0000000 0.8693299 1.0000000
1.4381486 1.0000000 0.6368843 1.0000000
1.4386440 1.0000000 0.7284393 1.0000000
1.4390079 1.0000000 0.7872475 1.0000000
1.4390437 1.0000000 0.5402153 1.0000000
1.4408641 1.0000000 1.1032627 1.0000000
1.4422401 1.0000000 0.8709831 1.0000000
1.4423317 1.0000000 1.0572502 1.0000000
1.4428701 1.0000000 0.8220887 1.0000000
1.4432291 1.0000000 0.5955294 1.0000000
1.4435482 1.0000000 0.7506457 1.0000000
1.4438127 1.0000000 1.1040777 1.0000000
1.4439125 1.0000000 1.0320834 1.0000000
1.4441725 1.0000000 0.5391826 1.0000000
1.4442898 1.0000000 0.7172986 1.0000000
1.4444812 1.0000000 0.8747106 1.0000000
1.4462239 1.0000000 0.8187862 1.0000000
1.4462881 1.0000000 0.6156710 1.0000000
1.4473612 1.0000000 0.5695943 1.0000000
1.4484972 1.0000000 0.6078428 1.0000000
1.4488896 1.0000000 0.9713342 1.0000000
1.4489873 1.0000000 1.0066670 1.0000000
1.4492888 1.0000000 0.9353227 1.0000000
1.4501827 1.0000000 0.5205015 1.0000000
1.4506684 1.0000000 0.7281984 1.0000000
1.4507378 1.0000000 0.9629506 1.0000000
1.4508039 1.0000000 0.6757518 1.0000000
1.4515379 1.0000000 0.5582410 1.0000000
1.4516765 1.0000000 0.9099481 1.0000000
1.4527421 1.0000000 1.0321279 1.0000000
1.4536118 1.0000000 0.7567384 1.0000000
1.4539897 1.0000000 0.7370566 1.0000000
1.4543277 1.0000000 1.0869623 1.0000000
1.4549829 1.0000000 0.9689690 1.0000000
1.4550443 1.0000000 0.5684463 1.0000000
1.4556696 1.0000000 0.9393167 1.0000000
1.4564231 1.0000000 0.6546383 1.0000000
1.4564740 1.0000000 0.9677455 1.0000000
1.4565989 1.0000000 0.7183963 1.0000000
1.4581087 1.0000000 1.0574479 1.0000000
1.4585935 1.0000000 0.9203707 1.0000000
1.4588248 1.0000000 0.7470113 1.0000000
1.4589601 1.0000000 0.7383342 1.0000000
1.4590998 1.0000000 0.7345199 1.0000000
1.4594487 1.0000000 0.6475869 1.0000000
1.4599601 1.0000000 1.0188880 1.0000000
1.4604380 1.0000000 0.6127121 1.0000000
1.4604976 1.0000000 0.5982183 1.0000000
1.4606302 1.0000000 0.8236434 1.0000000
1.4606754 1.0000000 0.6989077 1.0000000
1.4619630 1.0000000 0.5969687 1.0000000
1.4622307 1.0000000 0.7626931 1.0000000
1.4623261 1.0000000 0.6681399 1.0000000
1.4626609 1.0000000 0.7649892 1.0000000
1.4627162 1.0000000 0.9354706 1.0000000
1.4628537 1.0000000 1.0563268 1.0000000
1.4629921 1.0000000 0.9823038 1.0000000
1.4632012 1.0000000 0.6328086 1.0000000
1.4637841 1.0000000 0.6382628 1.0000000
1.4647329 1.0000000 0.8848572 1.0000000
1.4654107 1.0000000 0.6598703 1.0000000
1.4661903 1.0000000 0.9128586 1.0000000
1.4671404 1.0000000 0.8659055 1.0000000
1.4672006 1.0000000 0.8980041 1.0000000
1.4687122 1.0000000 0.6948514 1.0000000
1.4689881 1.0000000 0.6393864 1.0000000
1.4697285 1.0000000 0.6246583 1.0000000
1.4697815 1.0000000 0.5200465 1.0000000
1.4701322 1.0000000 0.8513596 1.0000000
1.4705559 1.0000000 0.8445004 1.0000000
1.4708893 1.0000000 0.5578673 1.0000000
1.4709411 1.0000000 0.8227074 1.0000000
1.4710858 1.0000000 0.5511139 1.0000000
1.4711059 1.0000000 0.6513230 1.0000000
1.4716156 1.0000000 0.5369031 1.0000000
1.4718346 1.0000000 0.6472756 1.0000000
1.4723035 1.0000000 0.7770489 1.0000000
1.4728067 1.0000000 0.7450329 1.0000000
1.4740675 1.0000000 0.6241119 1.0000000
1.4745309 1.0000000 0.8934333 1.0000000
1.4747573 1.0000000 0.7011222 1.0000000
1.4750387 1.0000000 0.7410660 1.0000000
1.4753087 1.0000000 0.7648945 1.0000000
1.4753523 1.0000000 0.8963857 1.0000000
1.4765312 1.0000000 0.9425369 1.0000000
1.4770107 1.0000000 0.6917528 1.0000000
1.4775241 1.0000000 0.6565482 1.0000000
1.4790352 1.0000000 0.9655094 1.0000000
1.4797608 1.0000000 0.6314987 1.0000000
1.4798176 1.0000000 0.9613822 1.0000000
1.4814269 1.0000000 0.5665011 1.0000000
1.4814857 1.0000000 1.0595916 1.0000000
1.4817445 1.0000000 0.6706749 1.0000000
1.4818729 1.0000000 0.9963484 1.0000000
1.4818741 1.0000000 0.5832650 1.0000000
1.4832292 1.0000000 1.0861357 1.0000000
1.4837075 1.0000000 0.7798711 1.0000000
1.4840695 1.0000000 0.9591145 1.0000000
1.4844532 1.0000000 1.0726757 1.0000000
1.4849283 1.0000000 0.6996331 1.0000000
1.4864283 1.0000000 0.5975247 1.0000000
1.4867094 1.0000000 0.9279331 1.0000000
1.4870482 1.0000000 0.5171612 1.0000000
1.4876396 1.0000000 0.8695781 1.0000000
1.4880435 1.0000000 0.8384387 1.0000000
1.4882707 1.0000000 0.6381000 1.0000000
1.4887402 1.0000000 0.8930670 1.0000000
1.4889003 1.0000000 1.1313326 1.0000000
1.4892702 1.0000000 0.6890431 1.0000000
1.4902153 1.0000000 0.7932803 1.0000000
1.4902670 1.0000000 0.7390589 1.0000000
1.4910827 1.0000000 0.5515720 1.0000000
1.4916892 1.0000000 0.9037038 1.0000000
1.4917878 1.0000000 1.0004775 1.0000000
1.4925874 1.0000000 0.7193533 1.0000000
1.4926066 1.0000000 0.6205449 1.0000000
1.4926087 1.0000000 0.8233160 1.0000000
1.4932467 1.0000000 1.1160818 1.0000000
1.4938297 1.0000000 0.6033326 1.0000000
1.4952686 1.0000000 0.8104208 1.0000000
1.4954260 1.0000000 0.5755461 1.0000000
1.4954657 1.0000000 0.6080339 1.0000000
1.4955355 1.0000000 0.7719665 1.0000000
1.4977496 1.0000000 1.0487604 1.0000000
1.4979947 1.0000000 1.0193191 1.0000000
1.4997848 1.0000000 0.8834550 1.0000000
1.4998323 1.0000000 0.9552453 1.0000000
1.5001069 1.0000000 0.7083137 1.0000000
1.5001422 1.0000000 0.5160341 1.0000000
1.5003968 1.0000000 0.9272192 1.0000000
1.5004777 1.0000000 1.0861199 1.0000000
1.5011133 1.0000000 0.4955649 1.0000000
1.5013317 1.0000000 0.6050538 1.0000000
1.5017035 1.0000000 0.6190924 1.0000000
1.5021097 1.0000000 0.9434914 1.0000000
1.5022610 1.0000000 0.9806844 1.0000000
1.5045626 1.0000000 0.4589331 1.0000000
1.5053562 1.0000000 0.7324636 1.0000000
1.5056360 1.0000000 0.9691320 1.0000000
1.5057512 1.0000000 1.1065637 1.0000000
1.5082282 1.0000000 0.6275704 1.0000000
1.5084940 1.0000000 0.9615437 1.0000000
1.5086895 1.0000000 0.8348038 1.0000000
1.5092759 1.0000000 1.0267875 1.0000000
1.5094117 1.0000000 0.6766149 1.0000000
1.5101906 1.0000000 0.9400162 1.0000000
1.5110307 1.0000000 0.6765550 1.0000000
1.5114499 1.0000000 0.6559639 1.0000000
1.5115615 1.0000000 0.6386361 1.0000000
1.5117263 1.0000000 1.0655088 1.0000000
1.5117723 1.0000000 0.8932404 1.0000000
1.5138490 1.0000000 0.5915746 1.0000000
1.5140286 1.0000000 0.8693345 1.0000000
1.5140592 1.0000000 0.6269534 1.0000000
1.5142946 1.0000000 0.8528401 1.0000000
1.5154512 1.0000000 0.7758059 1.0000000
1.5157597 1.0000000 0.8240783 1.0000000
1.5157925 1.0000000 0.9668775 1.0000000
1.5161189 1.0000000 0.6164231 1.0000000
1.5161210 1.0000000 0.7463164 1.0000000
1.5161625 1.0000000 0.8323421 1.0000000
1.5165105 1.0000000 0.5237752 1.0000000
1.5175745 1.0000000 0.8509386 1.0000000
1.5175982 1.0000000 0.6967940 1.0000000
1.5177910 1.0000000 0.8062881 1.0000000
1.5183570 1.0000000 0.7000656 1.0000000
1.5185915 1.0000000 0.5728884 1.0000000
1.5185939 1.0000000 0.6593982 1.0000000
1.5189030 1.0000000 0.9731837 1.0000000
1.5202837 1.0000000 0.8398558 1.0000000
1.5208822 1.0000000 0.5919837 1.0000000
1.5215410 1.0000000 0.9193990 1.0000000
1.5220317 1.0000000 0.5634789 1.0000000
1.5227938 1.0000000 0.7942940 1.0000000
1.5233199 1.0000000 0.6243161 1.0000000
1.5234220 1.0000000 0.5570076 1.0000000
1.5241386 1.0000000 0.9104306 1.0000000
1.5245006 1.0000000 0.8258142 1.0000000
1.5258390 1.0000000 0.7639563 1.0000000
1.5258788 1.0000000 1.0508071 1.0000000
1.5264036 1.0000000 0.4352474 1.0000000
1.5264295 1.0000000 1.0984174 1.0000000
1.5280722 1.0000000 1.0741695 1.0000000
1.5281193 1.0000000 0.6125280 1.0000000
1.5281591 1.0000000 0.5334606 1.0000000
1.5281668 1.0000000 0.9210633 1.0000000
1.5294840 1.0000000 1.0716664 1.0000000
1.5299480 1.0000000 0.6275357 1.0000000
1.5310897 1.0000000 0.5664906 1.0000000
1.5311215 1.0000000 0.7281513 1.0000000
1.5316989 1.0000000 0.6532087 1.0000000
1.5326279 1.0000000 0.8051648 1.0000000
1.5330802 1.0000000 0.8916252 1.0000000
1.5336875 1.0000000 1.0874393 1.0000000
1.5337219 1.0000000 0.5478320 1.0000000
1.5337459 1.0000000 1.0183192 1.0000000
1.5337802 1.0000000 0.9270260 1.0000000
1.5339711 1.0000000 0.8858801 1.0000000
1.5342924 1.0000000 0.9135991 1.0000000
1.5348902 1.0000000 0.6042594 1.0000000
1.5351229 1.0000000 0.4922750 1.0000000
1.5351244 1.0000000 0.6474363 1.0000000
1.5353456 1.0000000 0.6386883 1.0000000
1.5355157 1.0000000 0.6218540 1.0000000
1.5357873 1.0000000 0.5479159 1.0000000
1.5363363 1.0000000 0.4696988 1.0000000
1.5377379 1.0000000 0.7356063 1.0000000
1.5377383 1.0000000 0.9052713 1.0000000
1.5381765 1.0000000 0.5409865 1.0000000
1.5383544 1.0000000 0.5821096 1.0000000
1.5392691 1.0000000 0.7854152 1.0000000
1.5393346 1.0000000 0.9077308 1.0000000
1.5394871 1.0000000 0.7726261 1.0000000
1.5398649 1.0000000 0.9441962 1.0000000
1.5410111 1.0000000 0.5887375 1.0000000
1.5414791 1.0000000 0.4499436 1.0000000
1.5415668 1.0000000 0.9021593 1.0000000
1.5423385 1.0000000 0.6588305 1.0000000
1.5431099 1.0000000 0.6225081 1.0000000
1.5440925 1.0000000 0.9601085 1.0000000
1.5441640 1.0000000 1.0135887 1.0000000
1.5452463 1.0000000 0.9497542 1.0000000
1.5452942 1.0000000 0.7176812 1.0000000
1.5454084 1.0000000 0.5712058 1.0000000
1.5463004 1.0000000 0.8078168 1.0000000
1.5466940 1.0000000 0.6579166 1.0000000
1.5467317 1.0000000 0.6191647 1.0000000
1.5477033 1.0000000 0.8867851 1.0000000
1.5480607 1.0000000 0.7763299 1.0000000
1.5480866 1.0000000 0.7048867 1.0000000
1.5490261 1.0000000 0.8595918 1.0000000
1.5496110 1.0000000 0.5539842 1.0000000
1.5504843 1.0000000 0.8073619 1.0000000
1.5505322 1.0000000 0.5951904 1.0000000
1.5512179 1.0000000 0.9100369 1.0000000
1.5523723 1.0000000 0.5292005 1.0000000
1.5535333 1.0000000 1.0712403 1.0000000
1.5535689 1.0000000 0.4910320 1.0000000
1.5536283 1.0000000 0.7719916 1.0000000
1.5543143 1.0000000 0.9104968 1.0000000
1.5545276 1.0000000 0.8760242 1.0000000
1.5549288 1.0000000 0.8121347 1.0000000
1.5556489 1.0000000 0.6268914 1.0000000
1.5559032 1.0000000 0.5270571 1.0000000
1.5559711 1.0000000 0.9762969 1.0000000
1.5571648 1.0000000 0.7874278 1.0000000
1.5576718 1.0000000 1.0931717 1.0000000
1.5579380 1.0000000 0.6187560 1.0000000
1.5582996 1.0000000 0.6147972 1.0000000
1.5592234 1.0000000 0.5228519 1.0000000
1.5593245 1.0000000 0.6639427 1.0000000
1.5597670 1.0000000 0.6455088 1.0000000
1.5611850 1.0000000 0.9549340 1.0000000
1.5612340 1.0000000 0.6536262 1.0000000
1.5614591 1.0000000 0.5934799 1.0000000
1.5615304 1.0000000 0.7147561 1.0000000
1.5619883 1.0000000 0.8774019 1.0000000
1.5621232 1.0000000 0.5587776 1.0000000
1.5624964 1.0000000 0.7081076 1.0000000
1.5629116 1.0000000 0.9904314 1.0000000
1.5630264 1.0000000 1.0514543 1.0000000
1.5642641 1.0000000 0.5577402 1.0000000
1.5650713 1.0000000 1.1878174 1.0000000
1.5653124 1.0000000 0.5542839 1.0000000
1.5660966 1.0000000 0.6769479 1.0000000
1.5664360 1.0000000 0.9016600 1.0000000
1.5664640 1.0000000 0.9978452 1.0000000
1.5675050 1.0000000 0.6738355 1.0000000
1.5678642 1.0000000 0.6917000 1.0000000
1.5688835 1.0000000 0.7880505 1.0000000
1.5691087 1.0000000 0.7076667 1.0000000
1.5692968 1.0000000 0.4951919 1.0000000
1.5696079 1.0000000 0.9105654 1.0000000
1.5699273 1.0000000 0.6582893 1.0000000
1.5708353 1.0000000 0.8458583 1.0000000
1.5712091 1.0000000 0.9200193 1.0000000
1.5728154 1.0000000 0.6267112 1.0000000
1.5735963 1.0000000 0.5318128 1.0000000
1.5736143 1.0000000 0.6421524 1.0000000
1.5736269 1.0000000 0.9790244 1.0000000
1.5741576 1.0000000 0.5025283 1.0000000
1.5743672 1.0000000 0.6537605 1.0000000
1.5760116 1.0000000 0.9089700 1.0000000
1.5765941 1.0000000 1.0108046 1.0000000
1.5771742 1.0000000 0.9126568 1.0000000
1.5777132 1.0000000 0.6560615 1.0000000
1.5794461 1.0000000 0.9534638 1.0000000
1.5798453 1.0000000 0.5256302 1.0000000
1.5801862 1.0000000 0.4682552 1.0000000
1.5802095 1.0000000 0.7241188 1.0000000
1.5810294 1.0000000 0.9568699 1.0000000
1.5813939 1.0000000 0.6277128 1.0000000
1.5825805 1.0000000 0.4824456 1.0000000
1.5836746 1.0000000 0.5873802 1.0000000
1.5849467 1.0000000 0.5913566 1.0000000
1.5854621 1.0000000 0.7841701 1.0000000
1.5856603 1.0000000 1.0301350 1.0000000
1.5861560 1.0000000 0.6115307 1.0000000
1.5863152 1.0000000 0.6703714 1.0000000
1.5866237 1.0000000 0.8444802 1.0000000
1.5869555 1.0000000 1.0958535 1.0000000
1.5872796 1.0000000 0.4279583 1.0000000
1.5878864 1.0000000 0.3637959 1.0000000
1.5882745 1.0000000 0.5943792 1.0000000
1.5886517 1.0000000 0.9711558 1.0000000
1.5888293 1.0000000 0.8977019 1.0000000
1.5896066 1.0000000 0.9581283 1.0000000
1.5902242 1.0000000 0.8362832 1.0000000
1.5904516 1.0000000 0.4684462 1.0000000
1.5914170 1.0000000 0.7591911 1.0000000
1.5920586 1.0000000 0.4719604 1.0000000
1.5924458 1.0000000 0.5491439 1.0000000
1.5927906 1.0000000 0.7160729 1.0000000
1.5936990 1.0000000 0.6816947 1.0000000
1.5947922 1.0000000 0.6552420 1.0000000
1.5949867 1.0000000 1.0404928 1.0000000
1.5956403 1.0000000 1.0283042 1.0000000
1.5958095 1.0000000 0.6608969 1.0000000
1.5960956 1.0000000 0.9550977 1.0000000
1.5979106 1.0000000 0.7248659 1.0000000
1.5984063 1.0000000 0.7795393 1.0000000
1.5984872 1.0000000 0.8838056 1.0000000
1.5985495 1.0000000 0.8591156 1.0000000
1.5986753 1.0000000 0.9850608 1.0000000
1.5988211 1.0000000 0.4372981 1.0000000
1.5991497 1.0000000 1.0049367 1.0000000
1.6002793 1.0000000 0.8637892 1.0000000
1.6003953 1.0000000 1.0236586 1.0000000
1.6008044 1.0000000 0.7610114 1.0000000
1.6012537 1.0000000 0.7011696 1.0000000
1.6015335 1.0000000 0.8990049 1.0000000
1.6030792 1.0000000 0.8004265 1.0000000
1.6038272 1.0000000 0.7067821 1.0000000
1.6040115 1.0000000 0.5604387 1.0000000
1.6046386 1.0000000 0.5305089 1.0000000
1.6049808 1.0000000 0.5463805 1.0000000
1.6051082 1.0000000 0.4615867 1.0000000
1.6058862 1.0000000 0.7557950 1.0000000
1.6059998 1.0000000 0.5713737 1.0000000
1.6064122 1.0000000 0.8679786 1.0000000
1.6067147 1.0000000 1.0155333 1.0000000
1.6079373 1.0000000 0.7248423 1.0000000
1.6083505 1.0000000 0.4960719 1.0000000
1.6086699 1.0000000 0.7903919 1.0000000
1.6091076 1.0000000 1.0141989 1.0000000
1.6103309 1.0000000 0.6503697 1.0000000
1.6104398 1.0000000 0.5538064 1.0000000
1.6111447 1.0000000 0.8937347 1.0000000
1.6114402 1.0000000 0.9099304 1.0000000
1.6119859 1.0000000 0.4972957 1.0000000
1.6126113 1.0000000 0.4147603 1.0000000
1.6132239 1.0000000 0.8868208 1.0000000
1.6139380 1.0000000 0.4596793 1.0000000
1.6140589 1.0000000 0.5013219 1.0000000
1.6141187 1.0000000 0.5376758 1.0000000
1.6144498 1.0000000 0.4585926 1.0000000
1.6145880 1.0000000 0.9665061 1.0000000
1.6147006 1.0000000 0.7902986 1.0000000
1.6148991 1.0000000 0.8541150 1.0000000
1.6149977 1.0000000 0.6986022 1.0000000
1.6161748 1.0000000 0.5675144 1.0000000
1.6170243 1.0000000 0.6168438 1.0000000
1.6185666 1.0000000 0.4245571 1.0000000
1.6192026 1.0000000 0.3950603 1.0000000
1.6199102 1.0000000 1.0012021 1.0000000
1.6201304 1.0000000 1.1230418 1.0000000
1.6228804 1.0000000 0.9072862 1.0000000
1.6229877 1.0000000 0.4883547 1.0000000
1.6233354 1.0000000 0.9011394 1.0000000
1.6236249 1.0000000 0.6166795 1.0000000
1.6240542 1.0000000 0.8640764 1.0000000
1.6240634 1.0000000 0.6889369 1.0000000
1.6246231 1.0000000 0.7556851 1.0000000
1.6246999 1.0000000 0.7725898 1.0000000
1.6254368 1.0000000 0.9126828 1.0000000
1.6260862 1.0000000 1.0307474 1.0000000
1.6266045 1.0000000 0.9169521 1.0000000
1.6281622 1.0000000 0.4958088 1.0000000
1.6283505 1.0000000 0.7923879 1.0000000
1.6284487 1.0000000 0.6664271 1.0000000
1.6286476 1.0000000 0.6663627 1.0000000
1.6291056 1.0000000 0.8734887 1.0000000
1.6292819 1.0000000 0.8285267 1.0000000
1.6294188 1.0000000 0.7240678 1.0000000
1.6294201 1.0000000 0.8007675 1.0000000
1.6298008 1.0000000 0.6159901 1.0000000
1.6306484 1.0000000 0.8897223 1.0000000
1.6308946 1.0000000 1.0309378 1.0000000
1.6317380 1.0000000 0.7171500 1.0000000
1.6324068 1.0000000 0.4326569 1.0000000
1.6327147 1.0000000 0.9674364 1.0000000
1.6347902 1.0000000 0.7144639 1.0000000
1.6354989 1.0000000 0.4051923 1.0000000
1.6356293 1.0000000 0.8637590 1.0000000
1.6358921 1.0000000 0.3544428 1.0000000
1.6360152 1.0000000 0.5037858 1.0000000
1.6370786 1.0000000 1.0565534 1.0000000
1.6376980 1.0000000 1.0134616 1.0000000
1.6388324 1.0000000 0.8224481 1.0000000
1.6391788 1.0000000 0.3738244 1.0000000
1.6405718 1.0000000 0.8912182 1.0000000
1.6405853 1.0000000 0.6285895 1.0000000
1.6408778 1.0000000 0.4904274 1.0000000
1.6414364 1.0000000 0.4288350 1.0000000
1.6435876 1.0000000 0.9726641 1.0000000
1.6437250 1.0000000 0.4875758 1.0000000
1.6446277 1.0000000 0.4921450 1.0000000
1.6448787 1.0000000 0.5708158 1.0000000
1.6450788 1.0000000 0.9547140 1.0000000
1.6453878 1.0000000 0.4726152 1.0000000
1.6461226 1.0000000 0.6542621 1.0000000
1.6467242 1.0000000 0.9356677 1.0000000
1.6469006 1.0000000 0.8385454 1.0000000
1.6472962 1.0000000 0.8159828 1.0000000
1.6473697 1.0000000 1.0734447 1.0000000
1.6475214 1.0000000 0.5010552 1.0000000
1.6477246 1.0000000 0.5580635 1.0000000
1.6479235 1.0000000 0.4500460 1.0000000
1.6481994 1.0000000 0.5570578 1.0000000
1.6492719 1.0000000 0.9204041 1.0000000
1.6515125 1.0000000 0.5260829 1.0000000
1.6518236 1.0000000 0.4978132 1.0000000
1.6518462 1.0000000 0.4842807 1.0000000
1.6519166 1.0000000 0.6270272 1.0000000
1.6524935 1.0000000 0.8668232 1.0000000
1.6529727 1.0000000 0.9587306 1.0000000
1.6532304 1.0000000 0.9527677 1.0000000
1.6532359 1.0000000 0.6279158 1.0000000
1.6536263 1.0000000 0.8868384 1.0000000
1.6538210 1.0000000 0.9790318 1.0000000
1.6542523 1.0000000 0.6707135 1.0000000
1.6546636 1.0000000 0.4837940 1.0000000
1.6549637 1.0000000 1.0226725 1.0000000
1.6550066 1.0000000 0.4310504 1.0000000
1.6551782 1.0000000 0.5115687 1.0000000
1.6561724 1.0000000 0.4725669 1.0000000
1.6571945 1.0000000 0.9462869 1.0000000
1.6575269 1.0000000 0.8838998 1.0000000
1.6583371 1.0000000 0.4024853 1.0000000
1.6583601 1.0000000 0.4858346 1.0000000
1.6592772 1.0000000 0.6402448 1.0000000
1.6599032 1.0000000 0.5856920 1.0000000
1.6604997 1.0000000 0.4423359 1.0000000
1.6612113 1.0000000 1.0269561 1.0000000
1.6614392 1.0000000 0.3953853 1.0000000
1.6617312 1.0000000 0.8810975 1.0000000
1.6621582 1.0000000 0.8382211 1.0000000
1.6629440 1.0000000 1.0112218 1.0000000
1.6635195 1.0000000 0.9750443 1.0000000
1.6637852 1.0000000 0.8513324 1.0000000
1.6643108 1.0000000 0.8367239 1.0000000
1.6645822 1.0000000 0.4630393 1.0000000
1.6645891 1.0000000 0.7322131 1.0000000
1.6665407 1.0000000 0.8330924 1.0000000
1.6667369 1.0000000 0.3872160 1.0000000
1.6672410 1.0000000 0.5507183 1.0000000
1.6674835 1.0000000 0.5944298 1.0000000
1.6676380 1.0000000 0.9757271 1.0000000
1.6677959 1.0000000 0.5752997 1.0000000
1.6693975 1.0000000 0.6584199 1.0000000
1.6698867 1.0000000 0.9485564 1.0000000
1.6702847 1.0000000 0.4213620 1.0000000
1.6715845 1.0000000 0.8296032 1.0000000
1.6719463 1.0000000 0.5490470 1.0000000
1.6721148 1.0000000 0.9549784 1.0000000
1.6727684 1.0000000 0.4492303 1.0000000
1.6728511 1.0000000 0.4252501 1.0000000
1.6743329 1.0000000 0.8680057 1.0000000
1.6745758 1.0000000 0.4544470 1.0000000
1.6745833 1.0000000 0.5927985 1.0000000
1.6748613 1.0000000 0.5961524 1.0000000
1.6754070 1.0000000 0.9698776 1.0000000
1.6754676 1.0000000 0.5822040 1.0000000
1.6756785 1.0000000 1.0082174 1.0000000
1.6762721 1.0000000 0.8889646 1.0000000
1.6770946 1.0000000 0.5956350 1.0000000
1.6778060 1.0000000 1.0787027 1.0000000
1.6779854 1.0000000 0.9449327 1.0000000
1.6779900 1.0000000 0.8844547 1.0000000
1.6780996 1.0000000 1.0613075 1.0000000
1.6793341 1.0000000 0.5489576 1.0000000
1.6794149 1.0000000 0.9623958 1.0000000
1.6797852 1.0000000 0.4336134 1.0000000
1.6818424 1.0000000 0.7619465 1.0000000
1.6819304 1.0000000 0.5384964 1.0000000
1.6823364 1.0000000 1.0038192 1.0000000
1.6828557 1.0000000 0.7860824 1.0000000
1.6843675 1.0000000 0.8213768 1.0000000
1.6845267 1.0000000 0.9729669 1.0000000
1.6845384 1.0000000 0.2891786 1.0000000
1.6845878 1.0000000 0.4686037 1.0000000
1.6847372 1.0000000 0.7799658 1.0000000
1.6870741 1.0000000 0.5764840 1.0000000
1.6873451 1.0000000 0.9083055 1.0000000
1.6875122 1.0000000 0.4111598 1.0000000
1.6876306 1.0000000 0.9514349 1.0000000
1.6881687 1.0000000 0.3706669 1.0000000
1.6895535 1.0000000 0.4841257 1.0000000
1.6895816 1.0000000 0.8183994 1.0000000
1.6899782 1.0000000 0.3275245 1.0000000
1.6902456 1.0000000 0.3391627 1.0000000
1.6907507 1.0000000 0.9626719 1.0000000
1.6909579 1.0000000 0.8821369 1.0000000
1.6910451 1.0000000 0.4964528 1.0000000
1.6912003 1.0000000 0.7265161 1.0000000
1.6913013 1.0000000 0.6139641 1.0000000
1.6917657 1.0000000 0.2297009 1.0000000
1.6922568 1.0000000 0.5032985 1.0000000
1.6923160 1.0000000 0.3234206 1.0000000
1.6929166 1.0000000 0.8228286 1.0000000
1.6930057 1.0000000 0.7577863 1.0000000
1.6936769 1.0000000 0.8875669 1.0000000
1.6946856 1.0000000 0.5096425 1.0000000
1.6956651 1.0000000 0.9069495 1.0000000
1.6959146 1.0000000 0.4922776 1.0000000
1.6964577 1.0000000 0.8497731 1.0000000
1.6965320 1.0000000 0.3889757 1.0000000
1.6967263 1.0000000 0.8705440 1.0000000
1.6968018 1.0000000 0.9060242 1.0000000
1.6971631 1.0000000 0.7640302 1.0000000
1.6972505 1.0000000 0.9597045 1.0000000
1.6976178 1.0000000 0.7988756 1.0000000
1.6976362 1.0000000 0.8902876 1.0000000
1.6977502 1.0000000 0.3872379 1.0000000
1.6977723 1.0000000 0.8838782 1.0000000
1.6978770 1.0000000 0.9554142 1.0000000
1.6981097 1.0000000 0.7670631 1.0000000
1.6992166 1.0000000 1.0453120 1.0000000
1.6993570 1.0000000 0.8195555 1.0000000
1.6995537 1.0000000 0.5133419 1.0000000
1.6997999 1.0000000 0.9816145 1.0000000
1.7004944 1.0000000 0.3369247 1.0000000
1.7008986 1.0000000 0.4339103 1.0000000
1.7014509 1.0000000 0.4363534 1.0000000
1.7015312 1.0000000 0.7444821 1.0000000
1.7035691 1.0000000 0.9231416 1.0000000
1.7037221 1.0000000 1.0235175 1.0000000
1.7041282 1.0000000 0.7573710 1.0000000
1.7047572 1.0000000 0.9711658 1.0000000
1.7048955 1.0000000 0.3695064 1.0000000
1.7050838 1.0000000 0.9989117 1.0000000
1.7055896 1.0000000 0.5113205 1.0000000
1.7056030 1.0000000 0.5969839 1.0000000
1.7067634 1.0000000 0.9455561 1.0000000
1.7074685 1.0000000 0.9476162 1.0000000
1.7074942 1.0000000 0.5623333 1.0000000
1.7076161 1.0000000 0.5184122 1.0000000
1.7080646 1.0000000 0.3044945 1.0000000
1.7082084 1.0000000 0.8090707 1.0000000
1.7084597 1.0000000 0.2646122 1.0000000
1.7093916 1.0000000 0.5474338 1.0000000
1.7095387 1.0000000 0.8952289 1.0000000
1.7097724 1.0000000 0.3495505 1.0000000
1.7097869 1.0000000 0.5012737 1.0000000
1.7107856 1.0000000 0.8429423 1.0000000
1.7109011 1.0000000 0.9678592 1.0000000
1.7114972 1.0000000 0.6209423 1.0000000
1.7120925 1.0000000 0.8091509 1.0000000
1.7125390 1.0000000 0.3785623 1.0000000
1.7131501 1.0000000 1.0087767 1.0000000
1.7135207 1.0000000 0.4285028 1.0000000
1.7141108 1.0000000 0.5305106 1.0000000
1.7150611 1.0000000 0.2829896 1.0000000
1.7155558 1.0000000 0.4412756 1.0000000
1.7155589 1.0000000 0.8389457 1.0000000
1.7165967 1.0000000 0.7614571 1.0000000
1.7168458 1.0000000 1.0121822 1.0000000
1.7181868 1.0000000 0.4394361 1.0000000
1.7208177 1.0000000 0.9489728 1.0000000
1.7214856 1.0000000 0.7998690 1.0000000
1.7217225 1.0000000 0.3219592 1.0000000
1.7219465 1.0000000 0.9950498 1.0000000
1.7227464 1.0000000 0.8469178 1.0000000
1.7234678 1.0000000 0.8880401 1.0000000
1.7235607 1.0000000 1.0774274 1.0000000
1.7237587 1.0000000 0.5704545 1.0000000
1.7242668 1.0000000 0.4772131 1.0000000
1.7246297 1.0000000 0.5602820 1.0000000
1.7250159 1.0000000 0.4142131 1.0000000
1.7256728 1.0000000 0.8545783 1.0000000
1.7272959 1.0000000 0.9741902 1.0000000
1.7276108 1.0000000 0.8397780 1.0000000
1.7279425 1.0000000 0.5090898 1.0000000
1.7282912 1.0000000 0.5798786 1.0000000
1.7283634 1.0000000 0.4377569 1.0000000
1.7293424 1.0000000 0.7339793 1.0000000
1.7296416 1.0000000 0.9274832 1.0000000
1.7299973 1.0000000 0.3530871 1.0000000
1.7302729 1.0000000 0.4736948 1.0000000
1.7304176 1.0000000 0.6208999 1.0000000
1.7307253 1.0000000 0.8168840 1.0000000
1.7310169 1.0000000 0.8580487 1.0000000
1.7311818 1.0000000 0.5394681 1.0000000
1.7316258 1.0000000 0.8040313 1.0000000
1.7318448 1.0000000 0.9663829 1.0000000
1.7327157 1.0000000 0.8575505 1.0000000
1.7333508 1.0000000 0.4304298 1.0000000
1.7333896 1.0000000 0.7415739 1.0000000
1.7338216 1.0000000 0.2484629 1.0000000
1.7351514 1.0000000 0.7790562 1.0000000
1.7351819 1.0000000 0.6553239 1.0000000
1.7355317 1.0000000 0.8676645 1.0000000
1.7364065 1.0000000 0.5056254 1.0000000
1.7366453 1.0000000 0.8828260 1.0000000
1.7369903 1.0000000 0.3806769 1.0000000
1.7371533 1.0000000 0.3313105 1.0000000
1.7377896 1.0000000 0.9009930 1.0000000
1.7380712 1.0000000 0.4711884 1.0000000
1.7382744 1.0000000 0.6683392 1.0000000
1.7383584 1.0000000 0.6113562 1.0000000
1.7385994 1.0000000 0.9544992 1.0000000
1.7387942 1.0000000 0.9408276 1.0000000
1.7392317 1.0000000 0.3293313 1.0000000
1.7398833 1.0000000 0.8348782 1.0000000
1.7400205 1.0000000 0.5101173 1.0000000
1.7404031 1.0000000 0.6245367 1.0000000
1.7408156 1.0000000 0.7126649 1.0000000
1.7413899 1.0000000 0.5661455 1.0000000
1.7431100 1.0000000 1.0235628 1.0000000
1.7431236 1.0000000 0.9118693 1.0000000
1.7434547 1.0000000 0.9931947 1.0000000
1.7443514 1.0000000 0.9644158 1.0000000
1.7453157 1.0000000 0.9901359 1.0000000
1.7459214 1.0000000 0.7699453 1.0000000
1.7459979 1.0000000 0.8491944 1.0000000
1.7461227 1.0000000 0.5112311 1.0000000
1.7468871 1.0000000 1.0376403 1.0000000
1.7468974 1.0000000 0.9148058 1.0000000
1.7481452 1.0000000 0.4313806 1.0000000
1.7481852 1.0000000 0.6034468 1.0000000
1.7481898 1.0000000 0.8945044 1.0000000
1.7487646 1.0000000 0.8283821 1.0000000
1.7489521 1.0000000 0.8271222 1.0000000
1.7490292 1.0000000 0.5516660 1.0000000
1.7494080 1.0000000 0.5067526 1.0000000
1.7500768 1.0000000 0.6244996 1.0000000
1.7501917 1.0000000 0.8677739 1.0000000
1.7515439 1.0000000 0.9208773 1.0000000
1.7521316 1.0000000 0.8343698 1.0000000
1.7524946 1.0000000 0.4402737 1.0000000
1.7526410 1.0000000 0.4360241 1.0000000
1.7529999 1.0000000 0.4660422 1.0000000
1.7533031 1.0000000 0.4548405 1.0000000
1.7533729 1.0000000 0.9372105 1.0000000
1.7537487 1.0000000 1.0488474 1.0000000
1.7538314 1.0000000 0.4597463 1.0000000
1.7545920 1.0000000 0.9760682 1.0000000
1.7548295 1.0000000 0.4482133 1.0000000
1.7550649 1.0000000 0.9678181 1.0000000
1.7554996 1.0000000 0.9677880 1.0000000
1.7558316 1.0000000 0.6202775 1.0000000
1.7558373 1.0000000 0.9116890 1.0000000
1.7559747 1.0000000 0.0907351 1.0000000
1.7561579 1.0000000 0.6730701 1.0000000
1.7565754 1.0000000 0.8112521 1.0000000
1.7575962 1.0000000 0.8433943 1.0000000
1.7580165 1.0000000 0.7943424 1.0000000
1.7587772 1.0000000 0.7839587 1.0000000
1.7613506 1.0000000 1.0225471 1.0000000
1.7619957 1.0000000 1.0895236 1.0000000
1.7623527 1.0000000 0.3594272 1.0000000
1.7623958 1.0000000 0.4282960 1.0000000
1.7625981 1.0000000 0.7780259 1.0000000
1.7627443 1.0000000 0.8136402 1.0000000
1.7629109 1.0000000 0.8092670 1.0000000
1.7629453 1.0000000 0.4690524 1.0000000
1.7634924 1.0000000 0.9538185 1.0000000
1.7636943 1.0000000 0.8782604 1.0000000
1.7638626 1.0000000 0.9191409 1.0000000
1.7638638 1.0000000 0.9835753 1.0000000
1.7642670 1.0000000 0.7505899 1.0000000
1.7645662 1.0000000 0.9020486 1.0000000
1.7647905 1.0000000 0.8780260 1.0000000
1.7652680 1.0000000 0.8844370 1.0000000
1.7659039 1.0000000 0.5075474 1.0000000
1.7662300 1.0000000 0.2901638 1.0000000
1.7663455 1.0000000 0.3410199 1.0000000
1.7669117 1.0000000 0.4104040 1.0000000
1.7669235 1.0000000 0.2454921 1.0000000
1.7679406 1.0000000 0.2780057 1.0000000
1.7684581 1.0000000 0.3249992 1.0000000
1.7694722 1.0000000 0.3383449 1.0000000
1.7709560 1.0000000 0.3150118 1.0000000
1.7711611 1.0000000 0.3474160 1.0000000
1.7725836 1.0000000 0.2883027 1.0000000
1.7726054 1.0000000 0.4933687 1.0000000
1.7726559 1.0000000 0.4353081 1.0000000
1.7737830 1.0000000 0.7790345 1.0000000
1.7743894 1.0000000 0.4162060 1.0000000
1.7745954 1.0000000 0.7140755 1.0000000
1.7758821 1.0000000 0.3071501 1.0000000
1.7759362 1.0000000 0.2944155 1.0000000
1.7763024 1.0000000 1.0375639 1.0000000
1.7764719 1.0000000 0.4992596 1.0000000
1.7764775 1.0000000 0.4341191 1.0000000
1.7766135 1.0000000 0.8517720 1.0000000
1.7781465 1.0000000 0.9425233 1.0000000
1.7781843 1.0000000 0.4882472 1.0000000
1.7785379 1.0000000 0.3782295 1.0000000
1.7797552 1.0000000 0.8446802 1.0000000
1.7803050 1.0000000 0.4098675 1.0000000
1.7813749 1.0000000 0.2810417 1.0000000
1.7825114 1.0000000 0.8342024 1.0000000
1.7825466 1.0000000 0.3818027 1.0000000
1.7827525 1.0000000 0.3528389 1.0000000
1.7828838 1.0000000 0.7104031 1.0000000
1.7835618 1.0000000 0.3519276 1.0000000
1.7850501 1.0000000 0.4495265 1.0000000
1.7851933 1.0000000 0.8839270 1.0000000
1.7860130 1.0000000 0.9481051 1.0000000
1.7863532 1.0000000 0.4904509 1.0000000
1.7867085 1.0000000 0.3184180 1.0000000
1.7868619 1.0000000 0.3068940 1.0000000
1.7874312 1.0000000 0.8730853 1.0000000
1.7874666 1.0000000 0.4455222 1.0000000
1.7874971 1.0000000 0.2676915 1.0000000
1.7877558 1.0000000 0.2923196 1.0000000
1.7891345 1.0000000 0.5037256 1.0000000
1.7893410 1.0000000 0.4678894 1.0000000
1.7903264 1.0000000 0.8702921 1.0000000
1.7913413 1.0000000 0.8646999 1.0000000
1.7919654 1.0000000 0.7617400 1.0000000
1.7929780 1.0000000 0.9896340 1.0000000
1.7930971 1.0000000 1.1129268 1.0000000
1.7931630 1.0000000 0.7220239 1.0000000
1.7942489 1.0000000 0.3678068 1.0000000
1.7943313 1.0000000 0.7857941 1.0000000
1.7952823 1.0000000 0.4884896 1.0000000
1.7956672 1.0000000 0.7841643 1.0000000
1.7957012 1.0000000 0.9129467 1.0000000
1.7967046 1.0000000 0.3301984 1.0000000
1.7972795 1.0000000 0.8175090 1.0000000
1.7981823 1.0000000 0.7135968 1.0000000
1.7982356 1.0000000 0.4007680 1.0000000
1.7990507 1.0000000 0.3954630 1.0000000
1.7992187 1.0000000 0.3623969 1.0000000
1.7992316 1.0000000 0.9200751 1.0000000
1.8002648 1.0000000 0.3625875 1.0000000
1.8013740 1.0000000 1.0405295 1.0000000
1.8021549 1.0000000 0.4311259 1.0000000
1.8023457 1.0000000 0.8646238 1.0000000
1.8023995 1.0000000 0.8924736 1.0000000
1.8028194 1.0000000 0.8754118 1.0000000
1.8043712 1.0000000 0.8767432 1.0000000
1.8046003 1.0000000 0.8727828 1.0000000
1.8046622 1.0000000 0.3477650 1.0000000
1.8049273 1.0000000 0.8126032 1.0000000
1.8051536 1.0000000 0.2710473 1.0000000
1.8053867 1.0000000 0.5042035 1.0000000
1.8073745 1.0000000 0.8945312 1.0000000
1.8077758 1.0000000 0.4241767 1.0000000
1.8081314 1.0000000 0.3399237 1.0000000
1.8081992 1.0000000 0.2978114 1.0000000
1.8090998 1.0000000 0.3134383 1.0000000
1.8107635 1.0000000 0.3169725 1.0000000
1.8110231 1.0000000 0.8735926 1.0000000
1.8118308 1.0000000 0.8133698 1.0000000
1.8122324 1.0000000 0.7232471 1.0000000
1.8122713 1.0000000 0.9221822 1.0000000
1.8126388 1.0000000 0.4486046 1.0000000
1.8137740 1.0000000 0.2728611 1.0000000
1.8150343 1.0000000 0.8713410 1.0000000
1.8154089 1.0000000 0.3515679 1.0000000
1.8172547 1.0000000 0.4111170 1.0000000
1.8175850 1.0000000 0.3193591 1.0000000
1.8184463 1.0000000 0.8452935 1.0000000
1.8197028 1.0000000 0.8238334 1.0000000
1.8199901 1.0000000 0.5122657 1.0000000
1.8200580 1.0000000 0.3478308 1.0000000
1.8209387 1.0000000 0.4371857 1.0000000
1.8210279 1.0000000 0.8309831 1.0000000
1.8213867 1.0000000 0.7607423 1.0000000
1.8217617 1.0000000 0.3213252 1.0000000
1.8217685 1.0000000 0.8416683 1.0000000
1.8228000 1.0000000 0.5360007 1.0000000
1.8233313 1.0000000 0.9358149 1.0000000
1.8233506 1.0000000 0.7003292 1.0000000
1.8234305 1.0000000 0.7979303 1.0000000
1.8236775 1.0000000 0.3852844 1.0000000
1.8245335 1.0000000 0.8751395 1.0000000
1.8255565 1.0000000 0.2975399 1.0000000
1.8264112 1.0000000 0.3616686 1.0000000
1.8266322 1.0000000 0.4309287 1.0000000
1.8275631 1.0000000 0.8433718 1.0000000
1.8278041 1.0000000 1.0022895 1.0000000
1.8289359 1.0000000 0.7196167 1.0000000
1.8291995 1.0000000 0.9195347 1.0000000
1.8294431 1.0000000 0.7242427 1.0000000
1.8295524 1.0000000 0.8467239 1.0000000
1.8297406 1.0000000 0.3558408 1.0000000
1.8297414 1.0000000 1.0281426 1.0000000
1.8302829 1.0000000 0.3012390 1.0000000
1.8304412 1.0000000 0.7864291 1.0000000
1.8311818 1.0000000 0.3820485 1.0000000
1.8315971 1.0000000 0.1454712 1.0000000
1.8318941 1.0000000 0.3680617 1.0000000
1.8319449 1.0000000 1.0230460 1.0000000
1.8320622 1.0000000 0.9281181 1.0000000
1.8329538 1.0000000 0.9333394 1.0000000
1.8331845 1.0000000 0.4122004 1.0000000
1.8334728 1.0000000 0.4115107 1.0000000
1.8344605 1.0000000 0.4691702 1.0000000
1.8353223 1.0000000 0.8406310 1.0000000
1.8361103 1.0000000 0.4586831 1.0000000
1.8369291 1.0000000 0.4095749 1.0000000
1.8369483 1.0000000 0.8391575 1.0000000
1.8378752 1.0000000 0.9062267 1.0000000
1.8380906 1.0000000 0.7897366 1.0000000
1.8383845 1.0000000 0.1265093 1.0000000
1.8384210 1.0000000 0.4234553 1.0000000
1.8392139 1.0000000 0.6273501 1.0000000
1.8400467 1.0000000 0.5870409 1.0000000
1.8402522 1.0000000 0.2469948 1.0000000
1.8406005 1.0000000 0.9797078 1.0000000
1.8407114 1.0000000 0.9545866 1.0000000
1.8410357 1.0000000 0.7807923 1.0000000
1.8411150 1.0000000 0.3032583 1.0000000
1.8416720 1.0000000 0.3362445 1.0000000
1.8417436 1.0000000 0.2420461 1.0000000
1.8419656 1.0000000 0.9738382 1.0000000
1.8426693 1.0000000 0.2956238 1.0000000
1.8428842 1.0000000 0.2377000 1.0000000
1.8431700 1.0000000 0.2061052 1.0000000
1.8434262 1.0000000 0.3373156 1.0000000
1.8435660 1.0000000 1.0565109 1.0000000
1.8444886 1.0000000 0.9991976 1.0000000
1.8448138 1.0000000 0.3203379 1.0000000
1.8452531 1.0000000 0.8770111 1.0000000
1.8455265 1.0000000 0.7844896 1.0000000
1.8456088 1.0000000 0.9514277 1.0000000
1.8475613 1.0000000 0.7937269 1.0000000
1.8480756 1.0000000 0.3366468 1.0000000
1.8489860 1.0000000 0.6395823 1.0000000
1.8490624 1.0000000 0.3858207 1.0000000
1.8495171 1.0000000 0.7916788 1.0000000
1.8495317 1.0000000 0.3545016 1.0000000
1.8495370 1.0000000 0.9713432 1.0000000
1.8505431 1.0000000 0.9947828 1.0000000
1.8510619 1.0000000 0.2224642 1.0000000
1.8512552 1.0000000 0.2551913 1.0000000
1.8520738 1.0000000 0.3952992 1.0000000
1.8521185 1.0000000 0.9128293 1.0000000
1.8522551 1.0000000 0.5520958 1.0000000
1.8526000 1.0000000 0.8232066 1.0000000
1.8533773 1.0000000 0.9500766 1.0000000
1.8542423 1.0000000 0.3052298 1.0000000
1.8544390 1.0000000 0.4225832 1.0000000
1.8555437 1.0000000 0.8436135 1.0000000
1.8557117 1.0000000 0.2751953 1.0000000
1.8564793 1.0000000 0.3809908 1.0000000
1.8565805 1.0000000 0.9893779 1.0000000
1.8579868 1.0000000 0.9565622 1.0000000
1.8579910 1.0000000 0.8812304 1.0000000
1.8587729 1.0000000 0.8886175 1.0000000
1.8595930 1.0000000 0.8285631 1.0000000
1.8602448 1.0000000 0.3215078 1.0000000
1.8606510 1.0000000 0.2687281 1.0000000
1.8609170 1.0000000 0.8053917 1.0000000
1.8609252 1.0000000 0.8345683 1.0000000
1.8609482 1.0000000 0.8033064 1.0000000
1.8617221 1.0000000 0.8553768 1.0000000
1.8620773 1.0000000 0.9655267 1.0000000
1.8622283 1.0000000 0.8141867 1.0000000
1.8622740 1.0000000 0.5662115 1.0000000
1.8622989 1.0000000 0.8891777 1.0000000
1.8627844 1.0000000 0.4095952 1.0000000
1.8631248 1.0000000 0.3430133 1.0000000
1.8637836 1.0000000 0.4560958 1.0000000
1.8639312 1.0000000 0.7424023 1.0000000
1.8640550 1.0000000 0.6803191 1.0000000
1.8649664 1.0000000 0.3337579 1.0000000
1.8651426 1.0000000 0.8016221 1.0000000
1.8662062 1.0000000 0.9435415 1.0000000
1.8662294 1.0000000 0.2643954 1.0000000
1.8666908 1.0000000 0.6951996 1.0000000
1.8669665 1.0000000 0.7226337 1.0000000
1.8671779 1.0000000 0.3173028 1.0000000
1.8681999 1.0000000 0.1945345 1.0000000
1.8682475 1.0000000 0.1647776 1.0000000
1.8682783 1.0000000 0.8918482 1.0000000
1.8688992 1.0000000 0.9664902 1.0000000
1.8697392 1.0000000 0.3448287 1.0000000
1.8701439 1.0000000 0.0733296 1.0000000
1.8702386 1.0000000 0.8101690 1.0000000
1.8703163 1.0000000 0.8917460 1.0000000
1.8708491 1.0000000 0.7471435 1.0000000
1.8721205 1.0000000 0.9657015 1.0000000
1.8721615 1.0000000 0.1963756 1.0000000
1.8725600 1.0000000 0.3037150 1.0000000
1.8729128 1.0000000 0.2762177 1.0000000
1.8737247 1.0000000 0.7845394 1.0000000
1.8739724 1.0000000 0.2964324 1.0000000
1.8740632 1.0000000 0.3665791 1.0000000
1.8741244 1.0000000 0.3235218 1.0000000
1.8746098 1.0000000 0.8848581 1.0000000
1.8747564 1.0000000 0.8926451 1.0000000
1.8760373 1.0000000 0.5567712 1.0000000
1.8776492 1.0000000 0.2161935 1.0000000
1.8782418 1.0000000 0.2472852 1.0000000
1.8789442 1.0000000 0.8323706 1.0000000
1.8795707 1.0000000 0.8099636 1.0000000
1.8799283 1.0000000 0.8987763 1.0000000
1.8802162 1.0000000 0.8372968 1.0000000
1.8824281 1.0000000 0.1325782 1.0000000
1.8825312 1.0000000 0.4683311 1.0000000
1.8832541 1.0000000 0.2628209 1.0000000
1.8832791 1.0000000 0.4328398 1.0000000
1.8835533 1.0000000 0.7922535 1.0000000
1.8840990 1.0000000 0.9815137 1.0000000
1.8848996 1.0000000 0.8330020 1.0000000
1.8856078 1.0000000 0.8950893 1.0000000
1.8858748 1.0000000 0.8298460 1.0000000
1.8859565 1.0000000 0.2838886 1.0000000
1.8861496 1.0000000 0.8372449 1.0000000
1.8863251 1.0000000 0.2400250 1.0000000
1.8884384 1.0000000 0.7847183 1.0000000
1.8906898 1.0000000 0.9774153 1.0000000
1.8909765 1.0000000 0.2405927 1.0000000
1.8915617 1.0000000 0.8654153 1.0000000
1.8926622 1.0000000 0.3374882 1.0000000
1.8926737 1.0000000 0.8492805 1.0000000
1.8934550 1.0000000 0.1845244 1.0000000
1.8936494 1.0000000 0.2370021 1.0000000
1.8936543 1.0000000 0.8387698 1.0000000
1.8944890 1.0000000 0.3581200 1.0000000
1.8947915 1.0000000 0.7093637 1.0000000
1.8948785 1.0000000 0.2673059 1.0000000
1.8952466 1.0000000 0.9793417 1.0000000
1.8953786 1.0000000 0.3253514 1.0000000
1.8954233 1.0000000 0.8836938 1.0000000
1.8963145 1.0000000 0.8189222 1.0000000
1.8968001 1.0000000 0.8761074 1.0000000
1.8972180 1.0000000 0.4955982 1.0000000
1.8993600 1.0000000 0.7583928 1.0000000
1.9001493 1.0000000 0.2682036 1.0000000
1.9003220 1.0000000 0.9458463 1.0000000
1.9015412 1.0000000 0.1682160 1.0000000
1.9017527 1.0000000 0.1886879 1.0000000
1.9020580 1.0000000 0.2727875 1.0000000
1.9026596 1.0000000 0.8782528 1.0000000
1.9027577 1.0000000 0.1738327 1.0000000
1.9028184 1.0000000 0.1454217 1.0000000
1.9030503 1.0000000 0.1451643 1.0000000
1.9035473 1.0000000 0.7498182 1.0000000
1.9036777 1.0000000 0.4051725 1.0000000
1.9039636 1.0000000 0.3925191 1.0000000
1.9041344 1.0000000 0.8517942 1.0000000
1.9061807 1.0000000 0.3536112 1.0000000
1.9062498 1.0000000 0.3043682 1.0000000
1.9063401 1.0000000 0.4123049 1.0000000
1.9080243 1.0000000 0.3043282 1.0000000
1.9091401 1.0000000 0.4025997 1.0000000
1.9104809 1.0000000 0.7372992 1.0000000
1.9108855 1.0000000 0.2840332 1.0000000
1.9108989 1.0000000 1.1746771 1.0000000
1.9119968 1.0000000 0.3457179 1.0000000
1.9125101 1.0000000 0.1390835 1.0000000
1.9129397 1.0000000 0.3029988 1.0000000
1.9131173 1.0000000 0.7078264 1.0000000
1.9144067 1.0000000 0.1527257 1.0000000
1.9147678 1.0000000 0.3946506 1.0000000
1.9159032 1.0000000 0.8325138 1.0000000
1.9181307 1.0000000 0.8886204 1.0000000
1.9184117 1.0000000 0.9249941 1.0000000
1.9188520 1.0000000 0.3260185 1.0000000
1.9193782 1.0000000 0.9554971 1.0000000
1.9198746 1.0000000 0.7757602 1.0000000
1.9213394 1.0000000 0.4492018 1.0000000
1.9215408 1.0000000 0.2604149 1.0000000
1.9216960 1.0000000 1.0396738 1.0000000
1.9224373 1.0000000 0.8719006 1.0000000
1.9225389 1.0000000 1.0379895 1.0000000
1.9226001 1.0000000 0.9313460 1.0000000
1.9226774 1.0000000 0.2542069 1.0000000
1.9230153 1.0000000 0.9555138 1.0000000
1.9231938 1.0000000 1.0613594 1.0000000
1.9241120 1.0000000 0.9173810 1.0000000
1.9242690 1.0000000 0.8358271 1.0000000
1.9247488 1.0000000 0.2670799 1.0000000
1.9259997 1.0000000 0.7395180 1.0000000
1.9263405 1.0000000 0.3234310 1.0000000
1.9268088 1.0000000 0.2726806 1.0000000
1.9268155 1.0000000 0.8897164 1.0000000
1.9272043 1.0000000 0.7573022 1.0000000
1.9274339 1.0000000 0.3612411 1.0000000
1.9282656 1.0000000 0.8739382 1.0000000
1.9289760 1.0000000 0.7387191 1.0000000
1.9291462 1.0000000 0.6714644 1.0000000
1.9300461 1.0000000 0.3031468 1.0000000
1.9310858 1.0000000 0.7849112 1.0000000
1.9312718 1.0000000 0.9681508 1.0000000
1.9318741 1.0000000 0.6939399 1.0000000
1.9326937 1.0000000 0.2713311 1.0000000
1.9328335 1.0000000 0.2103995 1.0000000
1.9347918 1.0000000 0.9335456 1.0000000
1.9351100 1.0000000 0.9044670 1.0000000
1.9354494 1.0000000 0.8254030 1.0000000
1.9355124 1.0000000 0.2444054 1.0000000
1.9359564 1.0000000 0.3144999 1.0000000
1.9361026 1.0000000 0.7031311 1.0000000
1.9362712 1.0000000 0.2818550 1.0000000
1.9372742 1.0000000 0.2813395 1.0000000
1.9377355 1.0000000 0.9142169 1.0000000
1.9383456 1.0000000 0.2869341 1.0000000
1.9387151 1.0000000 0.7886924 1.0000000
1.9390518 1.0000000 0.7475917 1.0000000
1.9392594 1.0000000 0.2293859 1.0000000
1.9395562 1.0000000 0.3076453 1.0000000
1.9413827 1.0000000 0.2159238 1.0000000
1.9424302 1.0000000 0.9039124 1.0000000
1.9429465 1.0000000 0.1453900 1.0000000
1.9432872 1.0000000 0.2193386 1.0000000
1.9433577 1.0000000 0.9094112 1.0000000
1.9438629 1.0000000 0.8262533 1.0000000
1.9439025 1.0000000 1.0722406 1.0000000
1.9442765 1.0000000 0.2194586 1.0000000
1.9442882 1.0000000 0.2792281 1.0000000
1.9450850 1.0000000 0.3548878 1.0000000
1.9464817 1.0000000 0.3918185 1.0000000
1.9466017 1.0000000 0.2590648 1.0000000
1.9475578 1.0000000 0.3539421 1.0000000
1.9475717 1.0000000 0.6975860 1.0000000
1.9479258 1.0000000 0.8593614 1.0000000
1.9483589 1.0000000 0.6627606 1.0000000
1.9485066 1.0000000 0.8694818 1.0000000
1.9486180 1.0000000 0.2155141 1.0000000
1.9499702 1.0000000 0.7641727 1.0000000
1.9503769 1.0000000 0.7998269 1.0000000
1.9506099 1.0000000 0.7525170 1.0000000
1.9508661 1.0000000 0.1904912 1.0000000
1.9527937 1.0000000 0.4554104 1.0000000
1.9533093 1.0000000 0.9913384 1.0000000
1.9537795 1.0000000 0.1306074 1.0000000
1.9541447 1.0000000 0.1712272 1.0000000
1.9541607 1.0000000 0.1937515 1.0000000
1.9562093 1.0000000 0.9569334 1.0000000
1.9572278 1.0000000 0.3226433 1.0000000
1.9573222 1.0000000 0.8895736 1.0000000
1.9576594 1.0000000 0.7606606 1.0000000
1.9589270 1.0000000 0.8644121 1.0000000
1.9591658 1.0000000 0.8791390 1.0000000
1.9596504 1.0000000 0.9494799 1.0000000
1.9601454 1.0000000 0.7603931 1.0000000
1.9603685 1.0000000 0.9481912 1.0000000
1.9606033 1.0000000 0.3389514 1.0000000
1.9607557 1.0000000 0.8733407 1.0000000
1.9611161 1.0000000 0.8812310 1.0000000
1.9619216 1.0000000 0.2839957 1.0000000
1.9622521 1.0000000 0.9188017 1.0000000
1.9622612 1.0000000 0.7744021 1.0000000
1.9626496 1.0000000 0.3466794 1.0000000
1.9630453 1.0000000 0.9971575 1.0000000
1.9639972 1.0000000 0.2096149 1.0000000
1.9647067 1.0000000 0.6801155 1.0000000
1.9650363 1.0000000 0.2532773 1.0000000
1.9655322 1.0000000 0.2625230 1.0000000
1.9656447 1.0000000 1.0665234 1.0000000
1.9669658 1.0000000 0.8050129 1.0000000
1.9672222 1.0000000 0.2098257 1.0000000
1.9678467 1.0000000 0.2302294 1.0000000
1.9678580 1.0000000 0.3322179 1.0000000
1.9682813 1.0000000 0.7867420 1.0000000
1.9683449 1.0000000 0.1394482 1.0000000
1.9685332 1.0000000 0.7995673 1.0000000
1.9685991 1.0000000 0.8236892 1.0000000
1.9686860 1.0000000 0.9547992 1.0000000
1.9690365 1.0000000 0.7810208 1.0000000
1.9697508 1.0000000 0.2664649 1.0000000
1.9701439 1.0000000 0.1824670 1.0000000
1.9720599 1.0000000 0.3364826 1.0000000
1.9720610 1.0000000 0.6419884 1.0000000
1.9735715 1.0000000 0.1174774 1.0000000
1.9750420 1.0000000 0.8436440 1.0000000
1.9769024 1.0000000 0.7081259 1.0000000
1.9771101 1.0000000 0.1706376 1.0000000
1.9775048 1.0000000 0.3032347 1.0000000
1.9777750 1.0000000 0.7329258 1.0000000
1.9779100 1.0000000 0.2543893 1.0000000
1.9781607 1.0000000 0.8850021 1.0000000
1.9785542 1.0000000 0.7797738 1.0000000
1.9792409 1.0000000 0.4087870 1.0000000
1.9793404 1.0000000 0.7924745 1.0000000
1.9793669 1.0000000 0.9280700 1.0000000
1.9795964 1.0000000 0.9704528 1.0000000
1.9797118 1.0000000 0.8854064 1.0000000
1.9801212 1.0000000 0.9639033 1.0000000
1.9801774 1.0000000 0.1309287 1.0000000
1.9804138 1.0000000 0.5502197 1.0000000
1.9812222 1.0000000 0.1495841 1.0000000
1.9818391 1.0000000 0.3599674 1.0000000
1.9820712 1.0000000 0.9069100 1.0000000
1.9824865 1.0000000 0.0844591 1.0000000
1.9825147 1.0000000 0.3907854 1.0000000
1.9854663 1.0000000 0.2021410 1.0000000
1.9855888 1.0000000 0.4551113 1.0000000
1.9857070 1.0000000 0.3116580 1.0000000
1.9858793 1.0000000 0.2153292 1.0000000
1.9872761 1.0000000 0.9040564 1.0000000
1.9873119 1.0000000 0.8339978 1.0000000
1.9875750 1.0000000 0.2238209 1.0000000
1.9875906 1.0000000 0.8527292 1.0000000
1.9883048 1.0000000 0.9091258 1.0000000
1.9885074 1.0000000 0.7586555 1.0000000
1.9885099 1.0000000 0.8823839 1.0000000
1.9888370 1.0000000 0.7121572 1.0000000
1.9889029 1.0000000 0.8203277 1.0000000
1.9892097 1.0000000 0.2923995 1.0000000
1.9900813 1.0000000 0.2613638 1.0000000
1.9905647 1.0000000 0.8430336 1.0000000
1.9913356 1.0000000 0.3058446 1.0000000
1.9916051 1.0000000 0.1726240 1.0000000
1.9919448 1.0000000 0.6976962 1.0000000
1.9923100 1.0000000 0.3406878 1.0000000
1.9923258 1.0000000 0.1782080 1.0000000
1.9924498 1.0000000 0.7897111 1.0000000
1.9930555 1.0000000 0.7225242 1.0000000
1.9935665 1.0000000 0.7203066 1.0000000
1.9940534 1.0000000 0.0816507 1.0000000
1.9946337 1.0000000 0.9893788 1.0000000
1.9956548 1.0000000 0.8880684 1.0000000
1.9968354 1.0000000 0.2931813 1.0000000
1.9974263 1.0000000 0.2216327 1.0000000
1.9986489 1.0000000 0.2676886 1.0000000
1.9988359 1.0000000 0.2819541 1.0000000
2.0005439 1.0000000 0.7149188 1.0000000
2.0007312 1.0000000 0.9242077 1.0000000
2.0010579 1.0000000 0.9252192 1.0000000
2.0031553 1.0000000 0.9857850 1.0000000
2.0032041 1.0000000 0.7359528 1.0000000
2.0037086 1.0000000 0.8620627 1.0000000
2.0044836 1.0000000 0.9501462 1.0000000
2.0047327 1.0000000 0.2263869 1.0000000
2.0048171 1.0000000 0.9666618 1.0000000
2.0049672 1.0000000 0.8975300 1.0000000
2.0053028 1.0000000 0.9096203 1.0000000
2.0057185 1.0000000 0.2717074 1.0000000
2.0069280 1.0000000 0.3332976 1.0000000
2.0078131 1.0000000 0.1238517 1.0000000
2.0087834 1.0000000 0.7371037 1.0000000
2.0096986 1.0000000 0.8278441 1.0000000
2.0105104 1.0000000 0.8525455 1.0000000
2.0108245 1.0000000 0.1563077 1.0000000
2.0112113 1.0000000 0.1486300 1.0000000
2.0112877 1.0000000 0.8463136 1.0000000
2.0123517 1.0000000 0.8590700 1.0000000
2.0124627 1.0000000 0.7505245 1.0000000
2.0124982 1.0000000 0.0889951 1.0000000
2.0130373 1.0000000 0.9125312 1.0000000
2.0135080 1.0000000 0.7567276 1.0000000
2.0136295 1.0000000 0.3185908 1.0000000
2.0138895 1.0000000 0.1677488 1.0000000
2.0139778 1.0000000 0.2315204 1.0000000
2.0141374 1.0000000 0.1835711 1.0000000
2.0143527 1.0000000 0.8590125 1.0000000
2.0147464 1.0000000 0.2131538 1.0000000
2.0163896 1.0000000 0.2263171 1.0000000
2.0169717 1.0000000 0.2052496 1.0000000
2.0197668 1.0000000 0.1920907 1.0000000
2.0199548 1.0000000 0.8663670 1.0000000
2.0201448 1.0000000 0.0857311 1.0000000
2.0201535 1.0000000 0.6775633 1.0000000
2.0207337 1.0000000 0.6992859 1.0000000
2.0207575 1.0000000 0.1282735 1.0000000
2.0214049 1.0000000 0.7818235 1.0000000
2.0226885 1.0000000 0.2192822 1.0000000
2.0227773 1.0000000 0.0745096 1.0000000
2.0236411 1.0000000 0.8836754 1.0000000
2.0243889 1.0000000 0.9844692 1.0000000
2.0244552 1.0000000 0.9226517 1.0000000
2.0245789 1.0000000 0.9871399 1.0000000
2.0250188 1.0000000 0.1027975 1.0000000
2.0255811 1.0000000 0.8037647 1.0000000
2.0262122 1.0000000 0.1819740 1.0000000
2.0267697 1.0000000 0.3622960 1.0000000
2.0270176 1.0000000 0.2606897 1.0000000
2.0271009 1.0000000 0.2112534 1.0000000
2.0273702 1.0000000 0.9386543 1.0000000
2.0274609 1.0000000 0.7468236 1.0000000
2.0286089 1.0000000 0.8022858 1.0000000
2.0287107 1.0000000 0.8434197 1.0000000
2.0288535 1.0000000 0.2470166 1.0000000
2.0298449 1.0000000 0.2296514 1.0000000
2.0298624 1.0000000 0.7944990 1.0000000
2.0299619 1.0000000 0.6660978 1.0000000
2.0301264 1.0000000 0.7118597 1.0000000
2.0301494 1.0000000 1.0434886 1.0000000
2.0311737 1.0000000 0.1427651 1.0000000
2.0314687 1.0000000 0.1242370 1.0000000
2.0319374 1.0000000 0.1103347 1.0000000
2.0320228 1.0000000 0.8405492 1.0000000
2.0322067 1.0000000 0.1297073 1.0000000
2.0323548 1.0000000 0.3204813 1.0000000
2.0333524 1.0000000 0.7136309 1.0000000
2.0339269 1.0000000 0.6953039 1.0000000
2.0355973 1.0000000 0.2337638 1.0000000
2.0363825 1.0000000 0.2304599 1.0000000
2.0368670 1.0000000 0.1366555 1.0000000
2.0371880 1.0000000 0.9019235 1.0000000
2.0380233 1.0000000 0.2356900 1.0000000
2.0384492 1.0000000 0.7942072 1.0000000
2.0388680 1.0000000 0.7052400 1.0000000
2.0389446 1.0000000 0.2581210 1.0000000
2.0395410 1.0000000 0.2108191 1.0000000
2.0397931 1.0000000 0.2395131 1.0000000
2.0406864 1.0000000 0.2478175 1.0000000
2.0413164 1.0000000 0.9589246 1.0000000
2.0414690 1.0000000 0.9505062 1.0000000
2.0414736 1.0000000 0.1122685 1.0000000
2.0415462 1.0000000 0.7500494 1.0000000
2.0418026 1.0000000 0.1494716 1.0000000
2.0426826 1.0000000 0.7426666 1.0000000
2.0427846 1.0000000 0.1829434 1.0000000
2.0435848 1.0000000 0.3121251 1.0000000
2.0436388 1.0000000 0.7531320 1.0000000
2.0438611 1.0000000 0.2133140 1.0000000
2.0445611 1.0000000 0.2447226 1.0000000
2.0449494 1.0000000 0.7897735 1.0000000
2.0464345 1.0000000 0.1630464 1.0000000
2.0466324 1.0000000 0.1509936 1.0000000
2.0469409 1.0000000 0.7634639 1.0000000
2.0471554 1.0000000 0.1410893 1.0000000
2.0476788 1.0000000 0.1261375 1.0000000
2.0482691 1.0000000 0.8228496 1.0000000
2.0485611 1.0000000 0.1765557 1.0000000
2.0486073 1.0000000 0.7473599 1.0000000
2.0490334 1.0000000 0.7888896 1.0000000
2.0497269 1.0000000 0.8704080 1.0000000
2.0497885 1.0000000 0.3515013 1.0000000
2.0498732 1.0000000 0.9369344 1.0000000
2.0502979 1.0000000 0.8673817 1.0000000
2.0505186 1.0000000 1.0142784 1.0000000
2.0509582 1.0000000 0.7626103 1.0000000
2.0512174 1.0000000 0.8173676 1.0000000
2.0524853 1.0000000 0.6022397 1.0000000
2.0546207 1.0000000 0.6796688 1.0000000
2.0551725 1.0000000 0.1546569 1.0000000
2.0560484 1.0000000 0.2577271 1.0000000
2.0564088 1.0000000 0.6875489 1.0000000
2.0568302 1.0000000 0.7248472 1.0000000
2.0577709 1.0000000 0.2154215 1.0000000
2.0593845 1.0000000 0.8254876 1.0000000
2.0604368 1.0000000 1.0131057 1.0000000
2.0607861 1.0000000 0.1368657 1.0000000
2.0608181 1.0000000 0.7176847 1.0000000
2.0612784 1.0000000 0.9001316 1.0000000
2.0616597 1.0000000 0.1114884 1.0000000
2.0618528 1.0000000 0.8376617 1.0000000
2.0620219 1.0000000 0.8190752 1.0000000
2.0628803 1.0000000 0.7769538 1.0000000
2.0631723 1.0000000 0.6230328 1.0000000
2.0641857 1.0000000 0.7069194 1.0000000
2.0645364 1.0000000 0.9295810 1.0000000
2.0646333 1.0000000 0.8139515 1.0000000
2.0658710 1.0000000 0.7592901 1.0000000
2.0660007 1.0000000 0.9305970 1.0000000
2.0668477 1.0000000 0.1955037 1.0000000
2.0669811 1.0000000 0.1690092 1.0000000
2.0675886 1.0000000 0.7859411 1.0000000
2.0675887 1.0000000 0.0000000 1.0000000
2.0678924 1.0000000 0.9018708 1.0000000
2.0679779 1.0000000 0.0000000 1.0000000
2.0691108 1.0000000 0.2366608 1.0000000
2.0693572 1.0000000 0.0524811 1.0000000
2.0698288 1.0000000 0.8658323 1.0000000
2.0698927 1.0000000 0.9630211 1.0000000
2.0702957 1.0000000 0.9907552 1.0000000
2.0710852 1.0000000 0.8821840 1.0000000
2.0716333 1.0000000 0.3676965 1.0000000
2.0723516 1.0000000 0.0892129 1.0000000
2.0724761 1.0000000 0.2288644 1.0000000
2.0731374 1.0000000 0.8277972 1.0000000
2.0736689 1.0000000 0.7764205 1.0000000
2.0741342 1.0000000 0.3004822 1.0000000
2.0743364 1.0000000 0.1370897 1.0000000
2.0751243 1.0000000 0.7872778 1.0000000
2.0755245 1.0000000 0.6834647 1.0000000
2.0758236 1.0000000 0.0394629 1.0000000
2.0760418 1.0000000 0.0251928 1.0000000
2.0761181 1.0000000 0.7947213 1.0000000
2.0761412 1.0000000 0.8939502 1.0000000
2.0774115 1.0000000 0.0935456 1.0000000
2.0779385 1.0000000 0.7517319 1.0000000
2.0783219 1.0000000 0.6826212 1.0000000
2.0785467 1.0000000 0.7338795 1.0000000
2.0786705 1.0000000 0.7166716 1.0000000
2.0787154 1.0000000 0.8123078 1.0000000
2.0801376 1.0000000 0.2899138 1.0000000
2.0805992 1.0000000 0.7436907 1.0000000
2.0811287 1.0000000 1.0151872 1.0000000
2.0815435 1.0000000 0.2405303 1.0000000
2.0835647 1.0000000 0.2388135 1.0000000
2.0836236 1.0000000 0.8854336 1.0000000
2.0840606 1.0000000 0.9401351 1.0000000
2.0846216 1.0000000 0.2152160 1.0000000
2.0848811 1.0000000 0.2288107 1.0000000
2.0849341 1.0000000 0.8932851 1.0000000
2.0849411 1.0000000 0.0891892 1.0000000
2.0850118 1.0000000 0.6575108 1.0000000
2.0868842 1.0000000 0.1478548 1.0000000
2.0871495 1.0000000 0.8574360 1.0000000
2.0877071 1.0000000 0.2215999 1.0000000
2.0892905 1.0000000 0.1200046 1.0000000
2.0909647 1.0000000 0.6082763 1.0000000
2.0918099 1.0000000 0.1455298 1.0000000
2.0926780 1.0000000 0.8306970 1.0000000
2.0935368 1.0000000 0.2021848 1.0000000
2.0935528 1.0000000 0.2891437 1.0000000
2.0937176 1.0000000 0.9348384 1.0000000
2.0938995 1.0000000 0.6394697 1.0000000
2.0941411 1.0000000 0.1751788 1.0000000
2.0951743 1.0000000 0.8197291 1.0000000
2.0951861 1.0000000 0.7791799 1.0000000
2.0956808 1.0000000 0.1427969 1.0000000
2.0970692 1.0000000 0.1961109 1.0000000
2.0973623 1.0000000 0.8177347 1.0000000
2.0976355 1.0000000 0.7891202 1.0000000
2.0979407 1.0000000 0.2682930 1.0000000
2.0980078 1.0000000 0.9239159 1.0000000
2.0987284 1.0000000 0.7599591 1.0000000
2.0987554 1.0000000 0.0000000 1.0000000
2.0988147 1.0000000 0.7313626 1.0000000
2.0996793 1.0000000 0.6978473 1.0000000
2.0999174 1.0000000 0.8791770 1.0000000
2.1000805 1.0000000 0.6569488 1.0000000
2.1012716 1.0000000 0.2395083 1.0000000
2.1018928 1.0000000 0.0816968 1.0000000
2.1024533 1.0000000 0.0950757 1.0000000
2.1030333 1.0000000 0.1167666 1.0000000
2.1030794 1.0000000 0.9509526 1.0000000
2.1040850 1.0000000 0.1410060 1.0000000
2.1050932 1.0000000 0.2641574 1.0000000
2.1052210 1.0000000 0.0000000 1.0000000
2.1059230 1.0000000 0.6871839 1.0000000
2.1061481 1.0000000 0.9850855 1.0000000
2.1063009 1.0000000 0.6682016 1.0000000
2.1069193 1.0000000 0.9336856 1.0000000
2.1070261 1.0000000 1.0500809 1.0000000
2.1081524 1.0000000 0.1422750 1.0000000
2.1087057 1.0000000 0.7975293 1.0000000
2.1089367 1.0000000 0.8802135 1.0000000
2.1097273 1.0000000 0.7895053 1.0000000
2.1099303 1.0000000 0.0549945 1.0000000
2.1100357 1.0000000 0.1114523 1.0000000
2.1109198 1.0000000 0.1918947 1.0000000
2.1113308 1.0000000 0.7163991 1.0000000
2.1114840 1.0000000 0.0435133 1.0000000
2.1120641 1.0000000 0.8655303 1.0000000
2.1120991 1.0000000 0.1376264 1.0000000
2.1121542 1.0000000 0.8425677 1.0000000
2.1136797 1.0000000 0.9845888 1.0000000
2.1148971 1.0000000 0.0523614 1.0000000
2.1151238 1.0000000 0.8547632 1.0000000
2.1156004 1.0000000 0.9567810 1.0000000
2.1161550 1.0000000 0.9054925 1.0000000
2.1163789 1.0000000 0.1193320 1.0000000
2.1172564 1.0000000 0.8025951 1.0000000
2.1175663 1.0000000 0.8961692 1.0000000
2.1190674 1.0000000 0.9006938 1.0000000
2.1192275 1.0000000 0.0556638 1.0000000
2.1194616 1.0000000 0.7341329 1.0000000
2.1195587 1.0000000 0.7816883 1.0000000
2.1197203 1.0000000 0.0931140 1.0000000
2.1198537 1.0000000 0.9423381 1.0000000
2.1200158 1.0000000 0.3645965 1.0000000
2.1205656 1.0000000 0.1265471 1.0000000
2.1208598 1.0000000 0.9295045 1.0000000
2.1211701 1.0000000 0.7313229 1.0000000
2.1220987 1.0000000 0.2595618 1.0000000
2.1222425 1.0000000 0.7245820 1.0000000
2.1225350 1.0000000 0.7811412 1.0000000
2.1229809 1.0000000 0.0000000 1.0000000
2.1231609 1.0000000 0.1119749 1.0000000
2.1237223 1.0000000 0.8381205 1.0000000
2.1238406 1.0000000 0.3831843 1.0000000
2.1251471 1.0000000 0.0525575 1.0000000
2.1251508 1.0000000 0.6320275 1.0000000
2.1261324 1.0000000 0.7138050 1.0000000
2.1261370 1.0000000 0.8780354 1.0000000
2.1263451 1.0000000 0.9244985 1.0000000
2.1274620 1.0000000 0.0278866 1.0000000
2.1279991 1.0000000 0.0483088 1.0000000
2.1286343 1.0000000 0.2443139 1.0000000
2.1295613 1.0000000 0.6827027 1.0000000
2.1307823 1.0000000 0.9093268 1.0000000
2.1312359 1.0000000 0.8564220 1.0000000
2.1319500 1.0000000 0.7684511 1.0000000
2.1321879 1.0000000 0.7219176 1.0000000
2.1341421 1.0000000 0.1639012 1.0000000
2.1342277 1.0000000 0.0879273 1.0000000
2.1348882 1.0000000 0.8375735 1.0000000
2.1351093 1.0000000 0.2247456 1.0000000
2.1361618 1.0000000 0.1854223 1.0000000
2.1364738 1.0000000 0.7605011 1.0000000
2.1374065 1.0000000 0.0396911 1.0000000
2.1380127 1.0000000 0.1513683 1.0000000
2.1381393 1.0000000 0.1040990 1.0000000
2.1384765 1.0000000 0.6910049 1.0000000
2.1398216 1.0000000 0.8952177 1.0000000
2.1400081 1.0000000 0.0000000 1.0000000
2.1401359 1.0000000 0.1141352 1.0000000
2.1405144 1.0000000 0.1416781 1.0000000
2.1405339 1.0000000 0.1721647 1.0000000
2.1406490 1.0000000 0.8917360 1.0000000
2.1407149 1.0000000 0.6479204 1.0000000
2.1409690 1.0000000 0.2697637 1.0000000
2.1415748 1.0000000 0.7862779 1.0000000
2.1417579 1.0000000 0.1589596 1.0000000
2.1426039 1.0000000 0.0993096 1.0000000
2.1427784 1.0000000 0.0862163 1.0000000
2.1428577 1.0000000 0.0000000 1.0000000
2.1432691 1.0000000 0.7862874 1.0000000
2.1445208 1.0000000 0.2217455 1.0000000
2.1457562 1.0000000 0.9573078 1.0000000
2.1461926 1.0000000 0.8753280 1.0000000
2.1464750 1.0000000 0.7790563 1.0000000
2.1470034 1.0000000 0.0000000 1.0000000
2.1471443 1.0000000 0.9711261 1.0000000
2.1477539 1.0000000 0.8103500 1.0000000
2.1478409 1.0000000 0.1806171 1.0000000
2.1479369 1.0000000 0.7979710 1.0000000
2.1492514 1.0000000 0.0600964 1.0000000
2.1498923 1.0000000 0.1457758 1.0000000
2.1501960 1.0000000 1.0430156 1.0000000
2.1506278 1.0000000 0.8304737 1.0000000
2.1509250 1.0000000 0.8008819 1.0000000
2.1536843 1.0000000 0.1168461 1.0000000
2.1537493 1.0000000 0.1394303 1.0000000
2.1539278 1.0000000 0.0761240 1.0000000
2.1546448 1.0000000 0.0436160 1.0000000
2.1547366 1.0000000 0.1232481 1.0000000
2.1553117 1.0000000 0.0229646 1.0000000
2.1555515 1.0000000 0.1648593 1.0000000
2.1560046 1.0000000 0.0101342 1.0000000
2.1570614 1.0000000 0.0000000 1.0000000
2.1575028 1.0000000 1.0081897 1.0000000
2.1580182 1.0000000 0.0858031 1.0000000
2.1581109 1.0000000 0.8882312 1.0000000
2.1587173 1.0000000 0.0000000 1.0000000
2.1591300 1.0000000 0.7600776 1.0000000
2.1592333 1.0000000 0.9244489 1.0000000
2.1593604 1.0000000 0.7728215 1.0000000
2.1594115 1.0000000 0.7234876 1.0000000
2.1594602 1.0000000 0.0391806 1.0000000
2.1607762 1.0000000 0.8600926 1.0000000
2.1613432 1.0000000 0.7598669 1.0000000
2.1615414 1.0000000 0.2724319 1.0000000
2.1616053 1.0000000 0.0324298 1.0000000
2.1617685 1.0000000 0.8173045 1.0000000
2.1625323 1.0000000 0.8048217 1.0000000
2.1640960 1.0000000 0.0493941 1.0000000
2.1642255 1.0000000 0.7483946 1.0000000
2.1645183 1.0000000 1.0000952 1.0000000
2.1646766 1.0000000 0.0000000 1.0000000
2.1657651 1.0000000 0.7914790 1.0000000
2.1661904 1.0000000 0.0545606 1.0000000
2.1661985 1.0000000 0.7844306 1.0000000
2.1662180 1.0000000 0.0483281 1.0000000
2.1662964 1.0000000 0.2654011 1.0000000
2.1664024 1.0000000 0.7341418 1.0000000
2.1683638 1.0000000 0.0918244 1.0000000
2.1696550 1.0000000 0.0666256 1.0000000
2.1711189 1.0000000 0.0600506 1.0000000
2.1739318 1.0000000 0.1644444 1.0000000
2.1744667 1.0000000 0.0332465 1.0000000
2.1746043 1.0000000 0.0000000 1.0000000
2.1753966 1.0000000 0.6893168 1.0000000
2.1760122 1.0000000 0.7500258 1.0000000
2.1769659 1.0000000 0.0000000 1.0000000
2.1772926 1.0000000 0.0001715 1.0000000
2.1776832 1.0000000 0.0000000 1.0000000
2.1776980 1.0000000 0.6428335 1.0000000
2.1780159 1.0000000 0.1536540 1.0000000
2.1793207 1.0000000 0.0000000 1.0000000
2.1807773 1.0000000 0.9812430 1.0000000
2.1831351 1.0000000 0.2759025 1.0000000
2.1839834 1.0000000 0.0178505 1.0000000
2.1849593 1.0000000 0.9512947 1.0000000
2.1852593 1.0000000 0.8897575 1.0000000
2.1858220 1.0000000 0.0893363 1.0000000
2.1868140 1.0000000 0.7793570 1.0000000
2.1869460 1.0000000 0.7372445 1.0000000
2.1870204 1.0000000 0.8109395 1.0000000
2.1870311 1.0000000 0.0907153 1.0000000
2.1874467 1.0000000 0.6861329 1.0000000
2.1878114 1.0000000 0.0348511 1.0000000
2.1879692 1.0000000 0.7847077 1.0000000
2.1880283 1.0000000 0.2026554 1.0000000
2.1882888 1.0000000 0.1155233 1.0000000
2.1885716 1.0000000 0.9111583 1.0000000
2.1912274 1.0000000 0.1159467 1.0000000
2.1913714 1.0000000 0.1037877 1.0000000
2.1913811 1.0000000 0.6784936 1.0000000
2.1920113 1.0000000 0.9835818 1.0000000
2.1926265 1.0000000 0.7513616 1.0000000
2.1933516 1.0000000 0.9017816 1.0000000
2.1937863 1.0000000 0.0497977 1.0000000
2.1956521 1.0000000 0.8327711 1.0000000
2.1957355 1.0000000 0.0870770 1.0000000
2.1961953 1.0000000 0.7118454 1.0000000
2.1964469 1.0000000 0.8785566 1.0000000
2.1969450 1.0000000 0.7057212 1.0000000
2.1979143 1.0000000 0.8280830 1.0000000
2.1983235 1.0000000 0.0131296 1.0000000
2.1987468 1.0000000 0.1001815 1.0000000
2.1992816 1.0000000 0.8629616 1.0000000
2.1994976 1.0000000 0.0998013 1.0000000
2.1997561 1.0000000 0.6300758 1.0000000
2.2005445 1.0000000 0.9214252 1.0000000
2.2005636 1.0000000 0.8990592 1.0000000
2.2007117 1.0000000 0.0000000 1.0000000
2.2009209 1.0000000 0.0000000 1.0000000
2.2014256 1.0000000 0.7393876 1.0000000
2.2022490 1.0000000 0.8603098 1.0000000
2.2028917 1.0000000 0.9288457 1.0000000
2.2029022 1.0000000 0.0859911 1.0000000
2.2031740 1.0000000 0.9632853 1.0000000
2.2042601 1.0000000 0.6639393 1.0000000
2.2045114 1.0000000 0.1182277 1.0000000
2.2047088 1.0000000 0.6114834 1.0000000
2.2047341 1.0000000 0.0294741 1.0000000
2.2050655 1.0000000 0.0613601 1.0000000
2.2052517 1.0000000 0.8327028 1.0000000
2.2061447 1.0000000 0.0667944 1.0000000
2.2063637 1.0000000 0.9350980 1.0000000
2.2064887 1.0000000 0.0000000 1.0000000
2.2071987 1.0000000 0.8537492 1.0000000
2.2084190 1.0000000 0.7752822 1.0000000
2.2104470 1.0000000 0.0512932 1.0000000
2.2105637 1.0000000 0.7154940 1.0000000
2.2105902 1.0000000 0.0376867 1.0000000
2.2108656 1.0000000 0.8301116 1.0000000
2.2142634 1.0000000 0.6376988 1.0000000
2.2144606 1.0000000 0.2318629 1.0000000
2.2151582 1.0000000 0.0832740 1.0000000
2.2155221 1.0000000 0.1966836 1.0000000
2.2160176 1.0000000 0.7880366 1.0000000
2.2161706 1.0000000 0.9432642 1.0000000
2.2165447 1.0000000 0.7615187 1.0000000
2.2174892 1.0000000 0.8371607 1.0000000
2.2175352 1.0000000 0.8036346 1.0000000
2.2176827 1.0000000 0.0000000 1.0000000
2.2179786 1.0000000 0.1412434 1.0000000
2.2193125 1.0000000 0.0011599 1.0000000
2.2197005 1.0000000 0.7689769 1.0000000
2.2201739 1.0000000 0.0000000 1.0000000
2.2231546 1.0000000 0.6861654 1.0000000
2.2237837 1.0000000 0.0930660 1.0000000
2.2239159 1.0000000 0.0376323 1.0000000
2.2241242 1.0000000 0.1732438 1.0000000
2.2241805 1.0000000 0.9505966 1.0000000
2.2272384 1.0000000 0.0144453 1.0000000
2.2274623 1.0000000 0.0000000 1.0000000
2.2280284 1.0000000 0.6489265 1.0000000
2.2282059 1.0000000 0.9479635 1.0000000
2.2288205 1.0000000 0.9006757 1.0000000
2.2290745 1.0000000 0.6974930 1.0000000
2.2295162 1.0000000 0.1591627 1.0000000
2.2301033 1.0000000 0.5660113 1.0000000
2.2301291 1.0000000 0.0000000 1.0000000
2.2335410 1.0000000 0.1966065 1.0000000
2.2339002 1.0000000 0.8667766 1.0000000
2.2352596 1.0000000 0.7754910 1.0000000
2.2354282 1.0000000 0.6186178 1.0000000
2.2384852 1.0000000 0.1456129 1.0000000
2.2390809 1.0000000 0.0000000 1.0000000
2.2393827 1.0000000 0.8366511 1.0000000
2.2404223 1.0000000 0.0361699 1.0000000
2.2412047 1.0000000 0.0083678 1.0000000
2.2419754 1.0000000 0.0830424 1.0000000
2.2420532 1.0000000 0.1330508 1.0000000
2.2420702 1.0000000 0.8287497 1.0000000
2.2431154 1.0000000 0.8755992 1.0000000
2.2434293 1.0000000 0.7203933 1.0000000
2.2437610 1.0000000 0.1904225 1.0000000
2.2438140 1.0000000 0.1261798 1.0000000
2.2439172 1.0000000 0.7823994 1.0000000
2.2439780 1.0000000 1.0206719 1.0000000
2.2440756 1.0000000 0.8673742 1.0000000
2.2442434 1.0000000 0.5417463 1.0000000
2.2445959 1.0000000 0.0060635 1.0000000
2.2446851 1.0000000 0.0000000 1.0000000
2.2447328 1.0000000 0.0000000 1.0000000
2.2451213 1.0000000 0.1701689 1.0000000
2.2454587 1.0000000 0.7636674 1.0000000
2.2456947 1.0000000 0.7253111 1.0000000
2.2459115 1.0000000 0.8141174 1.0000000
2.2459536 1.0000000 0.5987618 1.0000000
2.2465381 1.0000000 0.0000000 1.0000000
2.2466878 1.0000000 0.8531394 1.0000000
2.2472843 1.0000000 0.7279788 1.0000000
2.2485295 1.0000000 0.1828887 1.0000000
2.2493980 1.0000000 0.0000000 1.0000000
2.2503928 1.0000000 0.0020938 1.0000000
2.2505423 1.0000000 0.7448981 1.0000000
2.2509172 1.0000000 0.0261131 1.0000000
2.2510739 1.0000000 0.2676202 1.0000000
2.2511504 1.0000000 0.5763632 1.0000000
2.2514721 1.0000000 0.0261703 1.0000000
2.2518102 1.0000000 0.6821774 1.0000000
2.2537101 1.0000000 0.0000000 1.0000000
2.2539611 1.0000000 0.0462877 1.0000000
2.2541014 1.0000000 0.7069854 1.0000000
2.2544233 1.0000000 0.0000000 1.0000000
2.2547053 1.0000000 0.7740467 1.0000000
2.2550297 1.0000000 0.0307035 1.0000000
2.2552029 1.0000000 0.6296822 1.0000000
2.2557112 1.0000000 0.0000000 1.0000000
2.2568668 1.0000000 0.0293992 1.0000000
2.2587655 1.0000000 0.0000000 1.0000000
2.2589449 1.0000000 0.0000000 1.0000000
2.2590866 1.0000000 0.7837394 1.0000000
2.2611212 1.0000000 0.7362249 1.0000000
2.2612973 1.0000000 0.8449017 1.0000000
2.2613211 1.0000000 0.0593959 1.0000000
2.2616693 1.0000000 0.0971641 1.0000000
2.2624348 1.0000000 0.0000000 1.0000000
2.2626870 1.0000000 0.8384350 1.0000000
2.2634732 1.0000000 0.7150990 1.0000000
2.2639642 1.0000000 0.9224417 1.0000000
2.2648626 1.0000000 0.0000000 1.0000000
2.2651052 1.0000000 0.6288654 1.0000000
2.2651530 1.0000000 0.0000000 1.0000000
2.2660453 1.0000000 0.0533356 1.0000000
2.2663264 1.0000000 0.8013357 1.0000000
2.2665655 1.0000000 0.8252896 1.0000000
2.2683817 1.0000000 0.8013309 1.0000000
2.2687622 1.0000000 0.7916032 1.0000000
2.2694071 1.0000000 0.0000000 1.0000000
2.2707828 1.0000000 0.7307146 1.0000000
2.2708560 1.0000000 0.0937085 1.0000000
2.2717324 1.0000000 0.8077390 1.0000000
2.2720172 1.0000000 0.2638647 1.0000000
2.2721269 1.0000000 0.0598841 1.0000000
2.2721344 1.0000000 0.7734486 1.0000000
2.2721952 1.0000000 0.7814450 1.0000000
2.2722964 1.0000000 0.8725258 1.0000000
2.2727762 1.0000000 0.0015561 1.0000000
2.2737129 1.0000000 0.8236385 1.0000000
2.2743947 1.0000000 0.1365115 1.0000000
2.2748866 1.0000000 0.0000000 1.0000000
2.2750254 1.0000000 0.0609610 1.0000000
2.2772184 1.0000000 0.0000000 1.0000000
2.2773242 1.0000000 0.0000000 1.0000000
2.2777695 1.0000000 0.7824081 1.0000000
2.2787129 1.0000000 0.6958214 1.0000000
2.2802057 1.0000000 0.0827237 1.0000000
2.2805859 1.0000000 0.0000000 1.0000000
2.2811517 1.0000000 0.0000000 1.0000000
2.2812168 1.0000000 0.6464660 1.0000000
2.2813285 1.0000000 0.0000000 1.0000000
2.2814813 1.0000000 0.0782093 1.0000000
2.2821624 1.0000000 0.0000000 1.0000000
2.2822729 1.0000000 0.7938018 1.0000000
2.2824434 1.0000000 0.6715725 1.0000000
2.2825368 1.0000000 0.0000000 1.0000000
2.2826777 1.0000000 0.6315267 1.0000000
2.2840406 1.0000000 0.1164024 1.0000000
2.2843562 1.0000000 0.7134393 1.0000000
2.2846763 1.0000000 0.0000000 1.0000000
2.2846821 1.0000000 0.0000000 1.0000000
2.2848259 1.0000000 0.0000000 1.0000000
2.2851640 1.0000000 0.6551529 1.0000000
2.2852292 1.0000000 0.0000000 1.0000000
2.2855326 1.0000000 0.0298544 1.0000000
2.2856658 1.0000000 0.7929460 1.0000000
2.2858411 1.0000000 0.0000000 1.0000000
2.2858545 1.0000000 0.0000000 1.0000000
2.2863136 1.0000000 0.7235685 1.0000000
2.2866721 1.0000000 0.9642225 1.0000000
2.2871986 1.0000000 0.0000000 1.0000000
2.2872779 1.0000000 0.8539306 1.0000000
2.2877263 1.0000000 0.0000000 1.0000000
2.2882200 1.0000000 0.5896571 1.0000000
2.2894234 1.0000000 0.0000000 1.0000000
2.2895542 1.0000000 0.0000000 1.0000000
2.2897235 1.0000000 0.0301551 1.0000000
2.2900509 1.0000000 0.6326411 1.0000000
2.2907831 1.0000000 0.6679823 1.0000000
2.2908916 1.0000000 0.7400749 1.0000000
2.2911267 1.0000000 0.0000000 1.0000000
2.2915269 1.0000000 0.7920205 1.0000000
2.2918533 1.0000000 0.0686306 1.0000000
2.2918733 1.0000000 0.7886876 1.0000000
2.2921112 1.0000000 0.6621312 1.0000000
2.2923261 1.0000000 0.8195090 1.0000000
2.2927518 1.0000000 0.6985661 1.0000000
2.2928350 1.0000000 0.0490680 1.0000000
2.2928801 1.0000000 0.0649411 1.0000000
2.2930100 1.0000000 0.0000000 1.0000000
2.2931452 1.0000000 0.0000000 1.0000000
2.2936422 1.0000000 0.7602940 1.0000000
2.2938899 1.0000000 0.2160022 1.0000000
2.2939611 1.0000000 0.0110235 1.0000000
2.2941049 1.0000000 0.0000000 1.0000000
2.2942777 1.0000000 0.0000000 1.0000000
2.2950429 1.0000000 0.7634671 1.0000000
2.2957355 1.0000000 0.0357403 1.0000000
2.2974013 1.0000000 0.0043620 1.0000000
2.2975947 1.0000000 0.1681789 1.0000000
2.2984223 1.0000000 0.7361255 1.0000000
2.2987295 1.0000000 0.6651945 1.0000000
2.2996300 1.0000000 0.0501379 1.0000000
2.2997401 1.0000000 0.0763266 1.0000000
2.3005772 1.0000000 0.0615873 1.0000000
2.3011007 1.0000000 0.9013885 1.0000000
2.3011720 1.0000000 0.0000000 1.0000000
2.3025179 1.0000000 0.8686110 1.0000000
2.3032087 1.0000000 0.0000000 1.0000000
2.3033411 1.0000000 0.6911211 1.0000000
2.3034309 1.0000000 0.7456650 1.0000000
2.3036501 1.0000000 0.0000000 1.0000000
2.3042949 1.0000000 0.8139971 1.0000000
2.3055673 1.0000000 0.5324307 1.0000000
2.3063822 1.0000000 0.8953055 1.0000000
2.3065036 1.0000000 0.8442695 1.0000000
2.3067277 1.0000000 0.0000000 1.0000000
2.3077836 1.0000000 0.0000000 1.0000000
2.3087015 1.0000000 0.6345968 1.0000000
2.3091038 1.0000000 0.0000000 1.0000000
2.3092566 1.0000000 0.8329343 1.0000000
2.3098096 1.0000000 0.0589408 1.0000000
2.3099302 1.0000000 0.0853709 1.0000000
2.3106091 1.0000000 0.0000000 1.0000000
2.3106632 1.0000000 0.0000000 1.0000000
2.3109813 1.0000000 0.1239982 1.0000000
2.3120854 1.0000000 0.7716768 1.0000000
2.3127728 1.0000000 0.0000000 1.0000000
2.3143356 1.0000000 0.7838850 1.0000000
2.3144990 1.0000000 0.0039752 1.0000000
2.3150158 1.0000000 0.0000000 1.0000000
2.3154135 1.0000000 0.0180690 1.0000000
2.3158987 1.0000000 0.0000000 1.0000000
2.3169567 1.0000000 0.7510657 1.0000000
2.3170051 1.0000000 0.1115527 1.0000000
2.3180815 1.0000000 0.7931341 1.0000000
2.3182972 1.0000000 0.0000000 1.0000000
2.3186417 1.0000000 0.7899278 1.0000000
2.3191133 1.0000000 0.7461823 1.0000000
2.3193076 1.0000000 0.6992962 1.0000000
2.3193778 1.0000000 0.8283023 1.0000000
2.3202937 1.0000000 0.6867934 1.0000000
2.3203811 1.0000000 0.7482494 1.0000000
2.3204677 1.0000000 0.7523281 1.0000000
2.3206181 1.0000000 0.0000000 1.0000000
2.3206306 1.0000000 0.0000000 1.0000000
2.3206524 1.0000000 0.0000000 1.0000000
2.3214843 1.0000000 0.6205803 1.0000000
2.3220575 1.0000000 0.6905762 1.0000000
2.3223712 1.0000000 0.0000000 1.0000000
2.3226675 1.0000000 0.8317498 1.0000000
2.3233159 1.0000000 0.8556719 1.0000000
2.3249553 1.0000000 0.1229882 1.0000000
2.3251380 1.0000000 0.6026557 1.0000000
2.3251748 1.0000000 0.0000000 1.0000000
2.3267681 1.0000000 0.6046916 1.0000000
2.3268750 1.0000000 0.0000000 1.0000000
2.3270869 1.0000000 0.7944157 1.0000000
2.3272136 1.0000000 0.0000000 1.0000000
2.3273128 1.0000000 0.0000000 1.0000000
2.3277745 1.0000000 0.8034842 1.0000000
2.3278234 1.0000000 0.6471078 1.0000000
2.3282226 1.0000000 0.0599965 1.0000000
2.3282729 1.0000000 0.6721887 1.0000000
2.3284170 1.0000000 0.7529984 1.0000000
2.3287200 1.0000000 0.9113229 1.0000000
2.3287283 1.0000000 0.0260932 1.0000000
2.3298700 1.0000000 0.0000000 1.0000000
2.3303283 1.0000000 0.0000000 1.0000000
2.3304683 1.0000000 0.8376077 1.0000000
2.3306662 1.0000000 0.0000000 1.0000000
2.3310069 1.0000000 0.7099147 1.0000000
2.3315608 1.0000000 0.7827189 1.0000000
2.3320975 1.0000000 0.0000000 1.0000000
2.3326073 1.0000000 0.8575089 1.0000000
2.3328331 1.0000000 0.1191569 1.0000000
2.3330869 1.0000000 0.6077193 1.0000000
2.3354640 1.0000000 0.0971388 1.0000000
2.3360215 1.0000000 0.0000000 1.0000000
2.3364249 1.0000000 0.0214643 1.0000000
2.3383706 1.0000000 0.7736106 1.0000000
2.3384034 1.0000000 0.0000000 1.0000000
2.3394850 1.0000000 0.7501351 1.0000000
2.3397740 1.0000000 0.0634290 1.0000000
2.3405951 1.0000000 0.6314062 1.0000000
2.3406201 1.0000000 0.8992722 1.0000000
2.3413189 1.0000000 0.6313614 1.0000000
2.3414749 1.0000000 0.8846249 1.0000000
2.3415225 1.0000000 0.7867453 1.0000000
2.3419005 1.0000000 0.0000000 1.0000000
2.3419658 1.0000000 0.0000000 1.0000000
2.3420716 1.0000000 0.0000000 1.0000000
2.3421505 1.0000000 0.0465026 1.0000000
2.3425997 1.0000000 0.0000000 1.0000000
2.3427278 1.0000000 0.6435448 1.0000000
2.3433867 1.0000000 0.7262918 1.0000000
2.3444058 1.0000000 0.0000000 1.0000000
2.3445674 1.0000000 0.7441215 1.0000000
2.3448052 1.0000000 0.0366880 1.0000000
2.3457412 1.0000000 0.0000000 1.0000000
2.3462286 1.0000000 0.0000000 1.0000000
2.3467221 1.0000000 0.0856524 1.0000000
2.3470046 1.0000000 0.0000000 1.0000000
2.3472364 1.0000000 0.0000000 1.0000000
2.3473239 1.0000000 0.6198072 1.0000000
2.3473382 1.0000000 0.8723801 1.0000000
2.3473783 1.0000000 0.0223669 1.0000000
2.3477433 1.0000000 0.8312307 1.0000000
2.3483432 1.0000000 0.8434918 1.0000000
2.3494877 1.0000000 0.0000000 1.0000000
2.3499490 1.0000000 0.0000000 1.0000000
2.3506342 1.0000000 0.6550004 1.0000000
2.3513660 1.0000000 0.7704873 1.0000000
2.3513789 1.0000000 0.0000000 1.0000000
2.3516045 1.0000000 0.6339502 1.0000000
2.3516563 1.0000000 0.0000000 1.0000000
2.3517246 1.0000000 0.0000000 1.0000000
2.3524770 1.0000000 0.0000000 1.0000000
2.3526811 1.0000000 0.0000000 1.0000000
2.3540690 1.0000000 0.5766358 1.0000000
2.3548234 1.0000000 0.8099664 1.0000000
2.3549031 1.0000000 0.8251914 1.0000000
2.3556351 1.0000000 0.6744265 1.0000000
2.3556796 1.0000000 0.0627778 1.0000000
2.3558018 1.0000000 0.7444592 1.0000000
2.3558844 1.0000000 0.0000000 1.0000000
2.3571766 1.0000000 0.8110069 1.0000000
2.3576258 1.0000000 0.0000000 1.0000000
2.3578774 1.0000000 0.0000000 1.0000000
2.3588416 1.0000000 0.6675287 1.0000000
2.3591595 1.0000000 0.7303866 1.0000000
2.3592799 1.0000000 0.0000000 1.0000000
2.3595741 1.0000000 0.0000000 1.0000000
2.3600526 1.0000000 0.0000000 1.0000000
2.3605707 1.0000000 0.0000000 1.0000000
2.3611314 1.0000000 0.0000000 1.0000000
2.3616816 1.0000000 0.7907840 1.0000000
2.3618555 1.0000000 0.6414809 1.0000000
2.3628554 1.0000000 0.8251723 1.0000000
2.3629068 1.0000000 0.7309309 1.0000000
2.3646062 1.0000000 0.0000000 1.0000000
2.3647992 1.0000000 0.0436619 1.0000000
2.3656813 1.0000000 0.7605388 1.0000000
2.3660894 1.0000000 0.0000000 1.0000000
2.3663706 1.0000000 0.0234226 1.0000000
2.3668599 1.0000000 0.6298497 1.0000000
2.3671432 1.0000000 0.8077021 1.0000000
2.3671711 1.0000000 0.5889295 1.0000000
2.3672866 1.0000000 0.0862738 1.0000000
2.3682974 1.0000000 0.6981760 1.0000000
2.3686799 1.0000000 0.0000000 1.0000000
2.3692483 1.0000000 0.8686958 1.0000000
2.3693502 1.0000000 0.6618946 1.0000000
2.3694356 1.0000000 0.0000000 1.0000000
2.3700862 1.0000000 0.0000000 1.0000000
2.3701746 1.0000000 0.5076039 1.0000000
2.3707787 1.0000000 0.6647049 1.0000000
2.3718543 1.0000000 0.0000000 1.0000000
2.3723759 1.0000000 0.9157972 1.0000000
2.3727301 1.0000000 0.5306209 1.0000000
2.3732914 1.0000000 0.6585415 1.0000000
2.3735704 1.0000000 0.6739311 1.0000000
2.3751761 1.0000000 0.0000000 1.0000000
2.3754624 1.0000000 0.6531293 1.0000000
2.3761334 1.0000000 0.0000000 1.0000000
2.3777913 1.0000000 0.7323808 1.0000000
2.3781152 1.0000000 0.0000000 1.0000000
2.3788673 1.0000000 0.0000000 1.0000000
2.3789967 1.0000000 0.7260408 1.0000000
2.3796025 1.0000000 0.7700740 1.0000000
2.3797500 1.0000000 0.0000000 1.0000000
2.3798155 1.0000000 0.7388606 1.0000000
2.3804211 1.0000000 0.7930223 1.0000000
2.3805946 1.0000000 0.7748727 1.0000000
2.3806001 1.0000000 0.7546425 1.0000000
2.3809369 1.0000000 0.7531278 1.0000000
2.3812507 1.0000000 0.0000000 1.0000000
2.3820575 1.0000000 0.0902230 1.0000000
2.3824683 1.0000000 0.0000000 1.0000000
2.3827228 1.0000000 0.7343380 1.0000000
2.3845881 1.0000000 0.7264782 1.0000000
2.3847661 1.0000000 0.5491053 1.0000000
2.3853271 1.0000000 0.0000000 1.0000000
2.3853802 1.0000000 0.0000000 1.0000000
2.3859750 1.0000000 0.0000000 1.0000000
2.3864750 1.0000000 0.7427068 1.0000000
2.3867157 1.0000000 0.7355009 1.0000000
2.3869008 1.0000000 0.8176915 1.0000000
2.3872065 1.0000000 0.6339932 1.0000000
2.3872689 1.0000000 0.8312482 1.0000000
2.3878438 1.0000000 0.0000000 1.0000000
2.3878819 1.0000000 0.0000000 1.0000000
2.3881654 1.0000000 0.0000000 1.0000000
2.3882250 1.0000000 0.0291065 1.0000000
2.3886296 1.0000000 0.0000000 1.0000000
2.3894043 1.0000000 0.5080114 1.0000000
2.3897544 1.0000000 0.7236695 1.0000000
2.3903652 1.0000000 0.0000000 1.0000000
2.3906253 1.0000000 0.8373741 1.0000000
2.3915586 1.0000000 0.7527124 1.0000000
2.3918809 1.0000000 0.6486916 1.0000000
2.3920853 1.0000000 0.5476342 1.0000000
2.3922231 1.0000000 0.8163952 1.0000000
2.3922555 1.0000000 0.0000000 1.0000000
2.3923619 1.0000000 0.6622359 1.0000000
2.3927736 1.0000000 0.0000000 1.0000000
2.3942390 1.0000000 0.0000000 1.0000000
2.3946129 1.0000000 0.6959803 1.0000000
2.3959104 1.0000000 0.4743072 1.0000000
2.3964847 1.0000000 0.0000000 1.0000000
2.3979083 1.0000000 0.0000000 1.0000000
2.3982724 1.0000000 0.8406370 1.0000000
2.3984436 1.0000000 0.7502997 1.0000000
2.3985741 1.0000000 0.7479152 1.0000000
2.3987823 1.0000000 0.0000000 1.0000000
2.3995072 1.0000000 0.0000000 1.0000000
2.3996037 1.0000000 0.0000000 1.0000000
2.4004835 1.0000000 0.0000000 1.0000000
2.4007699 1.0000000 0.1738578 1.0000000
2.4008322 1.0000000 0.7117373 1.0000000
2.4009713 1.0000000 0.0000000 1.0000000
2.4019453 1.0000000 0.0097691 1.0000000
2.4026018 1.0000000 0.0000000 1.0000000
2.4033889 1.0000000 0.0000000 1.0000000
2.4036724 1.0000000 0.0000000 1.0000000
2.4040154 1.0000000 0.5493208 1.0000000
2.4040423 1.0000000 0.0000000 1.0000000
2.4042557 1.0000000 0.7024709 1.0000000
2.4052441 1.0000000 0.6774025 1.0000000
2.4053622 1.0000000 0.7993359 1.0000000
2.4054006 1.0000000 0.7276985 1.0000000
2.4057878 1.0000000 0.7456395 1.0000000
2.4058021 1.0000000 0.0929176 1.0000000
2.4058262 1.0000000 0.8658492 1.0000000
2.4067372 1.0000000 0.5916692 1.0000000
2.4067822 1.0000000 0.7718416 1.0000000
2.4069054 1.0000000 0.0000000 1.0000000
2.4073951 1.0000000 0.0000000 1.0000000
2.4077059 1.0000000 0.7571901 1.0000000
2.4078436 1.0000000 0.0000000 1.0000000
2.4083585 1.0000000 0.6145709 1.0000000
2.4084535 1.0000000 0.0000000 1.0000000
2.4097857 1.0000000 0.0000000 1.0000000
2.4098915 1.0000000 0.8184766 1.0000000
2.4099251 1.0000000 0.0000000 1.0000000
2.4109772 1.0000000 0.6339495 1.0000000
2.4110050 1.0000000 0.6828961 1.0000000
2.4115079 1.0000000 0.6622038 1.0000000
2.4118497 1.0000000 0.0000000 1.0000000
2.4118539 1.0000000 0.0000000 1.0000000
2.4121762 1.0000000 0.0000000 1.0000000
2.4130799 1.0000000 0.0000000 1.0000000
2.4139487 1.0000000 0.0000000 1.0000000
2.4139724 1.0000000 0.8350204 1.0000000
2.4146464 1.0000000 0.7647388 1.0000000
2.4148933 1.0000000 0.0000000 1.0000000
2.4155219 1.0000000 0.0000000 1.0000000
2.4157447 1.0000000 0.0000000 1.0000000
2.4159900 1.0000000 0.0000000 1.0000000
2.4162232 1.0000000 0.5608086 1.0000000
2.4163086 1.0000000 0.0000000 1.0000000
2.4168784 1.0000000 0.5912445 1.0000000
2.4170361 1.0000000 0.0000000 1.0000000
2.4171054 1.0000000 0.7576836 1.0000000
2.4187504 1.0000000 0.0000000 1.0000000
2.4194964 1.0000000 0.6747549 1.0000000
2.4213406 1.0000000 0.7599242 1.0000000
2.4216160 1.0000000 0.8134472 1.0000000
2.4223378 1.0000000 0.0000000 1.0000000
2.4223789 1.0000000 0.9123198 1.0000000
2.4225361 1.0000000 0.9256176 1.0000000
2.4235986 1.0000000 0.5756680 1.0000000
2.4245252 1.0000000 0.0000000 1.0000000
2.4245976 1.0000000 0.8454455 1.0000000
2.4247335 1.0000000 0.0000000 1.0000000
2.4249725 1.0000000 0.0000000 1.0000000
2.4250358 1.0000000 0.6363838 1.0000000
2.4257000 1.0000000 0.6261062 1.0000000
2.4261413 1.0000000 0.8737759 1.0000000
2.4261950 1.0000000 0.6732862 1.0000000
2.4266663 1.0000000 0.7495511 1.0000000
2.4274135 1.0000000 0.0000000 1.0000000
2.4283869 1.0000000 0.0000000 1.0000000
2.4284360 1.0000000 0.0000000 1.0000000
2.4288428 1.0000000 0.7185458 1.0000000
2.4291125 1.0000000 0.0000000 1.0000000
2.4300289 1.0000000 0.6927043 1.0000000
2.4304110 1.0000000 0.0000000 1.0000000
2.4307228 1.0000000 0.6476697 1.0000000
2.4308665 1.0000000 0.8036880 1.0000000
2.4319528 1.0000000 0.0000000 1.0000000
2.4320332 1.0000000 0.7966178 1.0000000
2.4326335 1.0000000 0.8248048 1.0000000
2.4334063 1.0000000 0.7291910 1.0000000
2.4334234 1.0000000 0.0000000 1.0000000
2.4338217 1.0000000 0.0000000 1.0000000
2.4341508 1.0000000 0.0000000 1.0000000
2.4342517 1.0000000 0.0000000 1.0000000
2.4344192 1.0000000 0.6390708 1.0000000
2.4351345 1.0000000 0.6452907 1.0000000
2.4352098 1.0000000 0.8159886 1.0000000
2.4365105 1.0000000 0.0000000 1.0000000
2.4378521 1.0000000 0.6187048 1.0000000
2.4382746 1.0000000 0.6818805 1.0000000
2.4387377 1.0000000 0.6966174 1.0000000
2.4389539 1.0000000 0.7853703 1.0000000
2.4392117 1.0000000 0.7752544 1.0000000
2.4393910 1.0000000 0.0000000 1.0000000
2.4394991 1.0000000 0.6277846 1.0000000
2.4398256 1.0000000 0.0000000 1.0000000
2.4402258 1.0000000 0.9457113 1.0000000
2.4402459 1.0000000 0.6700505 1.0000000
2.4406269 1.0000000 0.7123566 1.0000000
2.4407859 1.0000000 0.8298258 1.0000000
2.4409445 1.0000000 0.0000000 1.0000000
2.4410805 1.0000000 0.0000000 1.0000000
2.4413696 1.0000000 0.7403602 1.0000000
2.4420853 1.0000000 0.7811406 1.0000000
2.4422265 1.0000000 0.6767489 1.0000000
2.4429683 1.0000000 0.0000000 1.0000000
2.4433806 1.0000000 0.6642453 1.0000000
2.4441420 1.0000000 0.6832287 1.0000000
2.4450149 1.0000000 0.5124794 1.0000000
2.4454594 1.0000000 0.9725439 1.0000000
2.4463669 1.0000000 0.0000000 1.0000000
2.4465140 1.0000000 0.0000000 1.0000000
2.4470416 1.0000000 0.7341570 1.0000000
2.4474925 1.0000000 0.0000000 1.0000000
2.4478132 1.0000000 0.5656449 1.0000000
2.4483219 1.0000000 0.7208479 1.0000000
2.4483985 1.0000000 0.7599396 1.0000000
2.4490255 1.0000000 0.0000000 1.0000000
2.4492209 1.0000000 0.6694447 1.0000000
2.4494711 1.0000000 0.5593623 1.0000000
2.4509600 1.0000000 0.7199272 1.0000000
2.4512851 1.0000000 0.7457354 1.0000000
2.4515092 1.0000000 0.0000000 1.0000000
2.4516109 1.0000000 0.7092089 1.0000000
2.4516532 1.0000000 0.0000000 1.0000000
2.4516577 1.0000000 0.6296892 1.0000000
2.4518692 1.0000000 0.6729156 1.0000000
2.4524605 1.0000000 0.1557467 1.0000000
2.4525457 1.0000000 0.6056156 1.0000000
2.4539416 1.0000000 0.6516435 1.0000000
2.4556011 1.0000000 0.7592355 1.0000000
2.4556412 1.0000000 0.0000000 1.0000000
2.4562491 1.0000000 0.6562792 1.0000000
2.4564119 1.0000000 0.7617127 1.0000000
2.4567449 1.0000000 0.7290360 1.0000000
2.4567640 1.0000000 0.7414669 1.0000000
2.4570532 1.0000000 0.0000000 1.0000000
2.4587762 1.0000000 0.0000000 1.0000000
2.4588037 1.0000000 0.7588209 1.0000000
2.4589914 1.0000000 0.5801966 1.0000000
2.4590647 1.0000000 0.7970613 1.0000000
2.4592796 1.0000000 0.6997629 1.0000000
2.4597934 1.0000000 0.0000000 1.0000000
2.4606230 1.0000000 0.9501856 1.0000000
2.4610962 1.0000000 0.0000000 1.0000000
2.4610992 1.0000000 0.0000000 1.0000000
2.4614491 1.0000000 0.0000000 1.0000000
2.4614704 1.0000000 0.7661688 1.0000000
2.4619379 1.0000000 0.0000000 1.0000000
2.4621414 1.0000000 0.6830145 1.0000000
2.4632693 1.0000000 0.0000000 1.0000000
2.4634936 1.0000000 0.0232606 1.0000000
2.4638992 1.0000000 0.0000000 1.0000000
2.4645435 1.0000000 0.7771033 1.0000000
2.4647006 1.0000000 0.8101238 1.0000000
2.4657982 1.0000000 0.5972309 1.0000000
2.4658691 1.0000000 0.5313210 1.0000000
2.4659307 1.0000000 0.7724898 1.0000000
2.4660311 1.0000000 0.7829530 1.0000000
2.4670214 1.0000000 0.7570039 1.0000000
2.4675857 1.0000000 0.0000000 1.0000000
2.4684018 1.0000000 0.7721627 1.0000000
2.4686496 1.0000000 0.6560669 1.0000000
2.4688950 1.0000000 0.7267457 1.0000000
2.4690652 1.0000000 0.8934453 1.0000000
2.4697988 1.0000000 0.8382825 1.0000000
2.4704963 1.0000000 0.0000000 1.0000000
2.4706404 1.0000000 0.6338665 1.0000000
2.4712246 1.0000000 0.0000000 1.0000000
2.4714884 1.0000000 0.0000000 1.0000000
2.4714908 1.0000000 0.0000000 1.0000000
2.4718472 1.0000000 0.7339395 1.0000000
2.4719975 1.0000000 0.0000000 1.0000000
2.4725146 1.0000000 0.8461599 1.0000000
2.4727731 1.0000000 0.6763005 1.0000000
2.4730347 1.0000000 0.0000000 1.0000000
2.4742531 1.0000000 0.7594729 1.0000000
2.4743628 1.0000000 0.0000000 1.0000000
2.4746880 1.0000000 0.6677463 1.0000000
2.4747163 1.0000000 0.6908347 1.0000000
2.4749426 1.0000000 0.0000000 1.0000000
2.4755094 1.0000000 0.6164339 1.0000000
2.4759753 1.0000000 0.7314622 1.0000000
2.4760559 1.0000000 0.0000000 1.0000000
2.4762200 1.0000000 0.7064010 1.0000000
2.4766820 1.0000000 0.8008749 1.0000000
2.4773545 1.0000000 0.0000000 1.0000000
2.4774311 1.0000000 0.0000000 1.0000000
2.4780961 1.0000000 0.0000000 1.0000000
2.4784292 1.0000000 0.6403043 1.0000000
2.4786256 1.0000000 0.6746723 1.0000000
2.4788469 1.0000000 0.0000000 1.0000000
2.4805733 1.0000000 0.0000000 1.0000000
2.4810597 1.0000000 0.7612224 1.0000000
2.4812079 1.0000000 0.0000000 1.0000000
2.4815790 1.0000000 0.0000000 1.0000000
2.4820306 1.0000000 0.0000000 1.0000000
2.4822288 1.0000000 0.7452373 1.0000000
2.4830925 1.0000000 0.0000000 1.0000000
2.4832034 1.0000000 0.6566929 1.0000000
2.4839045 1.0000000 0.0000000 1.0000000
2.4856771 1.0000000 0.7309501 1.0000000
2.4858706 1.0000000 0.0000000 1.0000000
2.4860450 1.0000000 0.6770590 1.0000000
2.4863041 1.0000000 0.7026114 1.0000000
2.4866603 1.0000000 0.4265818 1.0000000
2.4869311 1.0000000 0.0000000 1.0000000
2.4890276 1.0000000 0.0000000 1.0000000
2.4893186 1.0000000 0.0000000 1.0000000
2.4903234 1.0000000 0.6993854 1.0000000
2.4912370 1.0000000 0.0000000 1.0000000
2.4917361 1.0000000 0.5978540 1.0000000
2.4923683 1.0000000 0.7891867 1.0000000
2.4928464 1.0000000 0.7239588 1.0000000
2.4930302 1.0000000 0.0000000 1.0000000
2.4932903 1.0000000 0.6466054 1.0000000
2.4945038 1.0000000 0.6882484 1.0000000
2.4966585 1.0000000 0.0000000 1.0000000
2.4972265 1.0000000 0.0000000 1.0000000
2.4973989 1.0000000 0.5897525 1.0000000
2.4974974 1.0000000 0.0000000 1.0000000
2.4976198 1.0000000 0.0000000 1.0000000
2.4978655 1.0000000 0.9214188 1.0000000
2.4981782 1.0000000 0.6412068 1.0000000
2.4983778 1.0000000 0.8218944 1.0000000
2.4984824 1.0000000 0.0000000 1.0000000
2.4986120 1.0000000 0.8292749 1.0000000
2.5018383 1.0000000 0.8542193 1.0000000
2.5025155 1.0000000 0.7525557 1.0000000
2.5027696 1.0000000 0.0000000 1.0000000
2.5027744 1.0000000 0.0000000 1.0000000
2.5030399 1.0000000 0.0000000 1.0000000
2.5034840 1.0000000 0.6090151 1.0000000
2.5037059 1.0000000 0.6209930 1.0000000
2.5037401 1.0000000 0.0000000 1.0000000
2.5040563 1.0000000 0.0000000 1.0000000
2.5045105 1.0000000 0.7129459 1.0000000
2.5049251 1.0000000 0.0000000 1.0000000
2.5057397 1.0000000 0.7622598 1.0000000
2.5062281 1.0000000 0.0000000 1.0000000
2.5064432 1.0000000 0.0000000 1.0000000
2.5064929 1.0000000 0.7086760 1.0000000
2.5065511 1.0000000 0.6834917 1.0000000
2.5069814 1.0000000 0.0000000 1.0000000
2.5073116 1.0000000 0.0000000 1.0000000
2.5075460 1.0000000 0.7547099 1.0000000
2.5076255 1.0000000 0.0000000 1.0000000
2.5081842 1.0000000 0.6324686 1.0000000
2.5087941 1.0000000 0.0000000 1.0000000
2.5090383 1.0000000 0.0000000 1.0000000
2.5091899 1.0000000 0.0000000 1.0000000
2.5093664 1.0000000 0.6724037 1.0000000
2.5093834 1.0000000 0.7396503 1.0000000
2.5096805 1.0000000 0.7248322 1.0000000
2.5112828 1.0000000 0.6339705 1.0000000
2.5121258 1.0000000 0.0000000 1.0000000
2.5127814 1.0000000 0.6675854 1.0000000
2.5129314 1.0000000 0.6038783 1.0000000
2.5133772 1.0000000 0.0000000 1.0000000
2.5151379 1.0000000 0.0000000 1.0000000
2.5154604 1.0000000 0.0000000 1.0000000
2.5155588 1.0000000 0.6353453 1.0000000
2.5158581 1.0000000 0.0000000 1.0000000
2.5161704 1.0000000 0.0000000 1.0000000
2.5163060 1.0000000 0.0000000 1.0000000
2.5169516 1.0000000 0.0000000 1.0000000
2.5176248 1.0000000 0.6621806 1.0000000
2.5179451 1.0000000 0.0000000 1.0000000
2.5182951 1.0000000 0.7356477 1.0000000
2.5185061 1.0000000 0.6604975 1.0000000
2.5192022 1.0000000 0.0000000 1.0000000
2.5198859 1.0000000 0.8313146 1.0000000
2.5204293 1.0000000 0.0000000 1.0000000
2.5212532 1.0000000 0.0000000 1.0000000
2.5219640 1.0000000 0.8362090 1.0000000
2.5226784 1.0000000 0.8704347 1.0000000
2.5227593 1.0000000 0.6571710 1.0000000
2.5231772 1.0000000 0.6102507 1.0000000
2.5232929 1.0000000 0.0000000 1.0000000
2.5235073 1.0000000 0.0000000 1.0000000
2.5252593 1.0000000 0.0000000 1.0000000
2.5254962 1.0000000 0.0000000 1.0000000
2.5258919 1.0000000 0.6046195 1.0000000
2.5261159 1.0000000 0.7612972 1.0000000
2.5262391 1.0000000 0.5412012 1.0000000
2.5265138 1.0000000 0.8696153 1.0000000
2.5266406 1.0000000 0.0000000 1.0000000
2.5266900 1.0000000 0.6716736 1.0000000
2.5268733 1.0000000 0.6185316 1.0000000
2.5269562 1.0000000 0.0000000 1.0000000
2.5281497 1.0000000 0.8924081 1.0000000
2.5291084 1.0000000 0.0000000 1.0000000
2.5296073 1.0000000 0.0000000 1.0000000
2.5299396 1.0000000 0.0000000 1.0000000
2.5302616 1.0000000 0.5793055 1.0000000
2.5308436 1.0000000 0.0000000 1.0000000
2.5311454 1.0000000 0.9590261 1.0000000
2.5312793 1.0000000 0.6159167 1.0000000
2.5320900 1.0000000 0.8030318 1.0000000
2.5322781 1.0000000 0.7907926 1.0000000
2.5332521 1.0000000 0.0000000 1.0000000
2.5337886 1.0000000 0.0000000 1.0000000
2.5339593 1.0000000 0.0000000 1.0000000
2.5343351 1.0000000 0.0000000 1.0000000
2.5346332 1.0000000 0.0000000 1.0000000
2.5351864 1.0000000 0.0000000 1.0000000
2.5352241 1.0000000 0.8609711 1.0000000
2.5352347 1.0000000 0.0000000 1.0000000
2.5357592 1.0000000 0.6412709 1.0000000
2.5358484 1.0000000 0.0000000 1.0000000
2.5365144 1.0000000 0.0000000 1.0000000
2.5365404 1.0000000 0.8014788 1.0000000
2.5374816 1.0000000 0.0000000 1.0000000
2.5376116 1.0000000 0.8354576 1.0000000
2.5376817 1.0000000 0.7842386 1.0000000
2.5382696 1.0000000 0.4907471 1.0000000
2.5383177 1.0000000 0.0000000 1.0000000
2.5387647 1.0000000 0.0000000 1.0000000
2.5399841 1.0000000 0.0000000 1.0000000
2.5418544 1.0000000 0.6884023 1.0000000
2.5425130 1.0000000 0.4933682 1.0000000
2.5426777 1.0000000 0.7941763 1.0000000
2.5427162 1.0000000 0.0000000 1.0000000
2.5429222 1.0000000 0.0000000 1.0000000
2.5429574 1.0000000 0.0000000 1.0000000
2.5438869 1.0000000 0.7005975 1.0000000
2.5439211 1.0000000 0.6054212 1.0000000
2.5444629 1.0000000 0.6947376 1.0000000
2.5451894 1.0000000 0.0000000 1.0000000
2.5453298 1.0000000 0.7385358 1.0000000
2.5459810 1.0000000 0.0000000 1.0000000
2.5462366 1.0000000 0.8387905 1.0000000
2.5467731 1.0000000 0.7289909 1.0000000
2.5472346 1.0000000 0.0000000 1.0000000
2.5479908 1.0000000 0.0000000 1.0000000
2.5488126 1.0000000 0.0000000 1.0000000
2.5490651 1.0000000 0.6877554 1.0000000
2.5493894 1.0000000 0.0000000 1.0000000
2.5494707 1.0000000 0.7282953 1.0000000
2.5494999 1.0000000 0.0000000 1.0000000
2.5502843 1.0000000 0.0000000 1.0000000
2.5510634 1.0000000 0.6255387 1.0000000
2.5513349 1.0000000 0.7920344 1.0000000
2.5515056 1.0000000 0.0000000 1.0000000
2.5521613 1.0000000 0.6597055 1.0000000
2.5522373 1.0000000 0.0000000 1.0000000
2.5524339 1.0000000 0.0000000 1.0000000
2.5530521 1.0000000 0.6807413 1.0000000
2.5535430 1.0000000 0.0000000 1.0000000
2.5540965 1.0000000 0.7849380 1.0000000
2.5542144 1.0000000 0.0000000 1.0000000
2.5543038 1.0000000 0.0000000 1.0000000
2.5548109 1.0000000 0.0000000 1.0000000
2.5550236 1.0000000 0.7766864 1.0000000
2.5560462 1.0000000 0.0000000 1.0000000
2.5563579 1.0000000 0.6335211 1.0000000
2.5564575 1.0000000 0.5597713 1.0000000
2.5564880 1.0000000 0.0000000 1.0000000
2.5566153 1.0000000 0.6032167 1.0000000
2.5573812 1.0000000 0.6332536 1.0000000
2.5575165 1.0000000 0.7644797 1.0000000
2.5575935 1.0000000 0.5978892 1.0000000
2.5577376 1.0000000 0.8021588 1.0000000
2.5581598 1.0000000 0.0000000 1.0000000
2.5592448 1.0000000 0.6513050 1.0000000
2.5596186 1.0000000 0.6838867 1.0000000
2.5601609 1.0000000 0.0000000 1.0000000
2.5608047 1.0000000 0.7617239 1.0000000
2.5614650 1.0000000 0.6674752 1.0000000
2.5615851 1.0000000 0.6142371 1.0000000
2.5617819 1.0000000 0.7400916 1.0000000
2.5630721 1.0000000 0.7776206 1.0000000
2.5638688 1.0000000 0.0000000 1.0000000
2.5644454 1.0000000 0.0000000 1.0000000
2.5646421 1.0000000 0.0000000 1.0000000
2.5649871 1.0000000 0.7980276 1.0000000
2.5651214 1.0000000 0.0000000 1.0000000
2.5654744 1.0000000 0.0000000 1.0000000
2.5661024 1.0000000 0.6763814 1.0000000
2.5663600 1.0000000 0.0000000 1.0000000
2.5668074 1.0000000 0.7475681 1.0000000
2.5672957 1.0000000 0.0000000 1.0000000
2.5678746 1.0000000 0.4751291 1.0000000
2.5682235 1.0000000 0.0000000 1.0000000
2.5686460 1.0000000 0.0000000 1.0000000
2.5693412 1.0000000 0.0000000 1.0000000
2.5693896 1.0000000 0.8831140 1.0000000
2.5701889 1.0000000 0.6887774 1.0000000
2.5706619 1.0000000 0.7448156 1.0000000
2.5715434 1.0000000 0.0000000 1.0000000
2.5732234 1.0000000 0.7248784 1.0000000
2.5734825 1.0000000 0.0000000 1.0000000
2.5749077 1.0000000 0.6165920 1.0000000
2.5752689 1.0000000 0.0000000 1.0000000
2.5753240 1.0000000 0.0000000 1.0000000
2.5755927 1.0000000 0.0000000 1.0000000
2.5756391 1.0000000 0.0000000 1.0000000
2.5757831 1.0000000 0.0000000 1.0000000
2.5757996 1.0000000 0.7114702 1.0000000
2.5759515 1.0000000 0.0000000 1.0000000
2.5759641 1.0000000 0.6674956 1.0000000
2.5762442 1.0000000 0.6924641 1.0000000
2.5767812 1.0000000 0.6064760 1.0000000
2.5770977 1.0000000 0.7538890 1.0000000
2.5772509 1.0000000 0.0000000 1.0000000
2.5776174 1.0000000 0.7086949 1.0000000
2.5776530 1.0000000 0.0000000 1.0000000
2.5803529 1.0000000 0.0000000 1.0000000
2.5815614 1.0000000 0.0000000 1.0000000
2.5842095 1.0000000 0.0000000 1.0000000
2.5842632 1.0000000 0.0000000 1.0000000
2.5845686 1.0000000 0.0985460 1.0000000
2.5857034 1.0000000 0.8878757 1.0000000
2.5859249 1.0000000 0.0000000 1.0000000
2.5862430 1.0000000 0.7512651 1.0000000
2.5874038 1.0000000 0.6862462 1.0000000
2.5879167 1.0000000 0.0000000 1.0000000
2.5879952 1.0000000 0.7574398 1.0000000
2.5881104 1.0000000 0.7494462 1.0000000
2.5888910 1.0000000 0.7270009 1.0000000
2.5902085 1.0000000 0.7891225 1.0000000
2.5903465 1.0000000 0.5876961 1.0000000
2.5904489 1.0000000 0.0000000 1.0000000
2.5904632 1.0000000 0.7801592 1.0000000
2.5921276 1.0000000 0.0000000 1.0000000
2.5929976 1.0000000 0.7109554 1.0000000
2.5937446 1.0000000 0.6373184 1.0000000
2.5948927 1.0000000 0.0000000 1.0000000
2.5950202 1.0000000 0.0000000 1.0000000
2.5968925 1.0000000 0.0000000 1.0000000
2.5971238 1.0000000 0.5802706 1.0000000
2.5972229 1.0000000 0.0000000 1.0000000
2.5976347 1.0000000 0.0000000 1.0000000
2.5977702 1.0000000 0.0000000 1.0000000
2.5978493 1.0000000 0.7618256 1.0000000
2.5981118 1.0000000 0.0000000 1.0000000
2.5983650 1.0000000 0.0000000 1.0000000
2.6003909 1.0000000 0.0000000 1.0000000
2.6004988 1.0000000 0.0000000 1.0000000
2.6008109 1.0000000 0.0000000 1.0000000
2.6010734 1.0000000 0.0000000 1.0000000
2.6013500 1.0000000 0.0000000 1.0000000
2.6023859 1.0000000 0.7076135 1.0000000
2.6036287 1.0000000 0.0000000 1.0000000
2.6040493 1.0000000 0.9643053 1.0000000
2.6060651 1.0000000 0.0000000 1.0000000
2.6060672 1.0000000 0.7017296 1.0000000
2.6067879 1.0000000 0.0000000 1.0000000
2.6068179 1.0000000 0.6531111 1.0000000
2.6078753 1.0000000 0.7093696 1.0000000
2.6083203 1.0000000 0.7004068 1.0000000
2.6084173 1.0000000 0.0000000 1.0000000
2.6085358 1.0000000 0.0000000 1.0000000
2.6086729 1.0000000 0.0000000 1.0000000
2.6092002 1.0000000 0.5887025 1.0000000
2.6102465 1.0000000 0.5032596 1.0000000
2.6104714 1.0000000 0.0000000 1.0000000
2.6116013 1.0000000 0.0000000 1.0000000
2.6132469 1.0000000 0.0000000 1.0000000
2.6143817 1.0000000 0.0000000 1.0000000
2.6148366 1.0000000 0.8362983 1.0000000
2.6150465 1.0000000 0.6911697 1.0000000
2.6158749 1.0000000 0.0000000 1.0000000
2.6167323 1.0000000 0.6031790 1.0000000
2.6169648 1.0000000 0.7873446 1.0000000
2.6178451 1.0000000 0.0000000 1.0000000
2.6178752 1.0000000 0.0000000 1.0000000
2.6181448 1.0000000 0.0000000 1.0000000
2.6190190 1.0000000 0.7005717 1.0000000
2.6191925 1.0000000 0.0000000 1.0000000
2.6196535 1.0000000 0.0000000 1.0000000
2.6205192 1.0000000 0.0000000 1.0000000
2.6206392 1.0000000 0.6863987 1.0000000
2.6219904 1.0000000 0.0000000 1.0000000
2.6222389 1.0000000 0.0000000 1.0000000
2.6222469 1.0000000 0.4850110 1.0000000
2.6222736 1.0000000 0.0000000 1.0000000
2.6227982 1.0000000 0.0000000 1.0000000
2.6240688 1.0000000 0.5525879 1.0000000
2.6242520 1.0000000 0.7643852 1.0000000
2.6244680 1.0000000 0.0000000 1.0000000
2.6245755 1.0000000 0.5540427 1.0000000
2.6253274 1.0000000 0.7269251 1.0000000
2.6256630 1.0000000 0.0000000 1.0000000
2.6256759 1.0000000 0.8193419 1.0000000
2.6256839 1.0000000 0.6322439 1.0000000
2.6260911 1.0000000 0.0000000 1.0000000
2.6270934 1.0000000 0.0000000 1.0000000
2.6277665 1.0000000 0.4954711 1.0000000
2.6284545 1.0000000 0.5986131 1.0000000
2.6290587 1.0000000 0.7121364 1.0000000
2.6300120 1.0000000 0.0000000 1.0000000
2.6302132 1.0000000 0.0000000 1.0000000
2.6310868 1.0000000 0.6253573 1.0000000
2.6336202 1.0000000 0.5828175 1.0000000
2.6344832 1.0000000 0.7458414 1.0000000
2.6349265 1.0000000 0.0000000 1.0000000
2.6352332 1.0000000 0.0000000 1.0000000
2.6352712 1.0000000 0.7614185 1.0000000
2.6354201 1.0000000 0.0000000 1.0000000
2.6363878 1.0000000 0.6036397 1.0000000
2.6364778 1.0000000 0.0000000 1.0000000
2.6367025 1.0000000 0.0000000 1.0000000
2.6370746 1.0000000 0.0000000 1.0000000
2.6386304 1.0000000 0.6601487 1.0000000
2.6392883 1.0000000 0.6826308 1.0000000
2.6396503 1.0000000 0.6865083 1.0000000
2.6399062 1.0000000 0.7071923 1.0000000
2.6407692 1.0000000 0.0000000 1.0000000
2.6408196 1.0000000 0.0000000 1.0000000
2.6421732 1.0000000 0.5665774 1.0000000
2.6427894 1.0000000 0.0000000 1.0000000
2.6432279 1.0000000 0.0000000 1.0000000
2.6435971 1.0000000 0.6801545 1.0000000
2.6449438 1.0000000 0.0000000 1.0000000
2.6458111 1.0000000 0.6462980 1.0000000
2.6459695 1.0000000 0.0000000 1.0000000
2.6464682 1.0000000 0.0000000 1.0000000
2.6470749 1.0000000 0.0000000 1.0000000
2.6473519 1.0000000 0.0000000 1.0000000
2.6473677 1.0000000 0.7064525 1.0000000
2.6473816 1.0000000 0.0000000 1.0000000
2.6474673 1.0000000 0.0000000 1.0000000
2.6474684 1.0000000 0.5874499 1.0000000
2.6479485 1.0000000 0.5289539 1.0000000
2.6482947 1.0000000 0.6368608 1.0000000
2.6483609 1.0000000 0.0000000 1.0000000
2.6489073 1.0000000 0.0000000 1.0000000
2.6504579 1.0000000 0.0000000 1.0000000
2.6506656 1.0000000 0.7544578 1.0000000
2.6507697 1.0000000 0.6672086 1.0000000
2.6524250 1.0000000 0.6026552 1.0000000
2.6527440 1.0000000 0.0000000 1.0000000
2.6542133 1.0000000 0.0000000 1.0000000
2.6542957 1.0000000 0.0000000 1.0000000
2.6547707 1.0000000 0.6606383 1.0000000
2.6553048 1.0000000 0.0000000 1.0000000
2.6555124 1.0000000 0.7330922 1.0000000
2.6560014 1.0000000 0.0000000 1.0000000
2.6560637 1.0000000 0.7608028 1.0000000
2.6566089 1.0000000 0.0000000 1.0000000
2.6566255 1.0000000 0.0000000 1.0000000
2.6580423 1.0000000 0.6797232 1.0000000
2.6581864 1.0000000 0.7089729 1.0000000
2.6602422 1.0000000 0.0000000 1.0000000
2.6611263 1.0000000 0.5483324 1.0000000
2.6611605 1.0000000 0.5611473 1.0000000
2.6612586 1.0000000 0.6452678 1.0000000
2.6615725 1.0000000 0.6781525 1.0000000
2.6620656 1.0000000 0.6226127 1.0000000
2.6626500 1.0000000 0.6157200 1.0000000
2.6627694 1.0000000 0.5398168 1.0000000
2.6628617 1.0000000 0.5939837 1.0000000
2.6637339 1.0000000 0.4497706 1.0000000
2.6651775 1.0000000 0.0000000 1.0000000
2.6659796 1.0000000 0.0000000 1.0000000
2.6666901 1.0000000 0.0000000 1.0000000
2.6675358 1.0000000 0.0000000 1.0000000
2.6681345 1.0000000 0.0000000 1.0000000
2.6683943 1.0000000 0.0000000 1.0000000
2.6684704 1.0000000 0.7250140 1.0000000
2.6688203 1.0000000 0.0000000 1.0000000
2.6689140 1.0000000 0.7896760 1.0000000
2.6693512 1.0000000 0.4204264 1.0000000
2.6695117 1.0000000 0.0000000 1.0000000
2.6697198 1.0000000 0.7411389 1.0000000
2.6698095 1.0000000 0.0000000 1.0000000
2.6702186 1.0000000 0.6163466 1.0000000
2.6702318 1.0000000 0.0000000 1.0000000
2.6714826 1.0000000 0.6016503 1.0000000
2.6716527 1.0000000 0.7366069 1.0000000
2.6716697 1.0000000 0.0000000 1.0000000
2.6717704 1.0000000 0.0000000 1.0000000
2.6727907 1.0000000 0.5703881 1.0000000
2.6733296 1.0000000 0.6323290 1.0000000
2.6733321 1.0000000 0.5843682 1.0000000
2.6739066 1.0000000 0.6243072 1.0000000
2.6740601 1.0000000 0.6510197 1.0000000
2.6746398 1.0000000 0.6693465 1.0000000
2.6750062 1.0000000 0.0000000 1.0000000
2.6755559 1.0000000 0.0000000 1.0000000
2.6761191 1.0000000 0.0000000 1.0000000
2.6764213 1.0000000 0.6827845 1.0000000
2.6771194 1.0000000 0.7762925 1.0000000
2.6774205 1.0000000 0.0000000 1.0000000
2.6775656 1.0000000 0.5932658 1.0000000
2.6784186 1.0000000 0.7218378 1.0000000
2.6799176 1.0000000 0.5476394 1.0000000
2.6805246 1.0000000 0.0000000 1.0000000
2.6816145 1.0000000 0.0000000 1.0000000
2.6819043 1.0000000 0.7795331 1.0000000
2.6819066 1.0000000 0.0000000 1.0000000
2.6821286 1.0000000 0.0000000 1.0000000
2.6843941 1.0000000 0.0000000 1.0000000
2.6848959 1.0000000 0.0000000 1.0000000
2.6856888 1.0000000 0.6793622 1.0000000
2.6857253 1.0000000 0.0000000 1.0000000
2.6859245 1.0000000 0.0000000 1.0000000
2.6870529 1.0000000 0.0000000 1.0000000
2.6875866 1.0000000 0.0000000 1.0000000
2.6880901 1.0000000 0.7947611 1.0000000
2.6883607 1.0000000 0.0000000 1.0000000
2.6885648 1.0000000 0.0000000 1.0000000
2.6892141 1.0000000 0.0000000 1.0000000
2.6896735 1.0000000 0.6636079 1.0000000
2.6897238 1.0000000 0.5954394 1.0000000
2.6897603 1.0000000 0.6886235 1.0000000
2.6902311 1.0000000 0.0000000 1.0000000
2.6908514 1.0000000 0.6115682 1.0000000
2.6908526 1.0000000 0.0000000 1.0000000
2.6922329 1.0000000 0.7203944 1.0000000
2.6925798 1.0000000 0.6633720 1.0000000
2.6936998 1.0000000 0.8631508 1.0000000
2.6944569 1.0000000 0.7620693 1.0000000
2.6955982 1.0000000 0.0000000 1.0000000
2.6958084 1.0000000 0.0000000 1.0000000
2.6959105 1.0000000 0.7572269 1.0000000
2.6960538 1.0000000 0.8772989 1.0000000
2.6962689 1.0000000 0.0000000 1.0000000
2.6966115 1.0000000 0.5666809 1.0000000
2.6966448 1.0000000 0.0000000 1.0000000
2.6966731 1.0000000 0.6428673 1.0000000
2.6967718 1.0000000 0.0000000 1.0000000
2.6971450 1.0000000 0.7043729 1.0000000
2.6980081 1.0000000 0.7658831 1.0000000
2.6980210 1.0000000 0.0000000 1.0000000
2.6992466 1.0000000 0.0000000 1.0000000
2.6992763 1.0000000 0.0000000 1.0000000
2.6996576 1.0000000 0.7076636 1.0000000
2.6997573 1.0000000 0.8099005 1.0000000
2.7003644 1.0000000 0.5816745 1.0000000
2.7004088 1.0000000 0.0000000 1.0000000
2.7019262 1.0000000 0.6340048 1.0000000
2.7021480 1.0000000 0.5933048 1.0000000
2.7023549 1.0000000 0.7776943 1.0000000
2.7029758 1.0000000 0.6873305 1.0000000
2.7032151 1.0000000 0.0000000 1.0000000
2.7040187 1.0000000 0.0000000 1.0000000
2.7047310 1.0000000 0.0000000 1.0000000
2.7051580 1.0000000 0.0000000 1.0000000
2.7053624 1.0000000 0.7269160 1.0000000
2.7057617 1.0000000 0.5778141 1.0000000
2.7061914 1.0000000 0.4787826 1.0000000
2.7062322 1.0000000 0.0000000 1.0000000
2.7062675 1.0000000 0.0000000 1.0000000
2.7072718 1.0000000 0.0000000 1.0000000
2.7073812 1.0000000 0.0000000 1.0000000
2.7075601 1.0000000 0.0000000 1.0000000
2.7076023 1.0000000 0.6185334 1.0000000
2.7077124 1.0000000 0.0000000 1.0000000
2.7080402 1.0000000 0.4073673 1.0000000
2.7082818 1.0000000 0.0000000 1.0000000
2.7085135 1.0000000 0.0000000 1.0000000
2.7095960 1.0000000 0.5453547 1.0000000
2.7098105 1.0000000 0.6526971 1.0000000
2.7102433 1.0000000 0.0000000 1.0000000
2.7111432 1.0000000 0.4856045 1.0000000
2.7120476 1.0000000 0.5093488 1.0000000
2.7130033 1.0000000 0.6861002 1.0000000
2.7133989 1.0000000 0.6387803 1.0000000
2.7134726 1.0000000 0.0000000 1.0000000
2.7136065 1.0000000 0.0000000 1.0000000
2.7143437 1.0000000 0.0000000 1.0000000
2.7148838 1.0000000 0.5621113 1.0000000
2.7150384 1.0000000 0.5700595 1.0000000
2.7150588 1.0000000 0.0000000 1.0000000
2.7151138 1.0000000 0.7038080 1.0000000
2.7153655 1.0000000 0.0000000 1.0000000
2.7163254 1.0000000 0.0000000 1.0000000
2.7163722 1.0000000 0.4480842 1.0000000
2.7163800 1.0000000 0.0000000 1.0000000
2.7168740 1.0000000 0.5674655 1.0000000
2.7171270 1.0000000 0.0000000 1.0000000
2.7175141 1.0000000 0.5442536 1.0000000
2.7184304 1.0000000 0.7433007 1.0000000
2.7184937 1.0000000 0.7948206 1.0000000
2.7193118 1.0000000 0.7065171 1.0000000
2.7196987 1.0000000 0.6776542 1.0000000
2.7203882 1.0000000 0.0000000 1.0000000
2.7215963 1.0000000 0.6819420 1.0000000
2.7226229 1.0000000 0.5510786 1.0000000
2.7228856 1.0000000 0.7990339 1.0000000
2.7229124 1.0000000 0.0000000 1.0000000
2.7235332 1.0000000 0.8150071 1.0000000
2.7248634 1.0000000 0.0000000 1.0000000
2.7263733 1.0000000 0.0000000 1.0000000
2.7267309 1.0000000 0.4818548 1.0000000
2.7275637 1.0000000 0.7407104 1.0000000
2.7289974 1.0000000 0.6004356 1.0000000
2.7297505 1.0000000 0.6134286 1.0000000
2.7303438 1.0000000 0.0000000 1.0000000
2.7305996 1.0000000 0.6655535 1.0000000
2.7308979 1.0000000 0.5398321 1.0000000
2.7314834 1.0000000 0.7092074 1.0000000
2.7316321 1.0000000 0.0000000 1.0000000
2.7317293 1.0000000 0.0000000 1.0000000
2.7318294 1.0000000 0.0000000 1.0000000
2.7318839 1.0000000 0.6459652 1.0000000
2.7327384 1.0000000 0.6437146 1.0000000
2.7329326 1.0000000 0.6871687 1.0000000
2.7332311 1.0000000 0.8413912 1.0000000
2.7338243 1.0000000 0.6368488 1.0000000
2.7338847 1.0000000 0.0000000 1.0000000
2.7345946 1.0000000 0.0000000 1.0000000
2.7360891 1.0000000 0.5334396 1.0000000
2.7374385 1.0000000 0.6210377 1.0000000
2.7377127 1.0000000 0.4480726 1.0000000
2.7385370 1.0000000 0.7100733 1.0000000
2.7388279 1.0000000 0.0000000 1.0000000
2.7390981 1.0000000 0.7081166 1.0000000
2.7398388 1.0000000 0.0000000 1.0000000
2.7403183 1.0000000 0.6699610 1.0000000
2.7415459 1.0000000 0.6266308 1.0000000
2.7423861 1.0000000 0.7922093 1.0000000
2.7433442 1.0000000 0.0000000 1.0000000
2.7436176 1.0000000 0.8015824 1.0000000
2.7439363 1.0000000 0.0000000 1.0000000
2.7440770 1.0000000 0.8308367 1.0000000
2.7442613 1.0000000 0.0000000 1.0000000
2.7443238 1.0000000 0.5565456 1.0000000
2.7445111 1.0000000 0.5447137 1.0000000
2.7449202 1.0000000 0.7509213 1.0000000
2.7455575 1.0000000 0.8028162 1.0000000
2.7465026 1.0000000 0.4114422 1.0000000
2.7469744 1.0000000 0.0000000 1.0000000
2.7475818 1.0000000 0.0000000 1.0000000
2.7483392 1.0000000 0.6361546 1.0000000
2.7486767 1.0000000 0.0000000 1.0000000
2.7488775 1.0000000 0.6117773 1.0000000
2.7490419 1.0000000 0.8871730 1.0000000
2.7492011 1.0000000 0.5947028 1.0000000
2.7492461 1.0000000 0.5543513 1.0000000
2.7494290 1.0000000 0.7885145 1.0000000
2.7495053 1.0000000 0.0000000 1.0000000
2.7501042 1.0000000 0.6803945 1.0000000
2.7508336 1.0000000 0.0000000 1.0000000
2.7509131 1.0000000 0.7123214 1.0000000
2.7510444 1.0000000 0.6823266 1.0000000
2.7513400 1.0000000 0.6594108 1.0000000
2.7521754 1.0000000 0.5807183 1.0000000
2.7531294 1.0000000 0.0000000 1.0000000
2.7536148 1.0000000 0.0000000 1.0000000
2.7547796 1.0000000 0.5512608 1.0000000
2.7548131 1.0000000 0.5994005 1.0000000
2.7564819 1.0000000 0.0000000 1.0000000
2.7566242 1.0000000 0.7845525 1.0000000
2.7566283 1.0000000 0.0000000 1.0000000
2.7571965 1.0000000 0.0000000 1.0000000
2.7573176 1.0000000 0.5692870 1.0000000
2.7577301 1.0000000 0.0000000 1.0000000
2.7583654 1.0000000 0.7712290 1.0000000
2.7584481 1.0000000 0.6513626 1.0000000
2.7585213 1.0000000 0.0000000 1.0000000
2.7587274 1.0000000 0.5526349 1.0000000
2.7596787 1.0000000 0.0000000 1.0000000
2.7607851 1.0000000 0.7155667 1.0000000
2.7610022 1.0000000 0.0000000 1.0000000
2.7618305 1.0000000 0.0000000 1.0000000
2.7625078 1.0000000 0.0000000 1.0000000
2.7625604 1.0000000 0.0000000 1.0000000
2.7626521 1.0000000 0.0000000 1.0000000
2.7629521 1.0000000 0.0000000 1.0000000
2.7630204 1.0000000 0.0000000 1.0000000
2.7632143 1.0000000 0.0000000 1.0000000
2.7640028 1.0000000 0.5437145 1.0000000
2.7641704 1.0000000 0.7860159 1.0000000
2.7644359 1.0000000 0.0000000 1.0000000
2.7645761 1.0000000 0.0000000 1.0000000
2.7668679 1.0000000 0.0000000 1.0000000
2.7691077 1.0000000 0.0000000 1.0000000
2.7692880 1.0000000 0.0000000 1.0000000
2.7698001 1.0000000 0.7132536 1.0000000
2.7703712 1.0000000 0.6897322 1.0000000
2.7714623 1.0000000 0.7261737 1.0000000
2.7716613 1.0000000 0.4870427 1.0000000
2.7722803 1.0000000 0.0000000 1.0000000
2.7746007 1.0000000 0.6101709 1.0000000
2.7746472 1.0000000 0.7052655 1.0000000
2.7747322 1.0000000 0.6491068 1.0000000
2.7755142 1.0000000 0.6928663 1.0000000
2.7755862 1.0000000 0.0000000 1.0000000
2.7759463 1.0000000 0.0000000 1.0000000
2.7769618 1.0000000 0.6582530 1.0000000
2.7771867 1.0000000 0.6488256 1.0000000
2.7771883 1.0000000 0.7873844 1.0000000
2.7783472 1.0000000 0.6359183 1.0000000
2.7787525 1.0000000 0.0000000 1.0000000
2.7804270 1.0000000 0.6683226 1.0000000
2.7806997 1.0000000 0.0000000 1.0000000
2.7810310 1.0000000 0.7140756 1.0000000
2.7813643 1.0000000 0.6984695 1.0000000
2.7818904 1.0000000 0.4874135 1.0000000
2.7820929 1.0000000 0.4198064 1.0000000
2.7823237 1.0000000 0.7567395 1.0000000
2.7824171 1.0000000 0.0000000 1.0000000
2.7824177 1.0000000 0.6096831 1.0000000
2.7824253 1.0000000 0.0000000 1.0000000
2.7835493 1.0000000 0.5429890 1.0000000
2.7836096 1.0000000 0.5377636 1.0000000
2.7845117 1.0000000 0.0000000 1.0000000
2.7875181 1.0000000 0.5356412 1.0000000
2.7882301 1.0000000 1.0013302 1.0000000
2.7902491 1.0000000 0.0000000 1.0000000
2.7903378 1.0000000 0.0000000 1.0000000
2.7903474 1.0000000 0.5980564 1.0000000
2.7903992 1.0000000 0.0000000 1.0000000
2.7905611 1.0000000 0.3094094 1.0000000
2.7906074 1.0000000 0.4455081 1.0000000
2.7911487 1.0000000 0.7010411 1.0000000
2.7922639 1.0000000 0.6630812 1.0000000
2.7925355 1.0000000 0.7532504 1.0000000
2.7927417 1.0000000 0.0000000 1.0000000
2.7927682 1.0000000 0.0000000 1.0000000
2.7934247 1.0000000 0.6786841 1.0000000
2.7939641 1.0000000 0.3844808 1.0000000
2.7941505 1.0000000 0.0000000 1.0000000
2.7943853 1.0000000 0.7440488 1.0000000
2.7943982 1.0000000 0.0000000 1.0000000
2.7947868 1.0000000 0.7311301 1.0000000
2.7951723 1.0000000 0.0000000 1.0000000
2.7957924 1.0000000 0.7077139 1.0000000
2.7959137 1.0000000 0.7031934 1.0000000
2.7960165 1.0000000 0.5567249 1.0000000
2.7960858 1.0000000 0.6907465 1.0000000
2.7964539 1.0000000 0.0000000 1.0000000
2.7971484 1.0000000 0.0000000 1.0000000
2.7981291 1.0000000 0.0000000 1.0000000
2.7981407 1.0000000 0.6666392 1.0000000
2.7987904 1.0000000 0.6656626 1.0000000
2.7991680 1.0000000 0.0000000 1.0000000
2.7992000 1.0000000 0.6430327 1.0000000
2.7998941 1.0000000 0.7136030 1.0000000
2.8000082 1.0000000 0.0000000 1.0000000
2.8009717 1.0000000 0.6085921 1.0000000
2.8018357 1.0000000 0.6578651 1.0000000
2.8020321 1.0000000 0.0000000 1.0000000
2.8022184 1.0000000 0.8109971 1.0000000
2.8024612 1.0000000 0.0000000 1.0000000
2.8045828 1.0000000 0.0000000 1.0000000
2.8054993 1.0000000 0.4667687 1.0000000
2.8058462 1.0000000 0.7186716 1.0000000
2.8062030 1.0000000 0.5436851 1.0000000
2.8067664 1.0000000 0.5404429 1.0000000
2.8082350 1.0000000 0.0000000 1.0000000
2.8082952 1.0000000 0.0000000 1.0000000
2.8101540 1.0000000 0.0000000 1.0000000
2.8103205 1.0000000 0.0000000 1.0000000
2.8109180 1.0000000 0.4718644 1.0000000
2.8121450 1.0000000 0.4756060 1.0000000
2.8126164 1.0000000 0.0000000 1.0000000
2.8127095 1.0000000 0.7009493 1.0000000
2.8127296 1.0000000 0.5713776 1.0000000
2.8127457 1.0000000 0.0000000 1.0000000
2.8132629 1.0000000 0.0000000 1.0000000
2.8134154 1.0000000 0.0000000 1.0000000
2.8140158 1.0000000 0.5693762 1.0000000
2.8143484 1.0000000 0.6146461 1.0000000
2.8146946 1.0000000 0.5591487 1.0000000
2.8147814 1.0000000 0.0000000 1.0000000
2.8151893 1.0000000 0.0000000 1.0000000
2.8153135 1.0000000 0.5001254 1.0000000
2.8160565 1.0000000 0.7011395 1.0000000
2.8161634 1.0000000 0.0000000 1.0000000
2.8165119 1.0000000 0.0000000 1.0000000
2.8165220 1.0000000 0.5268264 1.0000000
2.8167420 1.0000000 0.6364467 1.0000000
2.8169068 1.0000000 0.4986762 1.0000000
2.8171379 1.0000000 0.8033115 1.0000000
2.8172029 1.0000000 0.6760226 1.0000000
2.8172768 1.0000000 0.9155550 1.0000000
2.8176165 1.0000000 0.6577156 1.0000000
2.8176788 1.0000000 0.0000000 1.0000000
2.8177365 1.0000000 0.0000000 1.0000000
2.8179797 1.0000000 0.0000000 1.0000000
2.8184021 1.0000000 0.0000000 1.0000000
2.8185982 1.0000000 0.0000000 1.0000000
2.8189848 1.0000000 0.0000000 1.0000000
2.8191205 1.0000000 0.0000000 1.0000000
2.8196674 1.0000000 0.7250199 1.0000000
2.8205215 1.0000000 0.0000000 1.0000000
2.8206702 1.0000000 0.0000000 1.0000000
2.8217243 1.0000000 0.7081491 1.0000000
2.8217392 1.0000000 0.6982572 1.0000000
2.8224426 1.0000000 0.0000000 1.0000000
2.8233097 1.0000000 0.6370859 1.0000000
2.8239697 1.0000000 0.0000000 1.0000000
2.8243785 1.0000000 0.0000000 1.0000000
2.8247632 1.0000000 0.6045763 1.0000000
2.8249557 1.0000000 0.6305966 1.0000000
2.8250353 1.0000000 0.0000000 1.0000000
2.8251220 1.0000000 0.6180773 1.0000000
2.8258351 1.0000000 0.6056088 1.0000000
2.8269245 1.0000000 0.4933855 1.0000000
2.8271642 1.0000000 0.0000000 1.0000000
2.8273331 1.0000000 0.0000000 1.0000000
2.8274801 1.0000000 0.8197914 1.0000000
2.8278665 1.0000000 0.4952196 1.0000000
2.8279350 1.0000000 0.7243363 1.0000000
2.8281066 1.0000000 0.0000000 1.0000000
2.8281614 1.0000000 0.0000000 1.0000000
2.8284124 1.0000000 0.6045650 1.0000000
2.8284736 1.0000000 0.0000000 1.0000000
2.8290844 1.0000000 0.0000000 1.0000000
2.8296314 1.0000000 0.6750422 1.0000000
2.8297251 1.0000000 0.5908674 1.0000000
2.8318225 1.0000000 0.5937069 1.0000000
2.8322905 1.0000000 0.6743607 1.0000000
2.8326972 1.0000000 0.0000000 1.0000000
2.8330499 1.0000000 0.6562251 1.0000000
2.8337104 1.0000000 0.0000000 1.0000000
2.8340702 1.0000000 0.0000000 1.0000000
2.8360035 1.0000000 0.0000000 1.0000000
2.8361853 1.0000000 0.0000000 1.0000000
2.8374690 1.0000000 0.0000000 1.0000000
2.8380946 1.0000000 0.6230051 1.0000000
2.8383274 1.0000000 0.0000000 1.0000000
2.8389942 1.0000000 0.0000000 1.0000000
2.8402594 1.0000000 0.0000000 1.0000000
2.8405754 1.0000000 0.0000000 1.0000000
2.8407799 1.0000000 0.5726364 1.0000000
2.8409686 1.0000000 0.6354770 1.0000000
2.8409847 1.0000000 0.5982851 1.0000000
2.8416791 1.0000000 0.0000000 1.0000000
2.8424257 1.0000000 0.0000000 1.0000000
2.8427616 1.0000000 0.0000000 1.0000000
2.8429180 1.0000000 0.8257062 1.0000000
2.8435932 1.0000000 0.8085357 1.0000000
2.8439619 1.0000000 0.4763597 1.0000000
2.8444939 1.0000000 0.0000000 1.0000000
2.8445154 1.0000000 0.4240816 1.0000000
2.8447981 1.0000000 0.6723277 1.0000000
2.8452282 1.0000000 0.0000000 1.0000000
2.8459449 1.0000000 0.0000000 1.0000000
2.8459844 1.0000000 0.0000000 1.0000000
2.8471133 1.0000000 0.6333630 1.0000000
2.8471687 1.0000000 0.7045697 1.0000000
2.8478333 1.0000000 0.0000000 1.0000000
2.8478670 1.0000000 0.5665386 1.0000000
2.8483234 1.0000000 0.0000000 1.0000000
2.8494750 1.0000000 0.0000000 1.0000000
2.8508806 1.0000000 0.0000000 1.0000000
2.8511120 1.0000000 0.6116769 1.0000000
2.8515107 1.0000000 0.7364852 1.0000000
2.8520353 1.0000000 0.5191652 1.0000000
2.8521093 1.0000000 0.0000000 1.0000000
2.8522788 1.0000000 0.0000000 1.0000000
2.8538426 1.0000000 0.0000000 1.0000000
2.8553644 1.0000000 0.5069913 1.0000000
2.8553821 1.0000000 0.5255661 1.0000000
2.8555879 1.0000000 0.6569995 1.0000000
2.8557979 1.0000000 0.0000000 1.0000000
2.8559925 1.0000000 0.0000000 1.0000000
2.8577383 1.0000000 0.0000000 1.0000000
2.8586377 1.0000000 0.0000000 1.0000000
2.8588942 1.0000000 0.5165323 1.0000000
2.8598039 1.0000000 0.6323275 1.0000000
2.8606265 1.0000000 0.5756244 1.0000000
2.8609541 1.0000000 0.0000000 1.0000000
2.8611878 1.0000000 0.5502722 1.0000000
2.8613432 1.0000000 0.0000000 1.0000000
2.8614287 1.0000000 0.7177112 1.0000000
2.8619468 1.0000000 0.0000000 1.0000000
2.8620384 1.0000000 0.6802120 1.0000000
2.8622132 1.0000000 0.6662807 1.0000000
2.8627255 1.0000000 0.0000000 1.0000000
2.8629273 1.0000000 0.0000000 1.0000000
2.8630372 1.0000000 0.0000000 1.0000000
2.8643596 1.0000000 0.0000000 1.0000000
2.8651160 1.0000000 0.0000000 1.0000000
2.8672818 1.0000000 0.5055091 1.0000000
2.8675716 1.0000000 0.8360842 1.0000000
2.8679851 1.0000000 0.5445966 1.0000000
2.8680298 1.0000000 0.7062469 1.0000000
2.8687492 1.0000000 0.0000000 1.0000000
2.8692553 1.0000000 0.5813379 1.0000000
2.8701019 1.0000000 0.6562531 1.0000000
2.8718326 1.0000000 0.0000000 1.0000000
2.8728464 1.0000000 0.6516034 1.0000000
2.8729528 1.0000000 0.7771387 1.0000000
2.8732634 1.0000000 0.0000000 1.0000000
2.8741211 1.0000000 0.5558747 1.0000000
2.8742615 1.0000000 0.0000000 1.0000000
2.8751995 1.0000000 0.0000000 1.0000000
2.8771695 1.0000000 0.6833647 1.0000000
2.8772060 1.0000000 0.0000000 1.0000000
2.8776329 1.0000000 0.6103446 1.0000000
2.8781142 1.0000000 0.5584887 1.0000000
2.8786543 1.0000000 0.0000000 1.0000000
2.8787176 1.0000000 0.5765261 1.0000000
2.8788470 1.0000000 0.6141871 1.0000000
2.8795898 1.0000000 0.6515362 1.0000000
2.8802383 1.0000000 0.6475611 1.0000000
2.8804259 1.0000000 0.6719680 1.0000000
2.8808867 1.0000000 0.5332355 1.0000000
2.8810468 1.0000000 0.5207079 1.0000000
2.8814687 1.0000000 0.5511630 1.0000000
2.8817603 1.0000000 0.0000000 1.0000000
2.8833707 1.0000000 0.7415514 1.0000000
2.8834160 1.0000000 0.0000000 1.0000000
2.8837072 1.0000000 0.5702356 1.0000000
2.8842235 1.0000000 0.5844744 1.0000000
2.8846001 1.0000000 0.0000000 1.0000000
2.8846003 1.0000000 0.0000000 1.0000000
2.8850912 1.0000000 0.5327377 1.0000000
2.8852245 1.0000000 0.0000000 1.0000000
2.8855218 1.0000000 0.0000000 1.0000000
2.8855869 1.0000000 0.0000000 1.0000000
2.8856358 1.0000000 0.0000000 1.0000000
2.8861751 1.0000000 0.5243206 1.0000000
2.8870917 1.0000000 0.5729260 1.0000000
2.8876390 1.0000000 0.0000000 1.0000000
2.8882238 1.0000000 0.0000000 1.0000000
2.8885755 1.0000000 0.0000000 1.0000000
2.8886419 1.0000000 0.4583991 1.0000000
2.8893929 1.0000000 0.4878496 1.0000000
2.8900555 1.0000000 0.0000000 1.0000000
2.8918251 1.0000000 0.5401762 1.0000000
2.8923910 1.0000000 0.0000000 1.0000000
2.8928819 1.0000000 0.6275917 1.0000000
2.8937358 1.0000000 0.0000000 1.0000000
2.8941802 1.0000000 0.0000000 1.0000000
2.8950067 1.0000000 0.6808945 1.0000000
2.8954678 1.0000000 0.0000000 1.0000000
2.8956932 1.0000000 0.0000000 1.0000000
2.8961648 1.0000000 0.6559142 1.0000000
2.8962000 1.0000000 0.0000000 1.0000000
2.8976663 1.0000000 0.0000000 1.0000000
2.8984666 1.0000000 0.5600570 1.0000000
2.8998932 1.0000000 0.0000000 1.0000000
2.8999289 1.0000000 0.0000000 1.0000000
2.9001904 1.0000000 0.0000000 1.0000000
2.9002874 1.0000000 0.0000000 1.0000000
2.9017549 1.0000000 0.0000000 1.0000000
2.9027066 1.0000000 0.0000000 1.0000000
2.9027507 1.0000000 0.7201104 1.0000000
2.9038868 1.0000000 0.0000000 1.0000000
2.9041623 1.0000000 0.4144296 1.0000000
2.9043057 1.0000000 0.0000000 1.0000000
2.9045506 1.0000000 0.0000000 1.0000000
2.9046362 1.0000000 0.0000000 1.0000000
2.9049155 1.0000000 0.6600229 1.0000000
2.9053036 1.0000000 0.4863896 1.0000000
2.9063332 1.0000000 0.0000000 1.0000000
2.9087430 1.0000000 0.6020141 1.0000000
2.9098564 1.0000000 0.0000000 1.0000000
2.9110453 1.0000000 0.5335994 1.0000000
2.9114575 1.0000000 0.0000000 1.0000000
2.9119583 1.0000000 0.0000000 1.0000000
2.9123958 1.0000000 0.0000000 1.0000000
2.9142772 1.0000000 0.6707092 1.0000000
2.9147680 1.0000000 0.7675206 1.0000000
2.9151249 1.0000000 0.0000000 1.0000000
2.9155661 1.0000000 0.0000000 1.0000000
2.9157422 1.0000000 0.0000000 1.0000000
2.9157538 1.0000000 0.4770404 1.0000000
2.9158217 1.0000000 0.0000000 1.0000000
2.9158821 1.0000000 0.0000000 1.0000000
2.9160143 1.0000000 0.0000000 1.0000000
2.9174384 1.0000000 0.0000000 1.0000000
2.9190243 1.0000000 0.0000000 1.0000000
2.9198311 1.0000000 0.6380261 1.0000000
2.9204035 1.0000000 0.5730513 1.0000000
2.9208147 1.0000000 0.7131158 1.0000000
2.9209044 1.0000000 0.4969156 1.0000000
2.9215476 1.0000000 0.0000000 1.0000000
2.9217520 1.0000000 0.0000000 1.0000000
2.9219144 1.0000000 0.0000000 1.0000000
2.9220305 1.0000000 0.0000000 1.0000000
2.9228406 1.0000000 0.0000000 1.0000000
2.9230823 1.0000000 0.5091559 1.0000000
2.9236546 1.0000000 0.6605453 1.0000000
2.9237230 1.0000000 0.5349805 1.0000000
2.9240923 1.0000000 0.0000000 1.0000000
2.9243307 1.0000000 0.0000000 1.0000000
2.9246253 1.0000000 0.0000000 1.0000000
2.9251613 1.0000000 0.5703988 1.0000000
2.9252388 1.0000000 0.5448409 1.0000000
2.9252795 1.0000000 0.0000000 1.0000000
2.9254696 1.0000000 0.0000000 1.0000000
2.9263715 1.0000000 0.6172291 1.0000000
2.9264685 1.0000000 0.4638618 1.0000000
2.9271489 1.0000000 0.0000000 1.0000000
2.9276774 1.0000000 0.0000000 1.0000000
2.9285302 1.0000000 0.0000000 1.0000000
2.9287694 1.0000000 0.3393872 1.0000000
2.9288856 1.0000000 0.5861592 1.0000000
2.9292734 1.0000000 0.0000000 1.0000000
2.9296150 1.0000000 0.5569296 1.0000000
2.9296719 1.0000000 0.0000000 1.0000000
2.9316030 1.0000000 0.5601293 1.0000000
2.9316878 1.0000000 0.0000000 1.0000000
2.9320696 1.0000000 0.8558966 1.0000000
2.9320796 1.0000000 0.0000000 1.0000000
2.9333194 1.0000000 0.0000000 1.0000000
2.9341201 1.0000000 0.0000000 1.0000000
2.9355023 1.0000000 0.6802008 1.0000000
2.9356257 1.0000000 0.0000000 1.0000000
2.9358085 1.0000000 0.0000000 1.0000000
2.9359799 1.0000000 0.0000000 1.0000000
2.9362331 1.0000000 0.8186840 1.0000000
2.9364567 1.0000000 0.0000000 1.0000000
2.9364817 1.0000000 0.5440468 1.0000000
2.9365686 1.0000000 0.5584215 1.0000000
2.9369262 1.0000000 0.0000000 1.0000000
2.9370980 1.0000000 0.4380283 1.0000000
2.9371250 1.0000000 0.0000000 1.0000000
2.9385940 1.0000000 0.5885207 1.0000000
2.9390950 1.0000000 0.7027089 1.0000000
2.9391841 1.0000000 0.0000000 1.0000000
2.9402783 1.0000000 0.6488286 1.0000000
2.9411066 1.0000000 0.0000000 1.0000000
2.9418224 1.0000000 0.0000000 1.0000000
2.9420297 1.0000000 0.0000000 1.0000000
2.9421418 1.0000000 0.6508448 1.0000000
2.9424960 1.0000000 0.5651305 1.0000000
2.9427889 1.0000000 0.5974418 1.0000000
2.9429668 1.0000000 0.0000000 1.0000000
2.9436733 1.0000000 0.5217794 1.0000000
2.9438925 1.0000000 0.0000000 1.0000000
2.9451698 1.0000000 0.0000000 1.0000000
2.9458031 1.0000000 0.0000000 1.0000000
2.9465536 1.0000000 0.7001717 1.0000000
2.9474555 1.0000000 0.6112619 1.0000000
2.9483301 1.0000000 0.5066238 1.0000000
2.9496002 1.0000000 0.8943441 1.0000000
2.9512625 1.0000000 0.0000000 1.0000000
2.9517478 1.0000000 0.6931506 1.0000000
2.9518709 1.0000000 0.0000000 1.0000000
2.9543144 1.0000000 0.6118336 1.0000000
2.9543290 1.0000000 0.0000000 1.0000000
2.9546023 1.0000000 0.0000000 1.0000000
2.9546535 1.0000000 0.6674117 1.0000000
2.9547443 1.0000000 0.7005319 1.0000000
2.9552833 1.0000000 0.0000000 1.0000000
2.9558380 1.0000000 0.7425717 1.0000000
2.9567880 1.0000000 0.0000000 1.0000000
2.9569083 1.0000000 0.4641662 1.0000000
2.9579620 1.0000000 0.0000000 1.0000000
2.9579902 1.0000000 0.5644819 1.0000000
2.9580384 1.0000000 0.0000000 1.0000000
2.9584535 1.0000000 0.7393089 1.0000000
2.9586889 1.0000000 0.6832464 1.0000000
2.9589705 1.0000000 0.0000000 1.0000000
2.9592056 1.0000000 0.6912408 1.0000000
2.9602695 1.0000000 0.0000000 1.0000000
2.9611228 1.0000000 0.0000000 1.0000000
2.9612902 1.0000000 0.0000000 1.0000000
2.9618604 1.0000000 0.5549171 1.0000000
2.9623513 1.0000000 0.5936285 1.0000000
2.9624732 1.0000000 0.0000000 1.0000000
2.9628528 1.0000000 0.0000000 1.0000000
2.9645098 1.0000000 0.0000000 1.0000000
2.9645672 1.0000000 0.5893187 1.0000000
2.9647560 1.0000000 0.0000000 1.0000000
2.9654483 1.0000000 0.0000000 1.0000000
2.9656953 1.0000000 0.5833411 1.0000000
2.9660274 1.0000000 0.0000000 1.0000000
2.9661898 1.0000000 0.6480238 1.0000000
2.9662178 1.0000000 0.7651485 1.0000000
2.9664379 1.0000000 0.5098706 1.0000000
2.9676934 1.0000000 0.0000000 1.0000000
2.9681029 1.0000000 0.5396589 1.0000000
2.9681918 1.0000000 0.6753251 1.0000000
2.9683644 1.0000000 0.0000000 1.0000000
2.9689399 1.0000000 0.6175501 1.0000000
2.9700403 1.0000000 0.6470852 1.0000000
2.9704436 1.0000000 0.0000000 1.0000000
2.9736511 1.0000000 0.5524548 1.0000000
2.9737187 1.0000000 0.0000000 1.0000000
2.9738906 1.0000000 0.0000000 1.0000000
2.9751227 1.0000000 0.0000000 1.0000000
2.9752822 1.0000000 0.5005436 1.0000000
2.9755533 1.0000000 0.0000000 1.0000000
2.9772678 1.0000000 0.0000000 1.0000000
2.9776569 1.0000000 0.0000000 1.0000000
2.9786723 1.0000000 0.6018924 1.0000000
2.9786830 1.0000000 0.0000000 1.0000000
2.9788486 1.0000000 0.0000000 1.0000000
2.9795967 1.0000000 0.3871892 1.0000000
2.9801072 1.0000000 0.0000000 1.0000000
2.9807048 1.0000000 0.4974588 1.0000000
2.9814299 1.0000000 0.0000000 1.0000000
2.9816305 1.0000000 0.0000000 1.0000000
2.9822475 1.0000000 0.6579219 1.0000000
2.9823944 1.0000000 0.5418962 1.0000000
2.9826797 1.0000000 0.0000000 1.0000000
2.9834614 1.0000000 0.7371611 1.0000000
2.9836275 1.0000000 0.0000000 1.0000000
2.9839792 1.0000000 0.6250587 1.0000000
2.9840248 1.0000000 0.0000000 1.0000000
2.9845682 1.0000000 0.0000000 1.0000000
2.9850281 1.0000000 0.0000000 1.0000000
2.9850299 1.0000000 0.0000000 1.0000000
2.9861527 1.0000000 0.4570668 1.0000000
2.9868509 1.0000000 0.0000000 1.0000000
2.9875580 1.0000000 0.6007818 1.0000000
2.9877592 1.0000000 0.5286023 1.0000000
2.9879533 1.0000000 0.0000000 1.0000000
2.9882423 1.0000000 0.0000000 1.0000000
2.9887009 1.0000000 0.0000000 1.0000000
2.9887888 1.0000000 0.5076805 1.0000000
2.9891879 1.0000000 0.0000000 1.0000000
2.9899124 1.0000000 0.3505702 1.0000000
2.9901121 1.0000000 0.0000000 1.0000000
2.9904515 1.0000000 0.6212935 1.0000000
2.9912137 1.0000000 0.0000000 1.0000000
2.9916130 1.0000000 0.6723565 1.0000000
2.9918613 1.0000000 0.0000000 1.0000000
2.9924904 1.0000000 0.0000000 1.0000000
2.9927663 1.0000000 0.0000000 1.0000000
2.9927872 1.0000000 0.6131295 1.0000000
2.9927946 1.0000000 0.7947964 1.0000000
2.9934500 1.0000000 0.0000000 1.0000000
2.9935407 1.0000000 0.0000000 1.0000000
2.9940971 1.0000000 0.9828930 1.0000000
2.9945867 1.0000000 0.5706725 1.0000000
2.9948068 1.0000000 0.0000000 1.0000000
2.9951086 1.0000000 0.7212641 1.0000000
2.9954229 1.0000000 0.0000000 1.0000000
2.9964389 1.0000000 0.5834952 1.0000000
2.9972458 1.0000000 0.0000000 1.0000000
2.9977279 1.0000000 0.0000000 1.0000000
2.9985719 1.0000000 0.0000000 1.0000000
2.9997504 1.0000000 0.0000000 1.0000000
